# ************************************************************
# Sequel Pro SQL dump
# Version 4096
#
# http://www.sequelpro.com/
# http://code.google.com/p/sequel-pro/
#
# Host: localhost (MySQL 5.5.9)
# Database: renal
# Generation Time: 2013-05-30 01:58:53 +0000
# ************************************************************


/*!40101 SET @OLD_CHARACTER_SET_CLIENT=@@CHARACTER_SET_CLIENT */;
/*!40101 SET @OLD_CHARACTER_SET_RESULTS=@@CHARACTER_SET_RESULTS */;
/*!40101 SET @OLD_COLLATION_CONNECTION=@@COLLATION_CONNECTION */;
/*!40101 SET NAMES utf8 */;
/*!40014 SET @OLD_FOREIGN_KEY_CHECKS=@@FOREIGN_KEY_CHECKS, FOREIGN_KEY_CHECKS=0 */;
/*!40101 SET @OLD_SQL_MODE=@@SQL_MODE, SQL_MODE='NO_AUTO_VALUE_ON_ZERO' */;
/*!40111 SET @OLD_SQL_NOTES=@@SQL_NOTES, SQL_NOTES=0 */;


# Dump of table address
# ------------------------------------------------------------

DROP TABLE IF EXISTS `address`;

CREATE TABLE `address` (
  `address_id` int(11) NOT NULL AUTO_INCREMENT,
  `address1` varchar(60) DEFAULT NULL,
  `address2` varchar(60) DEFAULT NULL,
  `city` varchar(30) DEFAULT NULL,
  `state_id` int(2) DEFAULT NULL,
  `zip` int(15) DEFAULT NULL,
  PRIMARY KEY (`address_id`)
) ENGINE=InnoDB DEFAULT CHARSET=latin1;

LOCK TABLES `address` WRITE;
/*!40000 ALTER TABLE `address` DISABLE KEYS */;

INSERT INTO `address` (`address_id`, `address1`, `address2`, `city`, `state_id`, `zip`)
VALUES
	(1,'5130 s. massasoit ave','','chicago',14,60638),
	(2,'3828 huntingdon drive','','minnetonka',24,55305),
	(3,'9 Hillside Lane','','New Hyde Park',33,11040),
	(4,'46 High St','','Pepperell',22,1463),
	(5,'8954 Meadowmont View Drive','','Charlotte',34,28269),
	(6,'3368 shore parkway','7a','Brooklyn',33,11235),
	(7,'1249 S. State Hwy MM','','Springfield',26,65802),
	(8,'1202 Shirley Lane','','Midland',44,79705),
	(9,'1202 Shirley Lane','','Midland',44,79705),
	(10,'\'Before Dawn\' Apt #2','Tribe Road #6','Warwick',0,0),
	(11,'7012 Hawaii Kai Dr. #803','','Honolulu',12,96825),
	(12,'3189 Cleveland St','','Hollywood',10,33021),
	(13,'34504 Saint Martins St.','','Livonia ',23,48152),
	(14,'6655 N. Canyon Crest Dr.','#23104','Tucson',3,85750),
	(15,'4195 Porte De Merano','Unit 117','San Diego',5,92122),
	(16,'11484 E. Reidsburg Road','','Clarion',39,16214),
	(17,'3490 B Kalihi Street','','Honolulu',12,96819),
	(18,'22 Grande Avenue','','Elysburg',39,17824),
	(19,'17470 27 Mile','','Ray',23,48096),
	(20,'21167 N. 20th Street','','Barrington',14,60010),
	(21,'5 Stone Mill Court','','Egg Harbor Township',31,8234),
	(22,'5 Stone Mill Court','','Egg Harbor Township',31,8234),
	(23,'607 High Street, B','','San Luis Obispo',5,93401),
	(24,'607 High Street, B','','San Luis Obispo',5,93401),
	(25,'17051 Ocotilla Road','','Apple Valley',5,92307),
	(26,'17051 Ocotilla Road','','Apple Valley',5,92307),
	(27,'7304 Hampton Manor Place','','Springfield',47,22150),
	(28,'7304 Hampton Manor Place','','Springfield',47,22150),
	(29,'700 Sammon Ave','','Toronto',0,0),
	(30,'700 sammon ave','','Toronto',0,0),
	(31,'3820 Wayne Dr','','Knoxville',43,37914),
	(32,'1030 W. Highway 11E','','New Market',43,37820),
	(33,'1948 Harvard','','Berkley',23,48072),
	(34,'1948 harvard','','berkley',23,48072),
	(35,'427 Blue Ridge Drive','Apt#H120','Martinez',11,30907),
	(36,'1120 15th Street','BA-1565','Augusta',11,30912),
	(37,'3816 w 74th st','','prairie village',17,66208),
	(38,'3816 w 74th st','','prairie village',17,66208),
	(39,'95 W 95th St','Apt 32E','New York',33,10025),
	(40,'95 W 95th St','Apt 32E','New York',33,10025),
	(41,'144 Crestwood Drive Apt 8','','Daly City',5,94015),
	(42,'144 Crestwood Drive Apt 8','','Daly City',5,94015),
	(43,'2401 South 31st Street','Transplant Surgery clinic 5A','Temple',44,76508),
	(44,'2401 South 31st Street','Transplant Surgery clinic 5A','Temple',44,76508),
	(45,'457 Central St','','Avon',22,2322),
	(46,'PO Box 735','','Stoughton',22,2072),
	(47,'4778 Raspberry Place','','San Jose',5,95129),
	(48,'123 Main St','','New City',14,60600),
	(49,'123 Main ST','','New City',14,60600),
	(50,'2846 McGill Blvd','','San Angelo',44,76905),
	(51,'2846 McGill Blvd','','San Angelo',44,76905),
	(52,'123 Main St','','New City',14,60600),
	(53,'4563 Borina Drive','','San Jose',5,95129),
	(54,'7194 Key Haven Rd. Apt. 201','','Seminole',10,33777),
	(55,'7194 Key Haven Rd. Apt. 201','','Seminole',10,33777),
	(56,'299 Blue Sage Drive','','Allentown',39,18104),
	(57,'299 Blue Sage Drive','','Allentown',39,18104),
	(58,'123 Main Street','','San Diego',5,92009),
	(59,'123 Main Street','','San Diego',5,92009),
	(60,'123 Main Street','','San Diego',5,92009),
	(61,'123 Main Street','','San Diego',5,92009),
	(62,'110 Hinojosa Circle','','Rio Grande City',44,78582),
	(63,'110 Hinojosa Circle','','Rio Grande City',44,78582),
	(64,'1202 Shirley Lane','','Midland',44,79705),
	(65,'1202 Shirley Lane','','Midland',44,79705),
	(66,'7900 Alderwood Place','','Plano',44,75025),
	(67,'7900 Alderwood Place','','Plano',44,75025),
	(68,'16400 Mill Creek Rd','','Pflugerville',44,78660),
	(69,'16400 Mill Creek Rd','','Pflugerville',44,78660),
	(70,'10488 Leo Mizell Rd','','Bogalusa',19,70427),
	(71,'10488 Leo Mizell Rd','','Bogalusa',19,70427),
	(72,'PO Box 3117','','Stamford',7,6905),
	(73,'600 E. 233rd St','','Bronx',33,10466),
	(74,'1693 Wingspan Way','','Winter Springs',10,32708),
	(75,'1693 Wingspan Way','','Winter Springs',10,32708),
	(76,'3905 NE 57th Terrace','','Gladstone',26,64119),
	(77,'DAVita Northland ','2750 Clay Edwards Drive; Ste 100','North Kansas City',26,64116),
	(78,'209 Danbury Dr','','Buffalo',33,14225),
	(79,'6010 Main St','','Williamsville',33,14221),
	(80,'737 Quince lane','','Secane',39,19018),
	(81,'2910 South 70th Street','','Philadelphia',39,19142),
	(82,'box 428','','wilton',35,58579),
	(83,'Box 5510','900 E Broadway','Bismarck',35,59506),
	(84,'1214 Red Roan Lane','','Loveland',36,45140),
	(85,'1214 Red Roan Lane','','Loveland',36,45140),
	(86,'5622 Marine Parkway, Suite 14','',' New Port Richey',10,34652),
	(87,'6629 Thoroughbred Loop','','Odessa',10,33556),
	(88,'9 Hillside Lane','','New Hyde Park',33,11040),
	(89,'183 Fernridge Court','','Madison Heights',47,24572),
	(90,'407 Federal Street ','','Lynchburg',47,24504),
	(91,'24 Baileys Court','','Silver Spring',21,20906),
	(92,'24 Baileys Court','','Silver Spring',21,20906),
	(93,'1500 Shaw Ave','','Milford',16,51351),
	(94,'1200 1st Ave East','','Spencer',16,51301),
	(95,'5601 NW 72nd Street','Suite 232','Warr Acres',37,73132),
	(96,'5601 NW 72nd Street','Suite 232','Warr Acres',37,73132),
	(97,'3121 Lake Mar Lane','','Orlando',10,32806),
	(98,'203 Ernestine Street','','Orlando',10,32801),
	(99,'6288 Willow Springs Drive','','Morrison',6,80465),
	(100,'5265 Vance Street ','','Arvada',6,80002),
	(101,'416 Connable','','Petoskey',23,49770),
	(102,'416 Connable Ave','','Petoskey',23,49770),
	(103,'1423 Chicago Road','Food and Nutrition Services','Chicago Heights',14,60411),
	(104,'1423 Chicago Road','Dietary Department','Chicago Heights',14,60411),
	(105,'3500 B Weeping Willow Drive','','Lynchburg',47,24501),
	(106,'701 5th Street, Suite 102','','Altavista',47,24517),
	(107,'6030 Castle Road ','','Vicksburg',25,39180),
	(108,'6030 Castle Road ','','Vicksburg',25,39180),
	(109,'9 Hillside Lane','','New Hyde Park',33,11040),
	(110,'9 Hillside Lane','','New Hyde Park',33,11040),
	(111,'110 Hinojosa Circle','','Rio Grande City',44,78582),
	(112,'110 Hinojosa Circle','','Rio Grande City',44,78582),
	(113,'6911 NW 47th Terrace','','Gainesville',10,32653),
	(114,'6500 Newberry Road','','Gainesville',10,32653),
	(115,'8954 Meadowmont View Drive','','Charlotte',34,28269),
	(116,'Levine Childrens Specialty Center','1001 Blythe Blvd. Suite 200, C','Charlotte',34,28203),
	(117,'34504 Saint Martins St.','','Livonia ',23,48152),
	(118,'368 Hawthorne Street','','Brooklyn',33,11225),
	(119,'368 Hawthorne  street','','Brooklyn, NY',33,11225),
	(120,'29139 Ave 176','','Porterville',5,93257),
	(121,'5040 W Tulare Ave','','Visalia',5,93277),
	(122,'6231 Kingsley Dr. ','','Indianapolis ',15,46220),
	(123,'6231 Kingsley Dr. ','','Indianapolis ',15,46220),
	(124,'981 Calvary Street','','Mount Calvary',50,53057),
	(125,'981 Calvary Street','','Mount Calvary',50,53057),
	(126,'115 Ferris Drive','','North Prairie',50,53153),
	(127,'525 Handeyside Lane','c/o Fort Atkinson Dialysis Center','Fort Atkinson',50,53538),
	(128,'6030 Castle Road ','','Vicksburg',25,39180),
	(129,'6030 Castle Road ','','Vicksburg',25,39180),
	(130,'9 Hillside Lane','','New Hyde Park',33,11040),
	(131,'6288 Willow Springs Drive','','Morrison',6,80465),
	(132,'5265 Vance Street ','','Arvada',6,80002),
	(133,'1423 Chicago Road','Food and Nutrition Services','Chicago Heights',14,60411),
	(134,'1423 Chicago Road','Dietary Department','Chicago Heights',14,60411),
	(135,'416 Connable','','Petoskey',23,49770),
	(136,'416 Connable Ave','','Petoskey',23,49770),
	(137,'3500 B Weeping Willow Drive','','Lynchburg',47,24501),
	(138,'701 5th Street, Suite 102','','Altavista',47,24517),
	(139,'1703 Foxfire Road','','Fallbrook',5,92028),
	(140,'1703 Foxfire Road','','Fallbrook',5,92028),
	(141,'239 Lexington Blvd','#26','Clark',31,7066),
	(142,'239 Lexington Blvd','#26','Clark',31,7066),
	(143,'4652 State Route 31','Unit 2','Vernon',33,13476),
	(144,'4652 State Route 31','Unit 2','Vernon',33,13476),
	(145,'2613 N. Burling St.','Apt. 1F','Chicago',14,60614),
	(146,'7301 N. Lincoln Ave. ','Suite 205','Lincolnwood',14,60712),
	(147,'pmb 166 ppp box 10000','','Saipan',54,96950),
	(148,'PMB 166 PPP Box 10000','','Saipan',54,96950),
	(149,'368 Hawthorne Street','','Brooklyn',33,11225),
	(150,'368 Hawthorne  street','','Brooklyn, NY',33,11225),
	(151,'140 Kirkland Road','','Easton',39,18040),
	(152,'140 Kirkland Road','','Easton',39,18040),
	(153,'422 S Madison','','San Angelo',44,76901),
	(154,'422 S Madison','','San Angelo',44,76901),
	(155,'#23 Colony Village','','Nassau',0,0),
	(156,'Betty K Agencies','','Nassau',0,0),
	(157,'#23 Colony Village','','Nassau',0,0),
	(158,'Betty K Agencies','','Nassau',0,0),
	(159,'#23 Colony Village','','Nassau',0,0),
	(160,'Betty K Agencies','','Nassau',0,0),
	(161,'3414 TURF RD','','OCEANSIDE',33,11572),
	(162,'3414 turf road','','oceanside',33,11572),
	(163,'4652 State Route 31','Unit 2','Vernon',33,13476),
	(164,'4652 State Route 31','Unit 2','Vernon',33,13476),
	(165,'40 West 4th Street','Suite 2101','Dayton',36,45402),
	(166,'2222 Philadelphia Drive','','Dayton',36,45406),
	(167,'24 Lynn Dr','','Coventry',40,2816),
	(168,'One Rhody drive','','Westerly',40,2891),
	(169,'3414 TURF RD','','OCEANSIDE',33,11572),
	(170,'3414 turf road','','oceanside',33,11572),
	(171,'21042 E Arrow Hwy #114','','Covina',5,91724),
	(172,'222 W Fir St Apt B4','','Brea',5,92821),
	(173,'278 Oradell Ave','','Paramus',31,7652),
	(174,'278 Oradell Ave','','Paramus',31,7652),
	(175,'200 23rd Avenue','','San Mateo',5,94403),
	(176,'200 23rd Avenue','','San Mateo',5,94403),
	(177,'709 Troy Dr','','Carroll',16,51401),
	(178,'709 Troy Dr','','Carroll',16,51401),
	(179,'7711 Collection River Drive, Apt 6302','','Raleigh',34,27617),
	(180,'7711 Collection River Drive, Apt 6302','','Raleigh',34,27617),
	(181,'825 N Division Ave','','Urbana',14,61801),
	(182,'825 N Division Ave','','Urbana',14,61801),
	(183,'1087 Dennison Avenue','','Columbus',36,43201),
	(184,'1087 Dennison Avenue','','Columbus',36,43220),
	(185,'23 Longstreet Road','','Manalapan',31,7726),
	(186,'23 Longstreet Road','','Manalapan',31,7726),
	(187,'PO Box 321','','Neotsu',38,97364),
	(188,'po Box 321','','Neotsu',38,97364),
	(189,'225 S. 18th St. ','apt. 1618','Philadelphia',39,19103),
	(190,'225 S. 18th St. ','apt. 1618','Philadelphia',39,19103),
	(191,'PO BOx 164','','Coonamble',0,2829),
	(192,'PO BOx 164','','Coonamble',0,2829),
	(193,'232 E. Walnut Street','','Hinsdale',14,60521),
	(194,'232 E. Walnut Street','','Hinsdale',14,60521),
	(195,'5885 Shelby Oakes Drive','Room 214','Memphis',43,38134),
	(196,'5885 Shelby Oakes Drive','Room 214','Memphis',43,38134),
	(197,'314 Speyside Lane','','Apopka',10,32712),
	(198,'Orlando Health South Seminole','555 West State Rd 434','Longwood',10,32750),
	(199,'134 Baltic Circle','','Tampa',10,33606),
	(200,'134 Baltic Circle','','Tampa',10,33606),
	(201,'100 Park Street','','Glens Falls ',33,12801),
	(202,'Nutrtition Services','100 Park Street','Glens Falls',33,12801),
	(203,'3368 shore parkway','7a','Brooklyn',33,11235),
	(204,'28 Greenfield Rd.','','Montgomery',14,60538),
	(205,'28 Greenfield Rd.','','Montgomery',14,60538),
	(206,'517 Regal Blvd','','Livingston',31,7039),
	(207,'94 Old Short Hills Road','East Wing- Third Floor','Livingston',31,7039),
	(208,'28 Greenfield Rd.','','Montgomery',14,60538),
	(209,'28 Greenfield Rd.','','Montgomery',14,60538),
	(210,'5622 Marine Parkway, Suite 14','',' New Port Richey',10,34652),
	(211,'6629 Thoroughbred Loop','','Odessa',10,33556),
	(212,'2605 Crooks Rd','','Royal Oak',23,48073),
	(213,'2605 Crooks Rd','','Royal Oak',23,48073),
	(214,'3011 Appalachian Drive','','Columbia',26,65203),
	(215,'3011 Appalachian Drive','','Columbia',26,65203),
	(216,'214 Surrey Ave','','Northfield',31,8225),
	(217,'214 Surrey Ave','','Northfield',31,8225),
	(218,'1542 Webb Street','','Albany',11,31721),
	(219,'1542 Webb Street','','Albany',11,31721),
	(220,'8612 Sundoro PL NW','','Albuquerque',32,87120),
	(221,'8612 Sundoro PL NW','','Albuquerque',32,87120),
	(222,'110 Hinojosa Circle','','Rio Grande City',44,78582),
	(223,'110 Hinojosa Circle','','Rio Grande City',44,78582),
	(224,'110 Hinojosa Circle','','Rio Grande City',44,78582),
	(225,'110 Hinojosa Circle','','Rio Grande City',44,78582),
	(226,'110 Hinojosa Circle','','Rio Grande City',44,78582),
	(227,'110 Hinojosa Circle','','Rio Grande City',44,78582),
	(228,'110 Hinojosa Circle','','Rio Grande City',44,78582),
	(229,'110 Hinojosa Circle','','Rio Grande City',44,78582),
	(230,'1816 Seddon Road','','Richmond',47,23227),
	(231,'1816 Seddon Road','','Richmond',47,23227),
	(232,'1816 Seddon Road','','Richmond',47,23227),
	(233,'1816 Seddon Road','','Richmond',47,23227),
	(234,'7404 eisenhower dr apartment 6','','boardman ',36,44512),
	(235,'7404 eisenhower dr apartment 6','','boardman ',36,44512),
	(236,'14 orchid lane','','commack',33,11725),
	(237,'14 orchid lane','','commack',33,11725),
	(238,'143 Kennington St ','','Staten Island ',33,10308),
	(239,'143 Kennington St ','','Staten Island ',33,10308),
	(240,'9315 Windsor Lane NE','Apt 202','Olympia',48,98516),
	(241,'9315 Windsor Lane NE','Apt 202','Olympia',48,98516),
	(242,'2451 LCR 786','','Groesbeck',44,76642),
	(243,'2451 LCR 786','','Groesbeck',44,76642),
	(244,'366 Arabian Way','','Healdsburg',5,95448),
	(245,'366 Arabian Way','','Healdsburg',5,95448),
	(246,'2404 Willow Brook Drive NE','','Warren',36,44483),
	(247,'2404 Willow Brook Drive NE','','Warren',36,44483),
	(248,'1703 Foxfire Road','','Fallbrook',5,92028),
	(249,'1703 Foxfire Road','','Fallbrook',5,92028),
	(250,'Nutrition & Dietetics Dept (Basement 1) Khoo Teck Puat Hospi','','Singapore',0,768828),
	(251,'Nutrition & Dietetics Dept (Basement 1) Khoo Teck Puat Hospi','','Singapore',0,768828),
	(252,'11484 E. Reidsburg Road','','Clarion',39,16214),
	(253,'11704 sorrel run nw','','gig harbor',48,98332),
	(254,'11704 sorrel run nw','','gig harbor',48,98332),
	(255,'400 South Santa Fe','','Salina',17,67401),
	(256,'400 South Santa Fe','','Salina',17,67401),
	(257,'1970 Roanoke Boulevard','','Salem',47,24153),
	(258,'1970 Roanoke Boulevard','','Salem',47,24153),
	(259,'31 River Ct','Apt 2910','Jersey City',31,7310),
	(260,'31 River Ct','Apt 2910','Jersey City',31,7310),
	(261,'28637 Cantebury Way','','Highland',5,92346),
	(262,'28637 Cantebury Way','','Highland',5,92346),
	(263,'4403 Pine Breeze','','Kingwood',44,77345),
	(264,'4403 Pine Breeze','','Kingwood',44,77345),
	(265,'3121 Lake Mar Lane','','Orlando',10,32806),
	(266,'203 Ernestine Street','','Orlando',10,32801),
	(267,'737 Quince lane','','Secane',39,19018),
	(268,'2910 South 70th Street','','Philadelphia',39,19142),
	(269,'1717 So \"J\" St.','','Tacoma',48,98401),
	(270,'1717 So \"J\" St','','Tacoma',48,98401),
	(271,'UTMC, Clinical Nutrition','3000 Arlington, Mail Stop 1062','Toledo',36,43610),
	(272,'2562 Scottwood Ave','','Toledo',36,43610),
	(273,'7 Withams Rd','','Newark',8,19711),
	(274,'7 Withams Rd','','Newark',8,19711),
	(275,'7 Withams Rd','','Newark',8,19711),
	(276,'7 Withams Rd','','Newark',8,19711),
	(277,'354 Santa Fe Drive ','Food and Nutrition Services','Encinitas ',5,92024),
	(278,'354 Santa Fe Drive ','Food and Nutrition Services','Encinitas ',5,92024),
	(279,'10102 Road I 9','','Ottawa',36,45875),
	(280,'10102 Road I 9','','Ottawa',36,45875),
	(281,'10247 Lower Kaubashine Rd.','','Hazelhurst',50,54531),
	(282,'9601 Townline Rd.','','Minocqua',50,54548),
	(283,'24 Morse Ave','','Wilmington',22,1887),
	(284,'24 Morse Ave','','Wilmington',22,1887),
	(285,'box 428','','wilton',35,58579),
	(286,'Box 5510','900 E Broadway','Bismarck',35,59506),
	(287,'box 428','','wilton',35,58579),
	(288,'Box 5510','900 E Broadway','Bismarck',35,59506),
	(289,'1158 Alder Ln','','Bartlett',14,60103),
	(290,'1158 Alder Ln','','Bartlett',14,60103),
	(291,'2156 Evergreen Ave','','Sea Girt',31,8750),
	(292,'2156 Evergreen Ave','','Sea Girt',31,8750),
	(293,'PO Box 3604','','Incline Village',29,89450),
	(294,'601 Sierra Rose Drive ','Suite 101','Reno',29,89511),
	(295,'368 Hawthorne Street','','Brooklyn',33,11225),
	(296,'368 Hawthorne  street','','Brooklyn, NY',33,11225),
	(297,'21325 North 39th Way','','Phoenix',3,85050),
	(298,'1901 TATE SPRINGS ROAD','','LYNCHBURG',47,24501),
	(299,'1901 TATE SPRINGS ROAD','','LYNCHBURG',47,24501),
	(300,'187 Calle Magdalena Suite 105','','Encinitas',5,92078),
	(301,'21325 North 39th Way','','Phoenix',3,85050),
	(302,'10102 Road I 9','','Ottawa',36,45875),
	(303,'10102 Road I 9','','Ottawa',36,45875),
	(304,'1414 Kuhl Avenue','MP # 11','Orlando',10,32806),
	(305,'1414 Kuhl Avenue','','Orlando',10,32806),
	(306,'2474 I Road','','Grand Junction',6,81505),
	(307,'2474 I Road','','Grand Junction',6,81505),
	(308,'3321 DAYSTONE ARCH','','CHESAPEAKE',47,23323),
	(309,'638 INDEPENDENCE PKWY, SUITE 240','','CHESAPEAKE',47,23320),
	(310,'400 Austin Street','','Richmond',44,77469),
	(311,'2474 I Road','','Grand Junction',6,81505),
	(312,'2474 I Road','','Grand Junction',6,81505),
	(313,'2605 Crooks Rd','','Royal Oak',23,48073),
	(314,'2605 Crooks Rd','','Royal Oak',23,48073),
	(315,'7051 Foster Rd','','Downers Grove',14,60516),
	(316,'7051 Foster Rd','','Downers Grove',14,60516),
	(317,'112 Cannon Ridge Dr','','Brandon',25,39042),
	(318,'112 Cannon Ridge Dr','','Brandon',25,39042),
	(319,'368 Hawthorne Street','','Brooklyn',33,11225),
	(320,'368 Hawthorne  street','','Brooklyn, NY',33,11225),
	(321,'3121 Lake Mar Lane','','Orlando',10,32806),
	(322,'203 Ernestine Street','','Orlando',10,32801),
	(323,'3752 E. Sudbury Ct','','Bellbrook',36,45305),
	(324,'3752 E. Sudbury Ct','','Bellbrook',36,45305),
	(325,'21167 N. 20th Street','','Barrington',14,60010),
	(326,'2060 S. La Merced Way','','Palm Springs',5,92264),
	(327,'2060 S. La Merced Way','','Palm Springs',5,92264),
	(328,'2060 S. La Merced Way','','Palm Springs',5,92264),
	(329,'2060 S. La Merced Way','','Palm Springs',5,92264),
	(330,'29249 437 avenue','','Menno',42,57045),
	(331,'29249 437 avenue','','Menno',42,57045),
	(332,'107 NE Augusta Square','','McAllen',44,78503),
	(333,'107 NE Augusta Square','','McAllen',44,78503),
	(334,'18 Teller Drive','','Ashland',22,1721),
	(335,'18 Teller Drive','','Ashland',22,1721),
	(336,'117 Liscom Rd','','Maryville',43,37804),
	(337,'3734 Martin Mill Pike','','Knoxville',43,37920),
	(338,'1018 Compass cove Circle','','Spring',44,77379),
	(339,'1018 Compass cove Circle','','Spring',44,77379),
	(340,'10315 Laredo Dr','','Austin',44,78748),
	(341,'10315 Laredo Drive','','Austin',44,78748),
	(342,'718 Apine Drive','','Canonsburg',39,15317),
	(343,'718 Apine Drive','','Canonsburg',39,15317),
	(344,'108 Satsuma Dr.','','Crossville',43,38555),
	(345,'108 Satsuma Dr.','','Crossville',43,38555),
	(346,'2605 Crooks Rd','','Royal Oak',23,48073),
	(347,'2605 Crooks Rd','','Royal Oak',23,48073),
	(348,'1249 S. State Hwy MM','','Springfield',26,65802),
	(349,'745 Ecton RD','','Akron',36,44303),
	(350,'525 East Market st','','Akron',36,44304),
	(351,'2855 N Damen Ave','','Chicago',14,60618),
	(352,'2855 N Damen Ave','','Chicago',14,60618),
	(353,'619 Sherwood Dr.','','Marion',47,24354),
	(354,'619 Sherwood Dr.','','Marion',47,24354),
	(355,'342 Wilson Road','','Danville',47,24541),
	(356,'251 West Kings Hwy.','','Eden',34,27288),
	(357,'299 Plaza Dr','','Monroe',11,30655),
	(358,'299 Plaza Dr','','Monroe',11,30655),
	(359,'10338 N 1750 East Road','','Bloomington',14,61705),
	(360,'2401 East Washington St','Suite 300C','Bloomington',14,61704),
	(361,'280 Cagney Lane','Apt 301','Newport Beach',5,92663),
	(362,'280 Cagney Lane','Apt 301','Newport Beach',5,92663),
	(363,'9137 Dr. Korczak Terrace','','Skokie',14,60076),
	(364,'9137 Dr. Korczak Terrace','','Skokie',14,60076),
	(365,'6358-G So. 80th E Ave','','Tulsa',37,74133),
	(366,'6358-G So. 80th E Ave','','Tulsa',37,74133),
	(367,'9 Hillside Lane','','New Hyde Park',33,11040),
	(368,'9 Hillside Lane','','New Hyde Park',33,11040),
	(369,'5 middle st','','winthrop',20,4364),
	(370,'5 middle st','','winthrop',20,4364),
	(371,'3004 Knollwood Lane','','Glenview',14,60025),
	(372,'3004 Knollwood Lane','','Glenview',14,60025),
	(373,'11484 E. Reidsburg Road','','Clarion',39,16214),
	(374,'3429 Garnet Mine Rd','','Garnet Valley',39,19060),
	(375,'3429 Garnet Mine Rd','','Garnet Valley',39,19060),
	(376,'1660 Deerwood Dr.','','Ukiah',5,95482),
	(377,'1660 Deerwood Dr.','','Ukiah',5,95482),
	(378,'368 Hawthorne Street','','Brooklyn',33,11225),
	(379,'368 Hawthorne  street','','Brooklyn, NY',33,11225),
	(380,'Apt 505 10125 109 street','','edmonton',0,0),
	(381,'Apt 505 10125 109 street','','edmonton',0,0),
	(382,'Apt 505 10125 109 street','','edmonton',0,0),
	(383,'Apt 505 10125 109 street','','edmonton',0,0),
	(384,'box 428','','wilton',35,58579),
	(385,'Box 5510','900 E Broadway','Bismarck',35,59506),
	(386,'14830 N. Eldridge Parkway','','Houston',44,77070),
	(387,'6411 Fannin','','Houston',44,77070),
	(388,'1811 Valley Lane','','Sunderland',21,20689),
	(389,'1811 Valley Lane','','Sunderland',21,20689),
	(390,'13924 Marquesas Way apt. 2317','','Marina del Rey',5,90292),
	(391,'13924 Marquesas Way apt. 2317','','Marina del Rey',5,90292),
	(392,'2 E. Long Creek CT','','Simpsonville',41,29680),
	(393,'2 E. Long Creek CT','','Simpsonville',41,29680),
	(394,'18526 94th Ave E','','Puyallup',48,98375),
	(395,'18526 94th Ave E','','Puyallup',48,98375),
	(396,'24 Canning Street','','Council Bluffs',16,51503),
	(397,'24 Canning Street','','Council Bluffs',16,51503),
	(398,'1710 Borbeck Ave.2nd Floor','','Philadelphia',39,19111),
	(399,'1710 Borbeck Ave.2nd Floor','','Philadelphia',39,19111),
	(400,'323 Riverboat Dr. SW','','Adairsville',11,30103),
	(401,'323 Riverboat Dr. SW','','Adairsville',11,30103),
	(402,'29249 437 avenue','','Menno',42,57045),
	(403,'29249 437 avenue','','Menno',42,57045),
	(404,'28 Kim Drive','','Bourbonnais',14,60914),
	(405,'455 W. Court Street Suite 400','','Kankakee',14,60901),
	(406,'2311 Candle Light Court','','Helmetta',31,8828),
	(407,'2311 Candle Light Court','','Helmetta',31,8828),
	(408,'805 19th Ave NE','','Watertown',42,57201),
	(409,'401 9th Ave NW','','Watertown',42,57201),
	(410,'440 S Summit Ave','','Villa Park',14,60181),
	(411,'440 S Summit Ave','','Villa Park',14,60181),
	(412,'3631 Philmar Dr','','Toledo',36,43623),
	(413,'2142 N. Cove Blvd','','Toledo',36,43606),
	(414,'4308 56th','','Lubbock',44,79413),
	(415,'1607 West Loop 289','','Lubbock',44,79416),
	(416,'3207 Foutz Road','','Farmington',32,87401),
	(417,'801 W. Broadway','','Farmington',32,87401),
	(418,'508 Washington St','','Boonton',31,7005),
	(419,'508 Washington St','','Boonton',31,7005),
	(420,'1839 Oliver Avenue, #1','','Valley Stream',33,11580),
	(421,'1839 Oliver Avenue, #1','','Valley Stream',33,11580),
	(422,'9831 NW 15th Court','','Pembroke Pines',10,33024),
	(423,'9831 NW 15th Court','','Pembroke Pines',10,33024),
	(424,'406 Perry St. ','','Eagle Lake ',24,56024),
	(425,'406 Perry St. ','','Eagle Lake ',24,56024),
	(426,'808 Wildflower Lane','','Sauk Rapids',24,56379),
	(427,'4801 Veteran\'s Ave','','St. Cloud ',24,56303),
	(428,'421 Oaklawn Ave','','Lafayette',19,70506),
	(429,'421 Oaklawn Ave','','Lafayette',19,70506),
	(430,'6557 Club Lane','','West Chester',36,45069),
	(431,'6557 Club Lane','','West Chester',36,45069),
	(432,'21167 N. 20th Street','','Barrington',14,60010),
	(433,'6515 Honey Hill','','San Antonio',44,78229),
	(434,'6515 Honey Hill','','San Antonio',44,78229),
	(435,'1700 raquel road','','edmond',37,73003),
	(436,'1700 raquel road','','edmond',37,73003),
	(437,'20 Spruce Ct','','Schererville',15,46375),
	(438,'20 Spruce Ct','','Schererville',15,46375),
	(439,'3354 State Route 1748 E ','','Mayfield ',18,42066),
	(440,'3354 State Route 1748 E ','','Mayfield ',18,42066),
	(441,'5258 milton rd','','carlsbad',5,92008),
	(442,'5258 Milton Rd. ','','Carlsbad',5,92008),
	(443,'1121 Mendocino Way','','Redlands',5,92374),
	(444,'1121 Mendocino Way','','Redlands',5,92374),
	(445,'3806 bardwell pl','','greensboro',34,27410),
	(446,'3325 garden rd','','burlington',34,27215),
	(447,'3828 huntingdon drive','','minnetonka',24,55305),
	(448,'3080 WEST COURT','','MILLBROOK',1,36054),
	(449,'544 S. MCDONOUGH ST.','','MONTGOMERY',1,36104),
	(450,'4600 Hale Pkwy ste 120','','Denver',6,80220),
	(451,'4600 Hale Pkwy ste 120','','Denver',6,80220),
	(452,'6602 Kelsey Point Circle ','','Alexandria',47,22315),
	(453,'6602 Kelsey Point Circle ','','Alexandria',47,22315),
	(454,'825 N Division Ave','','Urbana',14,61801),
	(455,'825 N Division Ave','','Urbana',14,61801),
	(456,'712 Clarion Drive ','','Torrance ',5,90502),
	(457,'712 Clarion Drive ','','Torrance ',5,90502),
	(458,'1247 Big Bear lane','','Eagle River',50,54521),
	(459,'1247 Big Bear lane','','Eagle River',50,54521),
	(460,'105 N. Emmons Street','','St. Johns',23,48879),
	(461,'105 N. Emmons Street','','St. Johns',23,48879),
	(462,'12 Sunrise Lane','','Stillwater',33,12170),
	(463,'12 Sunrise Lane','','Stillwater',33,0),
	(464,'2624 11 Mile Road','','Berkley',23,48072),
	(465,'2624 11 Mile Road','','Berkley',23,48072),
	(466,'7536 Olili Place','','Honolulu',12,96825),
	(467,'7536 Olili Place','','Honolulu',12,96825),
	(468,'22 Claremont lane','','Suffern',33,10901),
	(469,'22 Claremont lane','','Suffern',33,10901),
	(470,'2543 Aimee Dr','','Montgomery',1,36106),
	(471,'2543 Aimee Dr','','Montgomery',1,36106),
	(472,'357 South Old Wood Court','','Vernon Hills',14,60061),
	(473,'357 South Old Wood Court','','Vernon Hills',14,60061),
	(474,'8 Kimball Farm Lane','','York',20,3909),
	(475,'8 Kimball Farm Lane','','York',20,3909),
	(476,'545 E Dawn Drive','','Freeland',23,48623),
	(477,'545 E Dawn Drive','','Freeland',23,48623),
	(478,'1500 Shaw Ave','','Milford',16,51351),
	(479,'1200 1st Ave East','','Spencer',16,51301),
	(480,'18608 Poplar Ave','','Homewood',14,60430),
	(481,'18608  Poplar','','Homewood',14,60430),
	(482,'326 South Ingram Street','','Pulaski',43,38478),
	(483,'326 South Ingram Street','','Pulaski',43,38478),
	(484,'10226 Rutland Round road','','columbia',21,21044),
	(485,'10226 Rutland Round road','','columbia',21,21044),
	(486,'608 Tally Road','','Lexington',18,40502),
	(487,'608 Tally Road','','Lexington',18,40502),
	(488,'PO Box 9482','','Tacoma',48,98490),
	(489,'Po Box 9482 ','','Tacoma',48,98490),
	(490,'1436 Tintern Lane ','','St Augustine',10,32092),
	(491,'1436 Tintern Lane','','St Augustine ',10,32092),
	(492,'705 Windy Way','','Signal Mountain',43,37377),
	(493,'705 Windy Way','','Signal Mountain',43,37377),
	(494,'304 West DuBois Ave','','DuBois',39,15801),
	(495,'635 D Maple Ave','','DuBois',39,15801),
	(496,'140 E 3250 N','','North Ogden',45,84414),
	(497,'2132 N. 1700 W. Suite 120','','Layton',45,84041),
	(498,'3006 Green Fields Dr','','Sugar Land',44,77479),
	(499,'1447 Hwy 6, Ste 140','','Sugar Land',44,77478),
	(500,'1331 Chateau Common','','Livermore',5,94550),
	(501,'1331 Chateau Common','','Livermore',5,94550),
	(502,'6806 Huff Trail','','Dallas',44,75214),
	(503,'6806 Huff Trail','','Dallas',44,75214),
	(504,'100 Thomas Dr. #208','','Mankato',24,56001),
	(505,'100 Thomas Dr. #208','','Mankato',24,56001),
	(506,'5525 Patrician Way','','Winnemucca',29,89445),
	(507,'5525 Patrician Way','','Winnemucca',29,89445),
	(508,'8180 W. 4th Avenue Apartment O-101','','Kennewick',48,99336),
	(509,'510 N. Colorado Ste. B ','','Kennewick',48,99336),
	(510,'913 North Pointe Dr NW','','Albany',38,97321),
	(511,'913 North Pointe Dr NW','','Albany',38,97321),
	(512,'5833 Morning Field Place','','St. Louis ',26,63128),
	(513,'5833 Morning Field Place','','St. Louis',26,63128),
	(514,'208 Terra Springs Circle','','Volo',14,60020),
	(515,'208 Terra Springs Circle','','Volo',14,60020),
	(516,'1814 Elliott Avenue NW','','Olympia',48,98502),
	(517,'1814 Elliott Avenue NW','','Olympia',48,98502),
	(518,'3189 Cleveland St','','Hollywood',10,33021),
	(519,'107 Brewery Road','','New City',33,10956),
	(520,'107 Brewery Road','','New City',33,10956),
	(521,'P.O. Box 507','','Lead Hill',4,72644),
	(522,'101 Skaggs Road, Suite 301','','Branson',26,65616),
	(523,'2473 sw-177 terrace','','Miramar',10,33029),
	(524,'2473 sw-177 terrace','','Miramar',10,33029),
	(525,'5617 Hollow Creek Lane','','Jonesboro',4,72404),
	(526,'5617 Hollow Creek Lane','','Jonesboro',4,72404),
	(527,'9474 Highland Ave','','Cincinnati',36,45242),
	(528,'9474 Highland Ave','','Cincinnati',36,45242),
	(529,'PO Box 109','','Mattapoisett',22,2739),
	(530,'PO Box 109','7 Upland Way','Mattapoisett',22,2739),
	(531,'3230 Beals Branch Rd','','Louisville',18,40206),
	(532,'3230 Beals Branch Rd','','Louisville',18,40206),
	(533,'1932 Prospector Ridge Drive','','Ballwin',26,63011),
	(534,'1932 Prospector Ridge Drive','','Ballwin',26,63011),
	(535,'6655 N. Canyon Crest Dr.','#23104','Tucson',3,85750),
	(536,'34504 St. Martins St. ','','Livonia',23,48152),
	(537,'34504 St. Martins St. ','','Livonia',23,48152),
	(538,'260 Center St','','Old Town',20,4468),
	(539,'260 Center Street','','Old Town',20,4468),
	(540,'2253 Jade Pl NE','','Rochester',24,55906),
	(541,'2253 Jade Pl NE','','Rochester',24,55906),
	(542,'269 Chester Turnpike','','Candia',30,3034),
	(543,'269 Chester Turnpike','','Candia',30,3034),
	(544,'595 rabbit ridge ct','','reno',29,89511),
	(545,'778 Basque Way','','Carson city',29,89706),
	(546,'3030 Lawnridge St SW','','Albany',38,97321),
	(547,'440 Lancaster Dr NE','','Salem',38,97301),
	(548,'845 brook street ','','elgin',14,60120),
	(549,'1425 North Randall road','','elgin',14,60123),
	(550,'55 Shore Line Drive','','Lynchburg',47,24501),
	(551,'55 Shore Line Drive','','Lynchburg',47,24501),
	(552,'5402 15th Place','','Hyattsville',21,20782),
	(553,'Department of Nutritional Sciences, Annex 1','Howard University, 516 Bryant Street, NW','Washington',9,20782),
	(554,'20111 century blvd','','germantown',21,20874),
	(555,'20111 Century Blvd','','Germantown',21,20874),
	(556,'PO Box 204175','','Augusta',11,30917),
	(557,'267 High Chaparral Dr','','Martinez',11,30907),
	(558,'120 Linebrook Rd','','Ipswich',22,1938),
	(559,'120 Linebrook Rd','','Ipswich',0,0),
	(560,'po box 1417 ','','hayward',50,54843),
	(561,'11105W Arrow Road','','Hayward',50,54843),
	(562,'415 Machelle Drivee','','Cary',14,60013),
	(563,'415 Machelle Drivee','','Cary',14,60013),
	(564,'7012 Hawaii Kai Dr. #803','','Honolulu',12,96825),
	(565,'3490 B Kalihi Street','','Honolulu',12,96819),
	(566,'8735 Kentwood Court','','Darien',14,60561),
	(567,'8735 Kentwood Court','','Darien',14,60561),
	(568,'22 Grande Avenue','','Elysburg',39,17824),
	(569,'128 S. Hickory Ave.','','Bartlett',14,60103),
	(570,'128 S. Hickory Ave.','','Bartlett',14,60103),
	(571,'128 S. Hickory Ave.','','Bartlett',14,60103),
	(572,'128 S. Hickory Ave.','','Bartlett',14,60103),
	(573,'5080 Knight Rd','','Kingsley',23,49646),
	(574,'415 Second St','Kalkaska Dialysis Center','Kalkaska',23,49646),
	(575,'5080 Knight Rd','','Kingsley',23,49646),
	(576,'415 Second St','Kalkaska Dialysis Center','Kalkaska',23,49646),
	(577,'5080 Knight Rd','','Kingsley',23,49646),
	(578,'415 Second St','Kalkaska Dialysis Center','Kalkaska',23,49646),
	(579,'4859 Willow Ridge Dr','','Hamilton',36,45011),
	(580,'7625 University Ct','','West Chester',36,45069),
	(581,'415 N 1st Street','','Aberdeen',42,57401),
	(582,'17267 West 3rd Street','','Redfield',42,57469),
	(583,'35191 W 201st. ST S','','Bristow',37,74010),
	(584,'1515 N Harvard','','Tulsa',37,74115),
	(585,'4413 Cabot Drive','','Grand Prairie',44,75052),
	(586,'4413 Cabot Drive','','Grand Prairie',44,75052),
	(587,'762 W. Madison St.','','Gibsonburg',36,43431),
	(588,'762 W. Madison St.','','Gibsonburg',36,43431),
	(589,'28444 Danvers Ct','','Farmington Hills',23,48334),
	(590,'28444 Danvers Ct','','Farmington Hilld',23,48334),
	(591,'807 fatherland street','','nashville',43,37206),
	(592,'807 fatherland street','','nashville',43,37206),
	(593,'4195 Porte De Merano','Unit 117','San Diego',5,92122),
	(594,'1695 Colony Heights Rd','','Goode',47,24556),
	(595,'103 Clifton Street','','Lynchburg',47,24556),
	(596,'1120 NE 170th St','','North Miami Beach',10,33162),
	(597,'1120 NE 170th St','','North Miami Beach',10,33162),
	(598,'200 Diers Rd NW','','Albuquerque',32,87114),
	(599,'200 Diers Rd NW','','Albuquerque',32,87114),
	(600,'14397 Barnes Drive','','Detroit Lakes',24,56501),
	(601,'1027 Washington Avenue','','Detroit Lakes',24,56501),
	(602,'701 Bobbin Mill Rd','','Media',39,19063),
	(603,'701 Bobbin Mill Rd','','Media',39,19063),
	(604,'255 Nice Court','','Redwood City',5,94065),
	(605,'255 Nice Court','','Redwood City',5,94065),
	(606,'2957 Elliott Road','','Sherman',44,75092),
	(607,'2957 Elliott Road','','Sherman',44,75092),
	(608,'8 Weston Ct','','Jackson',31,8527),
	(609,'8 Weston Ct','','Jackson',31,8527),
	(610,'1400 Blackberry Drive','','Fairbanks',2,99712),
	(611,'1863 Airport Way','','Fairbanks',2,99701),
	(612,'1676 Sunset Ave','','Utica',33,13502),
	(613,'1676 Sunset Ave','','Utica',33,13502),
	(614,'2801 Lai Rd., M-1','','Honolulu',12,96816),
	(615,'2801 Lai Rd., M-1','','Honolulu',12,96816),
	(616,'3006 Green Fields Dr','','Sugar Land',44,77479),
	(617,'1447 Hwy 6, Ste 140','','Sugar Land',44,77478),
	(618,'911 Harvard Street','','Inverness',10,34452),
	(619,'911 Harvard Street','','Inverness',10,34452),
	(620,'3006 Green Fields Dr','','Sugar Land',44,77479),
	(621,'1447 Hwy 6, Ste 140','','Sugar Land',44,77478),
	(622,'34 Livermore Avenue','','Staten Island',33,10302),
	(623,'34 Livermore Avenue','','Staten Island',33,10302),
	(624,'1348 sw cottonwood cove','','port st lucie',10,34986),
	(625,'1348 sw cottonwood cove','','port st lucie',10,34986),
	(626,'604 N Vernon','','Dearborn',23,48128),
	(627,'604 N Vernon','','Dearborn',23,48128),
	(628,'617 Indian Ridge Rd','','Louisville',18,40207),
	(629,'617 Indian Ridge Rd','','Louisville',18,40207),
	(630,'617 Indian Ridge Rd','','Louisville',18,40207),
	(631,'617 Indian Ridge Rd','','Louisville',18,40207),
	(632,'8954 Meadowmont View Drive','','Charlotte',34,28269),
	(633,'999 Leadville Meadows Dr.','','Henderson',29,89052),
	(634,'999 Leadville Meadows Dr.','','Henderson',29,89052),
	(635,'265 deer rd','','salisbury',34,28146),
	(636,'3333 silas creek pkwy','','winston salem',34,27103),
	(637,'106 Middlegate Lane','','Collinsville',14,62234),
	(638,'106 Middlegate Lane','','Collinsville',14,62234),
	(639,'741 W. Waveland Ave','Unit #3','Chicago',14,60613),
	(640,'741 W. Waveland Ave','Unit #3','Chicago',14,60613),
	(641,'1475 West Morris','','Fresno',5,93711),
	(642,'1475 West Morris','','Fresno',5,93711),
	(643,'104 Lupine Lane','','Charlottesville',47,22911),
	(644,'104 Lupine Lane','','Charlottesville',47,22911),
	(645,'1617 jefferson circle','','webb city ',26,64870),
	(646,'1617 jefferson circle','','webb city',26,64870),
	(647,'1460 E. 25th Street','','Idaho Falls',13,83404),
	(648,'1460 E. 25th Street','','Idaho Falls',13,83404),
	(649,'5258 milton rd','','carlsbad',5,92008),
	(650,'5258 Milton Rd. ','','Carlsbad',5,92008),
	(651,'178 thoreau dr','','plainsboro',31,8536),
	(652,'178 thoreau drive','','plainsboro',31,8536),
	(653,'82 Rosemont Pl','','Lewisburg',39,17837),
	(654,'82 Rosemont Pl','','Lewisburg',39,17837),
	(655,'7536 Olili Place','','Honolulu',12,96825),
	(656,'7536 Olili Place','','Honolulu',12,96825),
	(657,'705 Windy Way','','Signal Mountain',43,37377),
	(658,'705 Windy Way','','Signal Mountain',43,37377),
	(659,'802 Blue Grass Road','','Lancaster',39,17601),
	(660,'802 Blue Grass Road','','Lancaster',39,17601),
	(661,'410 River Glen Trace','','Atlanta',11,30328),
	(662,'410 River Glen Trace','','Atlanta',11,30328),
	(663,'216 Montague Road','','Shutesbury',22,1072),
	(664,'216 Montague Road','','Shutesbury',22,1072),
	(665,'67 Megan Drive','','Henderson',29,89074),
	(666,'67 Megan Drive','','Henderson',29,89074),
	(667,'3063 E Stoneridge Cir','','Ammon',13,83406),
	(668,'2381 E Sunnyside Rd','','Idaho Falls',13,83404),
	(669,'1370 N Stevick Rd','','Lima',36,45807),
	(670,'1370 N Stevick Rd','','Lima',36,45807),
	(671,'5108 Glenn Valley Apt 1B','','Battle Creek',23,49015),
	(672,'5108 Glenn Valley Apt 1B','','Battle Creek',23,49015),
	(673,'3063 E Stoneridge Cir','','Ammon',13,83406),
	(674,'2381 E Sunnyside Rd','','Idaho Falls',13,83404),
	(675,'914  16th St South','','Fargo',35,58103),
	(676,'Sanford Outpatient Dialysis','2810 South University Drive','Fargo',35,58122),
	(677,'1109 Hudson Park','','Edgewater',31,7020),
	(678,'1109 Hudson park, ','','Edgewater',31,7020),
	(679,'5108 Glenn Valley Apt 1B','','Battle Creek',23,49015),
	(680,'5108 Glenn Valley Apt 1B','','Battle Creek',23,49015),
	(681,'338 Pepperwood St','','Coppell',44,75019),
	(682,'338 Pepperwood St','','Coppell',44,75019),
	(683,'2624 11 Mile Road','','Berkley',23,48072),
	(684,'2624 11 Mile Road','','Berkley',23,48072),
	(685,'4310 Sam Peck ','#1017','Little Rock',4,72223),
	(686,'10310 West Markham St.','Suite 100','Little ROck',4,72205),
	(687,'21167 N. 20th Street','','Barrington',14,60010),
	(688,'po box 1417 ','','hayward',50,54843),
	(689,'11105W Arrow Road','','Hayward',50,54843),
	(690,'11484 E. Reidsburg Road','','Clarion',39,16214),
	(691,'box 428','','wilton',35,58579),
	(692,'Box 5510','900 E Broadway','Bismarck',35,59506),
	(693,'2957 Elliott Road','','Sherman',44,75092),
	(694,'2957 Elliott Road','','Sherman',44,75092),
	(695,'18608 Poplar Ave','','Homewood',14,60430),
	(696,'18608  Poplar','','Homewood',14,60430),
	(697,'7536 Olili Place','','Honolulu',12,96825),
	(698,'7536 Olili Place','','Honolulu',12,96825),
	(699,'PO Box 109','','Mattapoisett',22,2739),
	(700,'PO Box 109','7 Upland Way','Mattapoisett',22,2739),
	(701,'6557 Club Lane','','West Chester',36,45069),
	(702,'6557 Club Lane','','West Chester',36,45069),
	(703,'3321 DAYSTONE ARCH','','CHESAPEAKE',47,23323),
	(704,'638 INDEPENDENCE PKWY, SUITE 240','','CHESAPEAKE',47,23320),
	(705,'6813 T Gabbert Drive','','Pleasant Valley',26,64068),
	(706,'6400 Prospect Ave','East Bldg, Suite 100','Kansas City',26,64132),
	(707,'5601 NW 72nd Street','Suite 232','Warr Acres',37,73132),
	(708,'5601 NW 72nd Street','Suite 232','Warr Acres',37,73132),
	(709,'8 Weston Ct','','Jackson',31,8527),
	(710,'8 Weston Ct','','Jackson',31,8527),
	(711,'PO Box 204175','','Augusta',11,30917),
	(712,'267 High Chaparral Dr','','Martinez',11,30907),
	(713,'482 Brigham Trail','','Augusta',11,30909),
	(714,'482 Brigham Trail','','Augusta',11,30909),
	(715,'2714 Albany Ct.','','Murfreesboro',43,37129),
	(716,'2714 Albany Ct.','','Murfreesboro',43,37129),
	(717,'2714 Albany Ct.','','Murfreesboro',43,37129),
	(718,'2714 Albany Ct.','','Murfreesboro',43,37129),
	(719,'35 Hingham Rd','','North Grafton',22,1536),
	(720,'35 Hingham Rd','','North Grafton',22,1536),
	(721,'9137 Dr. Korczak Terrace','','Skokie',14,60076),
	(722,'9137 Dr. Korczak Terrace','','Skokie',14,60076),
	(723,'741 W. Waveland Ave','Unit #3','Chicago',14,60613),
	(724,'741 W. Waveland Ave','Unit #3','Chicago',14,60613),
	(725,'28 Greenfield Rd.','','Montgomery',14,60538),
	(726,'28 Greenfield Rd.','','Montgomery',14,60538),
	(727,'13319 Ravens Caw Dr.','','Cypress',44,77429),
	(728,'13319 Ravens Caw Dr.','','Cypress',44,77429),
	(729,'12 Sunrise Lane','','Stillwater',33,12170),
	(730,'12 Sunrise Lane','','Stillwater',33,0),
	(731,'2253 Jade Pl NE','','Rochester',24,55906),
	(732,'2253 Jade Pl NE','','Rochester',24,55906),
	(733,'46 High St','','Pepperell',22,1463),
	(734,'1111 E. Ute St','','Farmington',32,87401),
	(735,'1111 E. Ute St','','Farmington',32,0),
	(736,'3354 State Route 1748E','','Mayfield ',18,42066),
	(737,'3354 State Route 1748E','','Mayfield ',18,42066),
	(738,'9732 Carriage Run Ct','','Loveland',36,45140),
	(739,'9732 Carriage Run Ct','','Loveland',36,45140),
	(740,'1780 Modoc Drive','','Chico',5,95928),
	(741,'1780 Modoc Drive','','Chico',5,95928),
	(742,'72556 Coyote Road','','Pendleton',38,97801),
	(743,'72556 Coyote Road','','Pendleton',38,97801),
	(744,'1660 Deerwood Dr.','','Ukiah',5,95482),
	(745,'1660 Deerwood Dr.','','Ukiah',5,95482),
	(746,'342 Wilson Road','','Danville',47,24541),
	(747,'251 West Kings Hwy.','','Eden',34,27288),
	(748,'2473 sw-177 terrace','','Miramar',10,33029),
	(749,'2473 sw-177 terrace','','Miramar',10,33029),
	(750,'4 royal woods ct','','jackson',31,8527),
	(751,'4 royal woods ct','','jackson',31,8527),
	(752,'4195 Porte De Merano','Unit 117','San Diego',5,92122),
	(753,'4195 Porte De Merano','Unit 117','San Diego',5,92122),
	(754,'5258 milton rd','','carlsbad',5,92008),
	(755,'5258 milton rd','','carlsbad',5,92008),
	(756,'265 deer rd','','salisbury',34,28146),
	(757,'3333 silas creek pkwy','','winston salem',34,27103),
	(758,'366 Arabian Way','','Healdsburg',5,95448),
	(759,'366 Arabian Way','','Healdsburg',5,95448),
	(760,'1623 Washington Street','','Newton',22,2465),
	(761,'1623 Washington Street','','Newton',22,2465),
	(762,'1811 Valley Lane','','Sunderland',21,20689),
	(763,'1811 Valley Lane','','Sunderland ',21,20689),
	(764,'108 Satsuma Dr.','','Crossville',43,38555),
	(765,'108 Satsuma Dr.','','Crossville',43,38555),
	(766,'12 Buxton Court','','Barnegat',31,8005),
	(767,'12 Buxton Court','','Barnegat',31,8005),
	(768,'1660 Deerwood Dr.','','Ukiah',5,95482),
	(769,'1660 Deerwood Dr.','','Ukiah',5,95482),
	(770,'20600 SW Windflower Ave','','Sherwood',38,97140),
	(771,'19300 SW 65th Ave','','Tualatin',38,97062),
	(772,'3827 Northgreen Ave #213','','Tampa',10,33624),
	(773,'3827 Northgreen Ave #213','','Tampa',10,33624),
	(774,'3202 Forest Trail','','San Angelo',44,76904),
	(775,'3202 Forest Trail','','San Angelo',44,76904),
	(776,'3202 Forest Trail','','San Angelo',44,76904),
	(777,'3202 Forest Trail','','San Angelo',44,76904),
	(778,'8888 Hugh ','','Livonia',23,48150),
	(779,'8888 Hugh ','','Livonia',23,48150),
	(780,'16 Governors Terrace','','Lancaster',30,3584),
	(781,'173 Middle St','Lancaster','',30,3584),
	(782,'6420 183rd Street','','Fresh Meadows',33,11365),
	(783,'6420 183rd Street','','Fresh Meadows',33,11365),
	(784,'8954 Meadowmont View Drive','','Charlotte',34,28269),
	(785,'126 West Gate','','Cedar Falls',16,50613),
	(786,'126 West Gate','','Cedar Falls',16,50613),
	(787,'9355 Telfer Run','','Orlando',10,32817),
	(788,'9355 Telfer Run','','Orlando',10,32817),
	(789,'18 Teller Drive','','Ashland',22,1721),
	(790,'18 Teller Drive','','Ashland',22,1721),
	(791,'13924 Marquesas Way apt. 2317','','Marina del Rey',5,90292),
	(792,'13924 Marquesas Way apt. 2317','','Marina del Rey',5,90292),
	(793,'7350 Grant Blvd','','Middleburg Hts',36,44130),
	(794,'7350 Grant Blvd','','Middleburg Hts',36,44130),
	(795,'1436 Tintern Lane ','','St Augustine',10,32092),
	(796,'1436 Tintern Lane','','St Augustine ',10,32092),
	(797,'595 rabbit ridge ct','','reno',29,89511),
	(798,'778 Basque Way','','Carson city',29,89706),
	(799,'1400 Homestead Ave','','Metairie',19,70005),
	(800,'1400 Homestead Ave','','Metairie',19,70005),
	(801,'2521 Bloomfield Lane','','Haughton',19,71037),
	(802,'2521 Bloomfield Lane','','Haughton',19,71037),
	(803,'26342 Via ConchitaMission','','Mission Viejo',5,92691),
	(804,'26342 Via Conchita','','Mission Viejo',5,92691),
	(805,'4 Steeplechase Court','','Tijeras',32,87059),
	(806,'4 Steeplechase Court','','Tijeras',32,87059),
	(807,'648A West Main Rd','','El Centro',5,92243),
	(808,'648A West Main Rd','','El Centro',5,92243),
	(809,'14300 N. 83rd Ave. Apt. 1086','','Peoria',3,85381),
	(810,'14300 N. 83rd Ave. Apt. 1086','','Peoria',3,0),
	(811,'4679 AYRON TERR','','PALM HARBOR',10,34685),
	(812,'4802 GRAND BLVD','','NEW PORT RICHEY',10,34652),
	(813,'6515 Honey Hill','','San Antonio',44,78229),
	(814,'6515 Honey Hill','','San Antonio',44,78229),
	(815,'7 Pinewood Dr','','Plattsburgh',33,12901),
	(816,'7 Pinewood Dr','','Plattsburgh',33,12901),
	(817,'19 Ariel Court ','','Clayton',34,27520),
	(818,'19 Ariel Court ','','Clayton',34,27520),
	(819,'19 Ariel Court ','','Clayton',34,27520),
	(820,'19 Ariel Court ','','Clayton',34,27520),
	(821,'5525 Patrician Way','','Winnemucca',29,89445),
	(822,'5525 Patrician Way','','Winnemucca',29,89445),
	(823,'545 E Dawn Drive','','Freeland',23,48623),
	(824,'545 E Dawn Drive','','Freeland',23,48623),
	(825,'20 Spruce Ct','','Schererville',15,46375),
	(826,'20 Spruce Ct','','Schererville',15,46375),
	(827,'5258 milton rd','','carlsbad',5,92008),
	(828,'5258 milton rd','','carlsbad',5,92008),
	(829,'Apt 505 10125 109 street','','edmonton',0,0),
	(830,'Apt 505 10125 109 street','','edmonton',0,0),
	(831,'1700 raquel road','','edmond',37,73003),
	(832,'1700 raquel road','','edmond',37,73003),
	(833,'931 Inverness Circle','','Highland Village',44,75077),
	(834,'931 Inverness Circle','','Highland Village',44,75077),
	(835,'1141 S. Windmill Crk','','Waconia',24,55387),
	(836,'1141 S. Windmill Crk','','Waconia',24,55387),
	(837,'200 West Hospital Drive','','Whiteriver',3,85901),
	(838,'1081 East Cedar Ridge Run','','Show Low',3,85901),
	(839,'200 W. Hospital Drive','','Whiteriver',3,85941),
	(840,'200 W. Hospital Dr.','','Whiteriver',3,85941),
	(841,'P.O. Box 860','200 West Hospital Drive','Whiteriver',3,85941),
	(842,'P.O. Box 860','200 West Hospital Drive','Whiteriver, AZ',3,85941),
	(843,'P.O. Box 860','200 West Hospital Drive','Whiteriver',3,85941),
	(844,'P.O. Box 860','200 West Hospital Drive','Whiteriver, AZ',3,85941),
	(845,'Apt 505 10125 109 street','','edmonton',0,0),
	(846,'Apt 505 10125 109 street','','edmonton',0,0),
	(847,'115 Ferris Drive','','North Prairie',50,53153),
	(848,'115 Ferris Drive','','North Prairie',50,53153),
	(849,'16400 Mill Creek Rd','','Pflugerville',44,78660),
	(850,'16400 Mill Creek Rd','','Pflugerville',44,78660),
	(851,'170 Park Avenue','','Gettysburg',39,17325),
	(852,'170 Park Avenue','','Gettysburg',39,17325),
	(853,'9215 S. Fulton Ave','','Tulsa',37,74137),
	(854,'9215 S. Fulton Ave','','Tulsa',37,74137),
	(855,'3042 W. Lake Crescent Dr.','','Kingwood',44,77339),
	(856,'P. O. Box 149','','Mina Al Fahal',0,116),
	(857,'7507 newberry lane','','Lanham',21,20706),
	(858,'7507 Newberry Lane','','Lanahm',21,20706),
	(859,'1423 Pacific Ave','','Tacoma',48,98402),
	(860,'1057 S Wadsworth Blvd ','Suite 100','Lakewood',6,80226),
	(861,'1623 Washington Street','','Newton',22,2465),
	(862,'1623 Washington Street','','Newton',22,2465),
	(863,'3202 Forest Trail','','San Angelo',44,76904),
	(864,'3202 Forest Trail','','San Angelo',44,76904),
	(865,'6602 Kelsey Point Circle ','','Alexandria',47,22315),
	(866,'6602 Kelsey Point Circle ','','Alexandria',47,22315),
	(867,'2136 West Admiral Dr','','Virginia Beach ',47,23451),
	(868,'2136 West Admiral Dr','','Virginia Beach ',47,23451),
	(869,'9475 Silver Creek Rd','','Park City',45,84098),
	(870,'9475 Silver Creek Rd','','Park City',45,84098),
	(871,'6420 183rd Street','','Fresh Meadows',33,11365),
	(872,'6420 183rd Street','','Fresh Meadows',33,11365),
	(873,'8610 Eastview Avenue','','Everett',48,98208),
	(874,'8610 Eastview Avenue','','Everett',48,98208),
	(875,'1075 Wild Horse Drive','','Dayton',36,45458),
	(876,'1075 Wild Horse Drive','','Dayton',36,45458),
	(877,'2452 Polk St','','SF',5,94109),
	(878,'2452 Polk St','','SF',5,94109),
	(879,'13193 Courtney Drive','','Frisco',44,75034),
	(880,'13193 Courtney Drive','','Frisco',44,75034),
	(881,'13193 Courtney Drive','','Frisco',44,75034),
	(882,'13193 Courtney Drive','','Frisco',44,75034),
	(883,'17470 27 Mile','','Ray',23,48096),
	(884,'25427 Augustine Rd','','Tremont',14,61568),
	(885,'25427 Augustine Rd','','Tremont',14,61568),
	(886,'25427 Augustine Rd','','Tremont',14,61568),
	(887,'25427 Augustine Rd','','Tremont',14,61568),
	(888,'6610 68th Street ','','Bradenton',10,43203),
	(889,'6610 68th street east','','Bradenton',10,34203),
	(890,'3400 West Louisiana Avenue','','Midland',44,79703),
	(891,'3400 West Louisiana Avenue','','Midland',44,79703),
	(892,'6610 68th Street ','','Bradenton',10,43203),
	(893,'6610 68th street east','','Bradenton',10,34203),
	(894,'1430 Meadow Pkwy','','San Marcos',44,78666),
	(895,'1430 Meadow Pkwy','','San Marcos',44,78666),
	(896,'102 Hancock Street B','','Malden',22,2148),
	(897,'102 Hancock Street B','','Malden',22,2148),
	(898,'1107 S Cochran Ave ','','Los Angeles ',5,90019),
	(899,'1107 S Cochran Ave ','','Los Angeles ',5,90019),
	(900,'8451 Pearl Street','','Thornton',6,80229),
	(901,'8451 Pearl Street','','Thornton',6,80229),
	(902,'10315 Laredo Dr','','Austin',44,78748),
	(903,'10315 Laredo Drive','','Austin',44,78748),
	(904,'126 Country Manor Rd.','','Belle Chasse',19,70037),
	(905,'126 Country Manor Rd.','','Belle Chasse',19,70037),
	(906,'8888 Hugh','','Livonia',23,48150),
	(907,'8888 Hugh','','Livonia',23,48150),
	(908,'241 Cranbrook Ct','','Newport News',47,23602),
	(909,'241 Cranbrook Ct','','Newport News',47,23602),
	(910,'105 Woodcrest Drive','','Grafton',35,58237),
	(911,'105 Woodcrest Drive','','Grafton',35,58237),
	(912,'121 Daniels Drive','','East Brookfield',22,1515),
	(913,'121 Daniels Drive','','East Brookfield',22,1515),
	(914,'1138 Pebblewood Dr','','Diamond Bar',5,91765),
	(915,'1138 Pebblewood Dr','','Diamond Bar',5,91765),
	(916,'3915 Snag Lane','','Spring ',44,77388),
	(917,'4008 Louetta Rd','No 118','Spring ',44,77388),
	(918,'651 Galey Blvd','','Beaver',39,15009),
	(919,'100 Pappan Business Drive','','Beaver Falls',39,15010),
	(920,'218 Sylvan Dr','','Wading River ',33,11792),
	(921,'218 Sylvan Dr','','Wading River ',33,11792),
	(922,'2950 Old Spanish Trail #262','','Houston',44,77054),
	(923,'3315 Delano','','Houston',44,77004),
	(924,'Bredon Lodge','Cotswold Road','Oxford',0,0),
	(925,'Bredon Lodge','Cotswold Road','Oxford',0,0),
	(926,'21780 West Redwood Canyon Place','','Santa Clarita',5,91390),
	(927,'8700 Beverly Blvd, STE A607','','Los Angeles',5,90048),
	(928,'12 Mamanasco rd','','Carmel',33,10512),
	(929,'12 Mamanasco rd','','Carmel',33,10512),
	(930,'1912 E Amber Ln Apt 204','','Urbana',14,61802),
	(931,'1912 E Amber Ln Apt 204','','Urbana',14,61802),
	(932,'1414 Kuhl Avenue','MP # 11','Orlando',10,32806),
	(933,'1414 Kuhl Avenue','','Orlando',10,32806),
	(934,'550 27th Street, Apt 204','','San Francisco',5,94131),
	(935,'550 27th Street, Apt 204','','San Francisco',5,94131),
	(936,'96-03 72nd Road','','Forest Hills',33,11375),
	(937,'96-03 72nd Road','','Forest Hills',33,11375),
	(938,'1912 E Amber Ln Apt 204','','Urbana',14,61802),
	(939,'1912 E Amber Ln Apt 204','','Urbana',14,61802),
	(940,'1912 E Amber Ln Apt 204','','Urbana',14,61802),
	(941,'1912 E Amber Ln Apt 204','','Urbana',14,61802),
	(942,'112 East Fifth Avenue','','Antigo',50,54409),
	(943,'112 East Fifth Avenue','','Antigo',50,54409),
	(944,'112 East Fifth Avenue','','Antigo',50,54409),
	(945,'112 East Fifth Avenue','','Antigo',50,54409),
	(946,'5408 Avenida Vaquero','','Las Vegas',29,89108),
	(947,'5408 Avenida Vaquero','','Las Vegas',29,89108),
	(948,'143 Kennington St','','Staten Island',33,10308),
	(949,'143 Kennington St','','Staten Island',33,10308),
	(950,'610 Glenside Street','','Rapid City',42,57703),
	(951,'610 Glenside Street','','Rapid City',42,57703),
	(952,'3363 Oakstone Drive','','Mansfield',36,44903),
	(953,'3363 Oakstone Drive','','Mansfield',36,44903),
	(954,'2222 Philadelphia Dr.','','Dayton',36,45406),
	(955,'2222 Philadelphia Dr.','','Dayton',36,45406),
	(956,'#1503, 10046-117 St','','Edmonton',0,0),
	(957,'#1503, 10046-117 St','','Edmonton',0,0),
	(958,'1811 NW 51st Street','Apt #2623','Ft Lauderdale',10,33309),
	(959,'35 Crestwood Drive','','Newport News',47,23601),
	(960,'4227 Mink Street','','Casper',51,82604),
	(961,'632 Hanale Place','','Kailua ',12,96734),
	(962,'632 Hanale Place','','Kailua ',12,96734),
	(963,'96-03 72nd Road','','Forest Hills',33,11375),
	(964,'96-03 72nd Road','','Forest Hills',33,11375),
	(965,'96-03 72nd Road','','Forest Hills',33,11375),
	(966,'96-03 72nd Road','','Forest Hills',33,11375),
	(967,'679 Cobh Rd','','River Vale',31,7675),
	(968,'2828 South Grand','','Carthage',26,64836),
	(969,'114 Linden Lane','','Culloden',49,25510),
	(970,'21 Oxford Drive','','Morgantown',39,19543),
	(971,'630 Merrick St., Apt 608','','Detroit',23,48202),
	(972,'7304 Hampton Manor Place','','Springfield',47,22150),
	(973,'7304 Hampton Manor Place','','Springfield',47,22150),
	(974,'887 Birch Ave','','Clovis',5,93611),
	(975,'887 Birch Ave','','Clovis',5,93611),
	(976,'863 McEllen Way','','Lafayette',5,94549),
	(977,'88 Coralwood','','Irvine',5,92618),
	(978,'400 camp creek','','arlington',44,76002),
	(979,'1111 Clifford Dr','','Durham',34,27704),
	(980,'3363 Oakstone Drive','','Mansfield',36,44903),
	(981,'3850 NW 83 St Suite 101','','Gainesville',10,0),
	(982,'1475 W. Morris Ave','','Fresno',5,93711),
	(983,'1475 W. Morris Ave','','Fresno',5,93711),
	(984,'940 Finnell Way','','Placentia',5,92870),
	(985,'940 Finnell Way','','Placentia',5,0),
	(986,'28 Kim Drive','','Bourbonnais',14,60914),
	(987,'455 W. Court St.','Suite 100','Kankakee',14,60914),
	(988,'10200 S.E. Sunnyside Rd.','','Clackamas',38,97027),
	(989,'10180 S.E. Sunnyside Rd.','','Clackamas',38,97027),
	(990,'1208 Briarcliff Dr','','Urbana',14,61801),
	(991,'96-03 72nd Road','','Forest Hills',33,11375),
	(992,'96-03 72nd Road','','Forest Hills',33,11375),
	(993,'703 Parkside Ave','','Elmhurst',14,60126),
	(994,'703 Parkside Ave','','Elmhurst',14,60126),
	(995,'111 Ash Street','Apt 2','Frankfort',14,60423),
	(996,'111 ASH STREET','APT 2','Frankfort',14,60423),
	(997,'88 Coralwood','','Irvine',5,92618),
	(998,'5104 Greyfield Boulevard','','Durham',34,27713),
	(999,'1109 Hudson Park','','Edgewater',31,7020),
	(1000,'1109 Hudson park, ','','Edgewater',31,7020),
	(1001,'1119 Level Dr','','Maryville',43,37801),
	(1002,'3226 Mid Hollow Drive','','San Antonio',44,78230),
	(1003,'9535 Regency Square Blvd.','','Jacksonville',10,32225),
	(1004,'1608 N Star Avenue','','Columbus',36,43212),
	(1005,'311 goode way','','portsmouth',47,23704),
	(1006,'1493 Turnberry Circle','','Oconomowoc',50,53066),
	(1007,'1493 Turnberry Circle','','Oconomowoc',50,53066),
	(1008,'126 Country Manor Rd.','','Belle Chasse',19,70037),
	(1009,'368 Hawthorne Street','','Brooklyn',33,11225),
	(1010,'368 Hawthorne  street','','Brooklyn, NY',33,11225),
	(1011,'4679 AYRON TERR','','PALM HARBOR',10,34685),
	(1012,'4802 GRAND BLVD','','NEW PORT RICHEY',10,34652),
	(1013,'914  16th St S','','Fargo',35,58103),
	(1014,'16328 Lakeshore Dr','','Minneola',10,34715),
	(1015,'10883 Avento Place','205','Trinity',10,34655),
	(1016,'6923 Hillsland Ave','','St. Louis',26,63109),
	(1017,'6923 Hillsland Ave','','St. Louis',26,63109),
	(1018,'P.O. BOX 8189','','PAGOPAGO',52,96799),
	(1019,'1075 Wild Horse Drive','','Dayton',36,45458),
	(1020,'1075 Wild Horse Drive','','Dayton',36,45458),
	(1021,'109 Irving Place','','Basking Ridge',31,7920),
	(1022,'672 Creekridge Rd','','Aiken',41,29803),
	(1023,'2115 E. Onstott Road','','Yuba City',5,95991),
	(1024,'232 E. Walnut Street','','Hinsdale',14,60521),
	(1025,'232 E. Walnut Street','','Hinsdale',14,60521),
	(1026,'875 Natane St','','Farmington',32,87401),
	(1027,'1306 Morreene Road','','Durham',34,27710),
	(1028,'2700 Chelsea Dr','','Tyler',44,75701),
	(1029,'2700 Chelsea Dr','','Tyler',44,75701),
	(1030,'3827 Northgreen Ave #213','','Tampa',10,33624),
	(1031,'3827 Northgreen Ave #213','','Tampa',10,33624),
	(1032,'6288 Willow Springs Drive','','Morrison',6,80465),
	(1033,'5265 Vance Street ','','Arvada',6,80002),
	(1034,'730 Ravenwood Drive','','Galloway',31,8205),
	(1035,'730 Ravenwood Drive','','Galloway',31,8205),
	(1036,'6094 Glen Oaks St.','','Murray',45,84107),
	(1037,'131 W. Hampton Dr.','','Farmersburg',15,47850),
	(1038,'110 South Pointe Ct.','','Moore',41,29369),
	(1039,'24860 N. Tully Rd.','','Acampo',5,95220),
	(1040,'24860 N. Tully Rd.','','Acampo',5,95220),
	(1041,'415 Dairy Road','Suite E 122','Kahulu',12,96732),
	(1042,'415 Dairy Road','Suite E 122','Kahulu',12,96732),
	(1043,'368 Hawthorne Street','','Brooklyn',33,11225),
	(1044,'368 Hawthorne  street','','Brooklyn, NY',33,11225),
	(1045,'403 HAINES ROAD','','MOUNT KISCO',33,10549),
	(1046,'403 HAINES ROAD','','MOUNT KISCO',0,10549),
	(1047,'875 Natane  Ave','','Farmington',32,87401),
	(1048,'4838 Ludwell Branch Ct','','Raleigh',34,27612),
	(1049,'20660 N 40th st #2039','','Phoenix',3,85050),
	(1050,'01 Coyote','','Placitas',32,87043),
	(1051,'2100 Virginia Dirve Apt D','','Wichita Falls',44,76309),
	(1052,'2100 VirginiaDrive Apt D','','Wichita Falls',44,76309),
	(1053,'5802 Brittany Valley Road','','Louisville',18,40222),
	(1054,'5802 Brittany Valley Road','','Louisville',18,40222),
	(1055,'112 Cannon Ridge Dr','','Brandon',25,39042),
	(1056,'205 Santa Clara Way','','San Mateo',5,94403),
	(1057,'551 Rhapsody Ct','','Cockeysville',21,21030),
	(1058,'956 Daylily Dr','','Langhorne',39,19047),
	(1059,'4227 Mink Street','','Casper',51,82604),
	(1060,'4227 Mink Street','','Casper',51,82604),
	(1061,'2209 W 18th Street','','Sioux Falls',42,57105),
	(1062,'2209 W 18th Street','','Sioux Falls',42,57105),
	(1063,'7304 Hampton Manor Place','','Springfield',47,22150),
	(1064,'7304 Hampton Manor Place','','Springfield',47,22150),
	(1065,'3805 7th Ave So','','Great Falls',27,59405),
	(1066,'1513 Portsmouth Place','','Wilmington',34,28411),
	(1067,'126 Country Manor Rd.','','Belle Chasse',19,70037),
	(1068,'126 Country Manor Rd.','','Belle Chasse',19,70037),
	(1069,'23029 Peacock Court','','Grand Terrace',5,92313),
	(1070,'23029 Peacock Court','','Grand Terrace',5,92313),
	(1071,'5 Wildwood Gardens','','Port Washington',33,11050),
	(1072,'1121 Mendocino Way','','Redlands',5,92374),
	(1073,'1121 Mendocino Way','','Redlands',5,92374),
	(1074,'400 N. Pepper Ave','','Colton',5,92324),
	(1075,'3502 Hazelwood Lane SW','','Rochester',24,55902),
	(1076,'338 Pepperwood St','','Coppell',44,75019),
	(1077,'338 Pepperwood St','','Coppell',44,75019),
	(1078,'2520 42nd Street','A2','Astoria',33,11103),
	(1079,'44979 SW Saddleback Dr','','Gaston',38,97119),
	(1080,'8245 WEST SHORE DRIVE','','WESTERVILLE',36,43082),
	(1081,'8245 WEST SHORE DRIVE','','WESTERVILLE',36,43082),
	(1082,'110 Hinojosa Circle','','Rio Grande City',44,78582),
	(1083,'110 Hinojosa Circle','','Rio Grande City',44,78582),
	(1084,'Rm. 220B MAB Cardinal Santos Medical Center','Wilson St., Greenhills, San Juan','San Juan City',0,1502),
	(1085,'3805 7th Ave So','','Great Falls',27,59405),
	(1086,'2 Pratte Lane','','Wolcott',7,6716),
	(1087,'301 Market St','','Berwick',39,18603),
	(1088,'2209 W 18th Street','','Sioux Falls',42,57105),
	(1089,'2209 W 18th Street','','Sioux Falls',42,57105),
	(1090,'4804 Salvia Ct','','Pasco',48,99301),
	(1091,'4804 Salvia Ct','','Pasco',48,99301),
	(1092,'43 Paris Rd','2nd floor rear','New Hartford',33,13413),
	(1093,'22 Claremont lane','','Suffern',33,10901),
	(1094,'22 Claremont lane','','Suffern',33,10901),
	(1095,'1108 W. Eunice St','','Ozark',26,65721),
	(1096,'1108 W. Eunice St','','Ozark',26,65721),
	(1097,'110 Pony Express','','Willow Park',44,76087),
	(1098,'1860 EUHARLEE ROAD','','KINGSTON',11,30145),
	(1099,'1018 Compass Cove Circle','','Spring',44,77379),
	(1100,'95 W 95th St','Apt 32E','New York',33,10025),
	(1101,'95 W 95th St','Apt 32E','New York',33,10025),
	(1102,'14 orchid lane','','commack',33,11725),
	(1103,'14 orchid lane','','commack',33,11725);

/*!40000 ALTER TABLE `address` ENABLE KEYS */;
UNLOCK TABLES;


# Dump of table addressForUser
# ------------------------------------------------------------

DROP TABLE IF EXISTS `addressForUser`;

CREATE TABLE `addressForUser` (
  `address_id` int(11) NOT NULL,
  `user_id` int(11) NOT NULL,
  PRIMARY KEY (`address_id`),
  KEY `user_id` (`user_id`)
) ENGINE=InnoDB DEFAULT CHARSET=latin1;

LOCK TABLES `addressForUser` WRITE;
/*!40000 ALTER TABLE `addressForUser` DISABLE KEYS */;

INSERT INTO `addressForUser` (`address_id`, `user_id`)
VALUES
	(1,7),
	(9,57),
	(10,60),
	(955,93),
	(957,94),
	(958,95),
	(960,98),
	(962,100),
	(967,101),
	(968,102),
	(969,103),
	(970,104),
	(971,106),
	(975,107),
	(976,109),
	(979,110),
	(981,111),
	(983,112),
	(985,114),
	(987,115),
	(989,116),
	(990,117),
	(994,120),
	(998,121),
	(1003,122),
	(1004,123),
	(1002,125),
	(1005,126),
	(1013,127),
	(698,150),
	(22,151),
	(24,152),
	(26,153),
	(28,154),
	(34,155),
	(42,156),
	(32,157),
	(48,158),
	(51,159),
	(55,160),
	(52,161),
	(30,162),
	(36,163),
	(46,164),
	(38,165),
	(1101,166),
	(57,167),
	(61,168),
	(44,169),
	(67,170),
	(850,171),
	(47,172),
	(53,173),
	(71,174),
	(73,175),
	(268,176),
	(49,177),
	(211,178),
	(708,179),
	(322,180),
	(132,181),
	(1083,182),
	(692,183),
	(85,184),
	(90,185),
	(134,186),
	(77,187),
	(75,188),
	(94,189),
	(136,190),
	(79,191),
	(368,192),
	(114,193),
	(92,194),
	(116,195),
	(125,196),
	(138,197),
	(129,198),
	(1044,199),
	(146,200),
	(123,201),
	(148,202),
	(121,203),
	(127,204),
	(249,205),
	(152,206),
	(156,207),
	(1001,208),
	(142,209),
	(164,210),
	(154,211),
	(170,212),
	(168,213),
	(172,214),
	(174,215),
	(176,216),
	(678,217),
	(180,218),
	(455,219),
	(166,220),
	(178,221),
	(186,222),
	(190,223),
	(194,224),
	(196,225),
	(200,226),
	(395,227),
	(184,228),
	(188,229),
	(192,230),
	(202,231),
	(726,232),
	(207,233),
	(198,234),
	(347,235),
	(215,236),
	(217,237),
	(221,238),
	(219,239),
	(233,240),
	(235,241),
	(1103,242),
	(241,243),
	(759,244),
	(258,245),
	(239,246),
	(243,247),
	(247,248),
	(251,249),
	(264,250),
	(270,251),
	(272,252),
	(254,253),
	(256,254),
	(262,255),
	(276,256),
	(282,257),
	(260,258),
	(290,259),
	(299,260),
	(278,261),
	(303,262),
	(284,263),
	(292,264),
	(294,265),
	(301,266),
	(307,267),
	(310,268),
	(316,270),
	(318,271),
	(933,272),
	(327,273),
	(704,274),
	(324,275),
	(403,276),
	(790,277),
	(903,278),
	(343,279),
	(345,280),
	(333,281),
	(387,282),
	(350,283),
	(354,284),
	(358,285),
	(337,286),
	(339,287),
	(352,288),
	(747,289),
	(360,290),
	(362,291),
	(722,292),
	(366,293),
	(370,294),
	(372,295),
	(375,296),
	(769,297),
	(389,298),
	(397,299),
	(405,300),
	(712,301),
	(830,302),
	(792,303),
	(393,304),
	(399,305),
	(401,306),
	(411,307),
	(413,308),
	(415,309),
	(419,310),
	(407,311),
	(409,312),
	(417,313),
	(425,314),
	(429,315),
	(421,316),
	(423,317),
	(427,318),
	(814,319),
	(832,320),
	(702,321),
	(440,322),
	(444,323),
	(449,324),
	(451,325),
	(826,326),
	(650,327),
	(619,328),
	(730,329),
	(461,330),
	(446,331),
	(1094,332),
	(471,333),
	(824,334),
	(479,335),
	(866,336),
	(473,337),
	(696,338),
	(485,339),
	(487,340),
	(457,341),
	(459,342),
	(475,343),
	(796,344),
	(658,345),
	(684,346),
	(495,347),
	(497,348),
	(621,349),
	(501,350),
	(483,351),
	(489,352),
	(515,353),
	(517,354),
	(526,355),
	(856,356),
	(509,357),
	(522,358),
	(749,359),
	(700,360),
	(503,361),
	(505,362),
	(511,363),
	(520,364),
	(543,365),
	(822,366),
	(513,367),
	(528,368),
	(534,369),
	(547,370),
	(532,371),
	(539,372),
	(549,373),
	(555,374),
	(563,375),
	(537,376),
	(551,377),
	(559,378),
	(689,379),
	(572,380),
	(732,381),
	(798,382),
	(553,383),
	(567,384),
	(578,385),
	(586,386),
	(597,387),
	(601,388),
	(605,389),
	(580,390),
	(582,391),
	(584,392),
	(588,393),
	(590,394),
	(592,395),
	(595,396),
	(599,397),
	(603,398),
	(694,399),
	(710,400),
	(623,401),
	(627,402),
	(631,403),
	(757,404),
	(611,405),
	(613,406),
	(625,407),
	(638,408),
	(642,409),
	(615,410),
	(652,411),
	(662,412),
	(634,413),
	(640,414),
	(660,415),
	(666,416),
	(644,417),
	(646,418),
	(648,419),
	(654,420),
	(680,421),
	(674,422),
	(670,423),
	(686,424),
	(664,425),
	(676,426),
	(714,427),
	(720,428),
	(1077,429),
	(718,430),
	(724,431),
	(728,432),
	(706,433),
	(739,434),
	(741,435),
	(751,436),
	(753,437),
	(735,438),
	(767,439),
	(737,440),
	(743,441),
	(763,442),
	(828,443),
	(771,444),
	(864,445),
	(786,446),
	(794,447),
	(862,448),
	(765,449),
	(1031,450),
	(779,451),
	(781,452),
	(872,453),
	(800,454),
	(802,455),
	(804,456),
	(806,457),
	(788,458),
	(812,459),
	(816,460),
	(820,461),
	(838,462),
	(808,463),
	(834,464),
	(836,465),
	(840,466),
	(852,467),
	(810,468),
	(844,469),
	(848,470),
	(901,471),
	(858,472),
	(854,473),
	(860,474),
	(868,475),
	(870,476),
	(874,477),
	(876,478),
	(878,479),
	(882,480),
	(887,481),
	(893,482),
	(891,483),
	(899,484),
	(907,485),
	(913,486),
	(895,487),
	(897,488),
	(909,489),
	(915,490),
	(923,491),
	(1068,492),
	(919,493),
	(921,494),
	(929,495),
	(911,496),
	(925,497),
	(939,498),
	(917,499),
	(945,500),
	(947,501),
	(951,502),
	(927,503),
	(949,504),
	(953,505),
	(935,506),
	(937,507),
	(1014,508),
	(1017,509),
	(997,510),
	(978,511),
	(980,512),
	(1018,513),
	(1020,514),
	(996,515),
	(1015,516),
	(1021,517),
	(1022,518),
	(1007,519),
	(1023,520),
	(1026,521),
	(1027,522),
	(1029,523),
	(1008,524),
	(1035,525),
	(1036,526),
	(1037,527),
	(1040,528),
	(1038,529),
	(1046,530),
	(1042,531),
	(1047,532),
	(1048,533),
	(1050,534),
	(1052,535),
	(1049,536),
	(1054,537),
	(1055,538),
	(1056,539),
	(1057,540),
	(1058,541),
	(1089,542),
	(1064,543),
	(1085,544),
	(1070,545),
	(1060,546),
	(1066,547),
	(1079,548),
	(1084,549),
	(1071,550),
	(1073,551),
	(1074,552),
	(1075,553),
	(1078,554),
	(1081,555),
	(1086,556),
	(1087,557),
	(1091,558),
	(1092,559),
	(1096,560),
	(1097,561),
	(1098,562),
	(1099,563);

/*!40000 ALTER TABLE `addressForUser` ENABLE KEYS */;
UNLOCK TABLES;


# Dump of table adminNavigation
# ------------------------------------------------------------

DROP TABLE IF EXISTS `adminNavigation`;

CREATE TABLE `adminNavigation` (
  `admin_id` int(11) unsigned NOT NULL AUTO_INCREMENT,
  `title` varchar(60) DEFAULT NULL,
  `link` varchar(250) DEFAULT NULL,
  `access` int(11) DEFAULT NULL,
  `position` int(11) DEFAULT NULL,
  `published` int(11) DEFAULT NULL,
  `parent_id` int(11) DEFAULT NULL,
  PRIMARY KEY (`admin_id`)
) ENGINE=InnoDB DEFAULT CHARSET=latin1;

LOCK TABLES `adminNavigation` WRITE;
/*!40000 ALTER TABLE `adminNavigation` DISABLE KEYS */;

INSERT INTO `adminNavigation` (`admin_id`, `title`, `link`, `access`, `position`, `published`, `parent_id`)
VALUES
	(1,'Dashboard','forms/dashboard.php',3,0,1,0),
	(2,'Site','forms/site/info_site.php',4,1,1,0),
	(3,'Navigation','forms/navigation/navigation.php',3,2,1,0),
	(4,'Content','forms/content/list_content.php',3,3,1,0),
	(5,'Users','forms/users/list_users.php',4,4,1,0),
	(6,'Media','forms/media/media.php',3,5,1,0),
	(7,'Site information','forms/site/info_site.php',5,0,1,2),
	(8,'Contact Information','forms/site/info_contact.php',4,1,1,2),
	(9,'Navigation','forms/navigation/navigation.php',3,0,1,3),
	(10,'Menus','forms/navigation/menus.php',3,1,1,3),
	(11,'Edit Navigation','forms/navigation/form_navigation.php',3,3,1,3),
	(12,'List Content','forms/content/list_content.php',3,0,1,4),
	(13,'Edit Content','forms/content/form_content.php',3,1,1,4),
	(14,'News','forms/content/list_news.php',3,4,1,4),
	(15,'Advertisments','forms/content/list_ads.php',3,5,1,4),
	(16,'Search Users','forms/users/list_users.php',4,0,1,5),
	(17,'Edit User','forms/users/form_users.php',4,1,1,5),
	(18,'Change Password','forms/users/change_password.php',4,2,1,5),
	(19,'Your Media','forms/media/media.php',3,0,1,6),
	(20,'Upload Media','forms/media/upload.php',3,1,1,6),
	(21,'Applications','forms/refills/list_refills.php',3,6,0,0),
	(26,'Social Networks','forms/site/info_social.php',3,2,1,2),
	(27,'Admin','forms/admin/list_roles.php',200,20,1,0),
	(28,'User Groups','forms/admin/list_roles.php',200,0,1,27),
	(29,'Edit Groups','forms/admin/form_roles.php',200,1,1,27),
	(30,'Site Configuation','forms/site/configuration.php',5,2,1,2),
	(31,'Archives','forms/archives/list_archives.php',3,7,1,0),
	(32,'Issues','forms/archives/list_archives.php',3,0,1,31),
	(33,'Topic Groups','forms/topics/list_categories.php',3,1,1,31),
	(34,'Topics','forms/topics/list_sub_categories.php',3,2,1,31),
	(35,'Online Store','forms/products/list_product.php',3,8,1,0),
	(36,'Products','forms/products/list_product.php',3,0,1,35),
	(37,'Enter Product','forms/products/form_product.php',3,1,1,35),
	(38,'Store Setup','forms/commerce/info_commerce.php',3,2,1,35),
	(39,'Transactions','forms/commerce/list_transactions.php',3,3,1,35),
	(40,'Product Categories','forms/products/list_productcategories.php',3,4,1,35),
	(41,'Front Page ','forms/frontpage/list_frontpage.php',3,6,1,4);

/*!40000 ALTER TABLE `adminNavigation` ENABLE KEYS */;
UNLOCK TABLES;


# Dump of table ads
# ------------------------------------------------------------

DROP TABLE IF EXISTS `ads`;

CREATE TABLE `ads` (
  `ad_id` int(11) unsigned NOT NULL AUTO_INCREMENT,
  `title` varchar(250) DEFAULT NULL,
  `published` int(2) DEFAULT '0',
  `user_id` int(11) DEFAULT NULL,
  `image` text,
  `link` text,
  `placement` int(11) DEFAULT NULL,
  PRIMARY KEY (`ad_id`)
) ENGINE=InnoDB DEFAULT CHARSET=latin1;

LOCK TABLES `ads` WRITE;
/*!40000 ALTER TABLE `ads` DISABLE KEYS */;

INSERT INTO `ads` (`ad_id`, `title`, `published`, `user_id`, `image`, `link`, `placement`)
VALUES
	(1,'Fake IKEA Ad',0,1,'/images/ads/ikea_fake.png','http://ikea.com',0),
	(2,'Abbott Nutrition',1,4,'/files/ads/abbott_nepro.jpg','http://abbottnutrition.com/brands/products/nepro-with-carb-steady',0),
	(3,'Fresenius Medical Care',1,4,'/files/ads/fresenius_phoslyra.jpg','http://www.fmcna.com/fmcna/RenalPharmaceuticals/renal-pharmaceuticals.html',1);

/*!40000 ALTER TABLE `ads` ENABLE KEYS */;
UNLOCK TABLES;


# Dump of table archive
# ------------------------------------------------------------

DROP TABLE IF EXISTS `archive`;

CREATE TABLE `archive` (
  `archive_id` int(11) unsigned NOT NULL AUTO_INCREMENT,
  `archive_title` varchar(60) DEFAULT NULL,
  `published` int(2) DEFAULT NULL,
  `datePublished` datetime DEFAULT NULL,
  `archive_link` varchar(250) DEFAULT NULL,
  `volume` int(11) DEFAULT NULL,
  `issue` int(11) DEFAULT NULL,
  PRIMARY KEY (`archive_id`),
  KEY `archive_title` (`archive_title`)
) ENGINE=InnoDB DEFAULT CHARSET=latin1;

LOCK TABLES `archive` WRITE;
/*!40000 ALTER TABLE `archive` DISABLE KEYS */;

INSERT INTO `archive` (`archive_id`, `archive_title`, `published`, `datePublished`, `archive_link`, `volume`, `issue`)
VALUES
	(9,'RNF Spring 2011',1,'2011-03-01 12:00:00','/forum_admin/files/Renal_Spring11_FINAL.pdf',30,2),
	(10,'RNF Summer 2011',1,'2011-06-01 12:00:00','/forum_admin/files/RNFSummer2011_FINAL.pdf',30,3),
	(11,'RNF Winter 2011',1,'2011-01-01 12:00:00','/forum_admin/files/RNF_Winter_2011_final.pdf',30,1),
	(12,'RNF Fall 2010',1,'2010-09-01 12:00:00','/forum_admin/files/RNFFall2010Full_issue.pdf',29,4),
	(13,'RNF Summer 2010',1,'2010-06-01 12:00:00','/forum_admin/files/RNF_Summer_2010_Final.pdf',29,3),
	(14,'RNF Spring 2010',1,'2010-03-01 12:00:00','/forum_admin/files/Renal_Spring10.pdf',29,2),
	(15,'RNF Winter 2010',1,'2010-01-01 12:00:00','/forum_admin/files/RNF_2010_Winter_Forum_v_Final.pdf',29,1),
	(16,'RNF Fall 2009',1,'2009-09-01 12:00:00','/forum_admin/files/Renal_Fall_ForumFINAL_full_issue.pdf',28,4),
	(17,'RNF Summer 2009',1,'2009-06-01 12:00:00','/forum_admin/files/RNF_Summer _09_issue.pdf',28,3),
	(18,'RNF Spring 2009',1,'2009-03-01 12:00:00','/forum_admin/files/Final_proof_erratum_updates_spring09.pdf',28,2),
	(19,'RNF Winter 2009',1,'2009-01-01 12:00:00','/forum_admin/files/RNF_Winter_2009.pdf',28,1),
	(20,'RNF Fall 2008',1,'2008-09-01 12:00:00','/forum_admin/files/Renal_Fall08.pdf',27,4),
	(21,'RNF Summer 2008',1,'2008-06-01 12:00:00','/forum_admin/files/rnf_summer_2008_issue.pdf',27,3),
	(22,'RNF Spring 2008',1,'2008-03-01 12:00:00','/forum_admin/files/rnf_spring_2008.pdf',27,2),
	(23,'RNF Winter 2008',1,'2008-01-01 12:00:00','/forum_admin/files/Renal_Winter_2008.pdf',27,1),
	(24,'RNF Fall 2007',1,'2007-09-01 12:00:00','/forum_admin/files/Renal_Fall07.pdf',26,4),
	(25,'RNF Summer 2007',1,'2007-06-01 12:00:00','/forum_admin/files/Renal_Summer07.pdf',26,3),
	(26,'RNF Spring 2007',1,'2007-03-01 12:00:00','/forum_admin/files/Renal_Spring_2007.pdf',26,2),
	(27,'RNF Winter 2007',1,'2007-01-01 12:00:00','/forum_admin/files/Renal_Winter_2007.pdf',26,1),
	(28,'RNF Fall 2006',1,'2006-09-01 12:00:00','/forum_admin/files/Renal_Fall_2006.pdf',25,4),
	(29,'RNF Summer 2006',1,'2006-06-01 12:00:00','/forum_admin/files/Renal_Summer06.pdf',25,3),
	(30,'RNF Spring 2006',1,'2006-03-01 12:00:00','/forum_admin/files/Renal_Spring_2006.pdf',25,2),
	(31,'RNF Winter 2006',1,'2006-01-01 12:00:00','/forum_admin/files/Renal_Winter_2006.pdf',25,1),
	(32,'RNF Fall 2005',1,'2005-09-01 12:00:00','/forum_admin/files/Renal_Fall_2005.pdf',24,4),
	(33,'RNF Summer 2005',1,'2005-06-01 12:00:00','/forum_admin/files/Renal_Summer_2005.pdf',24,3),
	(34,'RNF Spring 2005',1,'2005-03-01 12:00:00','/forum_admin/files/Renal_Spring_2005.pdf',24,2),
	(35,'RNF Winter 2005',1,'2005-01-01 12:00:00','/forum_admin/files/Renal_Winter_2005.pdf',24,1),
	(36,'RNF Fall 2004',1,'2004-09-01 12:00:00','/forum_admin/files/Renal_Fall_2004.pdf',23,4),
	(37,'RNF Summer 2004',1,'2004-06-01 12:00:00','/forum_admin/files/Renal_Summer_2004.pdf',23,3),
	(38,'RNF Spring 2004',1,'2004-03-01 12:00:00','/forum_admin/files/Renal_Spring_2004.pdf',23,2),
	(39,'RNF Fall 2003',1,'2003-09-01 12:00:00','/forum_admin/files/Renal_Fall_2003.pdf',22,4),
	(40,'RNF Summer 2003',1,'2003-06-01 12:00:00','/forum_admin/files/Renal_Summer_2003.pdf',22,3),
	(41,'RNF Fall 2011',1,'2011-09-01 12:00:00','/forum_admin/files/RNF_Fall_2011_Issue_Final.pdf',30,4),
	(43,'RNF Spring 2012',1,'2012-03-01 12:00:00','/forum_admin/files/RNF_Spring2012_Final.pdf',31,2),
	(44,'RNF  Summer 2012',1,'2012-06-01 12:00:00','/forum_admin/files/RNF_Summer_2012_Final.pdf',31,3),
	(45,'RNF Fall 2012',1,'2012-09-01 12:00:00','forum_pdf/RNF_Final_Vol 31_No4_2012.pdf',31,4),
	(47,'RNF 2013',1,'2013-01-01 12:00:00','http://www.renalnutrition.org/members_only/forum_pdf/Vol 32_No1 2012_F.pdf',32,1);

/*!40000 ALTER TABLE `archive` ENABLE KEYS */;
UNLOCK TABLES;


# Dump of table article
# ------------------------------------------------------------

DROP TABLE IF EXISTS `article`;

CREATE TABLE `article` (
  `article_id` int(11) unsigned NOT NULL AUTO_INCREMENT,
  `article_title` varchar(500) DEFAULT NULL,
  `article_link` varchar(250) DEFAULT NULL,
  `published` int(2) DEFAULT NULL,
  `description` text,
  `author` varchar(60) DEFAULT NULL,
  PRIMARY KEY (`article_id`),
  KEY `article_title` (`article_title`)
) ENGINE=InnoDB DEFAULT CHARSET=latin1;

LOCK TABLES `article` WRITE;
/*!40000 ALTER TABLE `article` DISABLE KEYS */;

INSERT INTO `article` (`article_id`, `article_title`, `article_link`, `published`, `description`, `author`)
VALUES
	(21,'Feature Article: Niacin: A Method of Control for Hyperphosph','/files/archives/RNFFall2010FeatureArticleCPEU.pdf',1,'<p>Feature Article: Niacin: A Method of Control for Hyperphosphatemia in Chronic Kidney Disease Stage 5 Patients<br />By Stacey Phillips</p>','Stacey Phillips'),
	(22,'Feature Article: Niacin: A Method of Control for Hyperphosph','/files/archives/RNFFall2010FeatureArticleCPEU.pdf',1,'<p>Feature Article: Niacin: A Method of Control for Hyperphosphatemia in Chronic Kidney Disease Stage 5 Patients<br />by Stacey Phillips</p>','Stacey Phillips'),
	(23,'Advances in Practice: Addressing the Growing Need for Chroni','/files/archives/RNFFall2010AdvancesinPracticeArticle.pdf',1,'<p>Advances in Practice: Addressing the Growing Need for Chronic Kidney Disease (CKD) Medical Nutrition Therapy in Primary Care Settings: Update on the National Kidney Disease Education Program&rsquo;s CKD Diet Initiative<br />by Eileen P.Newman and Anna Zawislanski</p>','Eileen P.Newman and Anna Zawislanski'),
	(24,'Feature Article: Malnutrition in a Maintenance Hemodialysis ','/files/archives/RNF_Winter_2011_Feature_article.pdf',1,'<p>Feature Article: Malnutrition in a Maintenance Hemodialysis Patient is Improved with Intradialytic Parenteral Nutrition (IDPN): A Case Study<br />by Mona Soucy</p>','Mona Soucy'),
	(25,'Advances in Practice: Nutritionally Focused Intradialytic Pa','/files/archives/RNF_Winter_2011_Adv_Prac_article.pdf',1,'<p>Advances in Practice: Nutritionally Focused Intradialytic Parenteral Nutrition (IDPN) Initiation<br />Jessianna Rose</p>','Jessianna Rose'),
	(27,'Feature Article: Vitamin A Deficiency in a Hemodialysis Pati','/files/archives/RNF_Spring_2011_Feature_Article.pdf',1,'<p>Feature Article: Vitamin A Deficiency in a Hemodialysis Patient &ndash; A Case Review<br />Rachael R. Majorowicz</p>','Rachael R. Majorowicz'),
	(28,'Feature Article: The Supplemented Vegan Low Protein Diet in ','/files/archives/RNF_Summer_2011-Feature_CPEU_article.pdf',1,'<p>Feature Article: The Supplemented Vegan Low Protein Diet in Chronic Kidney Disease Jennifer Moore and Roschelle Heuberger</p>','Jennifer Moore and Roschelle Heuberger'),
	(29,'Advances in Practice: Nutritional Assessment of an Adult Rec','/files/archives/RNF_Summer_2011_Adv_in_Practice_CPEU_article_1.pdf',1,'<p>Advances in Practice: Nutritional Assessment of an Adult Receiving Dialysis<br />Erin Ghaffari</p>','Erin Ghaffari'),
	(30,'Advances in Practice: Chronic Kidney Disease Medical Nutriti','/files/archives/RNF_Spring_2011_Adv_Practices.pdf',1,'<p>Advances in Practice: Chronic Kidney Disease Medical Nutrition Therapy: Guidelines for Effective Management<br />Amy Braglia Tarpey</p>','Amy Braglia Tarpey'),
	(31,'Feature Article: Effect of Short Daily Hemodialysis and Nigh','/files/archives/RNF_Summer_2010_CPEU_Feature Article.pdf',1,'<p>Feature Article: Effect of Short Daily Hemodialysis and Nightly Home Hemodialysis on Phosphorus Status<br />Jennifer Sullivan</p>','Jennifer Sullivan'),
	(32,'Advances in Practice: Management of Cardiovascular Disease i','/files/archives/RNF_Summer_2010_CPEU_Advances in Practice.pdf',1,'<p>Advances in Practice: Management of Cardiovascular Disease in Patients With Impaired Renal Function<br />Heidi D. Mathes</p>','Heidi D. Mathes'),
	(33,'Feature Article: Benefits of Vitamin D Supplementation on Ph','/files/archives/Renal_Spring10_Feature.pdf',1,'<p>Feature Article: Benefits of Vitamin D Supplementation on Physical Function in Chronic Kidney Disease (CKD) Patients<br />Josefine Lampasona and Jack Logomarsino</p>','Josefine Lampasona and Jack Logomarsino'),
	(34,'Advances in Practice: Nutrition and the Pediatric Renal Pati','/files/archives/Renal_Spring10_Advances.pdf',1,'<p>Advances in Practice: Nutrition and the Pediatric Renal Patient<br />Cynthia J. Terrill</p>','Cynthia J. Terrill'),
	(35,'Feature Article: A Dietitians Review of the RIFLE Classific','/files/archives/rnf_a_dietitian_review_of_rifle_winter2010.pdf',1,'<p>Feature Article: A Dietitian&rsquo;s Review of the RIFLE Classification of Acute Renal Failure and What It Means for Nutrition Therapy<br />Julie Hemann</p>','Julie Hemann'),
	(36,'Advances in Practice: Oral Nutrition Supplements and Outcome','/files/archives/advances_in_practice_oral_nutrition_winter2010.pdf',1,'<p>Advances in Practice: Oral Nutrition Supplements and Outcomes in Patients on Maintenance Dialysis<br />Philippa Norton-Feiertag</p>','Philippa Norton-Feiertag'),
	(37,'Feature Article: Eating Disorder Counseling in the Hemodialy','/files/archives/Renal_FallFeatureFINAL_09.pdf',1,'<p>Feature Article: Eating Disorder Counseling in the Hemodialysis Population: A Perspective Summary</p>\r\n<p>Dana M. Kiker, MA, MS, RD, LD</p>','Dana M. Kiker'),
	(38,'Advances in Practice: Case Study: An Accidental Overdose of ','/files/archives/Renal_Fall_CStudy-FINAL_09.pdf',1,'<p>Advances in Practice: Case Study: An Accidental Overdose of Ergocalciferol</p>\r\n<p>Raymond Campbell IV, RD, LD</p>','Raymond Campbell'),
	(39,'Feature Article: Diabesity, Fatabetes, or Metabolic Syndrome','/files/archives/featured_article_summer09.pdf',1,'<p>Feature Article: Diabesity, Fatabetes, or Metabolic Syndrome: Different Names . . . Same Condition?</p>\r\n<p>Susan L. Barlow, RD, CDE</p>','Susan L. Barlow'),
	(40,'Advances in Practices: An Introduction to Nutrigenomics for ','/files/archives/andvances_in_practice_sum09.pdf',1,'<p>Advances in Practices: An Introduction to Nutrigenomics for the Renal Dietetics Professional<br />Philippa Norton Feiertag, MEd, RD, LD</p>','Philippa Norton Feiertag'),
	(41,'Feature Article: Reducing Inflammation through Micronutrient','/files/archives/Inflammation_CPE_article_updated_spring09.pdf',1,'<p>Feature Article: Reducing Inflammation through Micronutrient Therapy for Chronic Kidney Disease<br />Becky C. Williamson and Deepa Handu, PhD, RD, LDN</p>','Becky C. Williamson and Deepa Handu'),
	(42,'Advances in Practices: Prevalence of RDs Publishing in Selec','/files/archives/rnf_spring2009_advances.pdf',1,'<p>Advances in Practices: Prevalence of RDs Publishing in Select Nutrition Journals<br />Debra Eisenbarth, MS, Brenda Walsh, MS, RD, and Alison Steiber, PhD, RD, LD</p>','Debra Eisenbarth, Brenda Walsh and Alison Steiber'),
	(43,'Feature Article: Medical Nutrition Therapy in Liver and Rena','/files/archives/RNF_Winter_2009_insert.pdf',1,'<p>Feature Article: Medical Nutrition Therapy in Liver and Renal Failure: Conflicts and Commonalities<br />Sara Di Cecco, MS, RD, LD</p>','Sara Di Cecco'),
	(44,'Advances in Practice: Applying Theories of Behavioral Change','/files/archives/RNF_Winter_Adv_Practice_Insert_2009.pdf',1,'<p>Advances in Practice: Applying Theories of Behavioral Change to Manage Interdialytic Fluid Gains in Patients Undergoing Maintenance Hemodialysis Therapy<br />Phillipa Norton-Feiertag, MEd, RD, LD</p>','Phillipa Norton-Feiertag'),
	(45,'Feature Article: Renal Tubular Dysfunction and Failure to Th','/files/archives/Renal_Fall08feature.pdf',1,'<p>Feature Article: Renal Tubular Dysfunction and Failure to Thrive in Children: A Case Study<br />Linda Phelan RD, CSR, LD</p>','Linda Phelan'),
	(46,'Advances in Practice:  If the Media Calls, Are You Ready?','/files/archives/Renal_Fall08advances.pdf',1,'<p>Advances in Practice: Nutrition Management of a Chronic Kidney Disease Patient with Obesity and Diabetes: A Case Study<br />Lynn K. Munson, RD, LD</p>','Christine M. Palumbo'),
	(47,'Feature Article: Hidden Phosphorus: A New Challenge for the ','/files/archives/summer2008_featured_vol27_no3.pdf',1,'<p>Feature Article: Hidden Phosphorus: A New Challenge for the Nephrology Dietitian<br />Lisa Gutekunst, MSEd, RD, CSR, CDN</p>','Lisa Gutekunst'),
	(48,'Advances in Practice: Nutrition Management of a Chronic Kidn','/files/archives/summer2008_advances_vol27_no3.pdf',1,'<p>Advances in Practice: Nutrition Management of a Chronic Kidney Disease Patient with Obesity and Diabetes: A Case Study<br />Lynn K. Munson, RD, LD</p>','Lynn K. Munson'),
	(49,'Summer 2008 Feature Article: Hidden Phosphorus, Figure 1','/files/archives/figure1_kidney_friendly_food_shelf_rnf_summer08.pdf',1,'<p>Summer 2008 Feature Article: Hidden Phosphorus, Figure 1<br />Lisa Gutekunst MSEd, RD, CSR, CDN</p>','Lisa Gutekunst'),
	(50,'Feature Article: The Impact of Alternative Medicine Therapie','/files/archives/spring2008_featured_vol27_no2.pdf',1,'<p>Feature Article: The Impact of Alternative Medicine Therapies on the Nutrition and Well-being of the Chronic Kidney Disease (CKD) Stage 5 Patient<br />Mona Soucy RD, CSR</p>','Mona Soucy'),
	(52,'Advances in Practice: Nutritional Strategies for Managing Ca','/files/archives/spring2008_advanced_vol27_no2.pdf',1,'<p>Advances in Practice: Nutritional Strategies for Managing Cardiovascular Disease in Adult Patients with Kidney Transplants<br />Philippa Norton Feiertag, MEd, RD, LD</p>','Philippa Norton Feiertag'),
	(53,'Feature Article: Impact of Evidence-Based Practice Web-Base','/files/archives/winter2008_featured_vol27_no1.pdf',1,'<p>Feature Article: mpact of Evidence-Based Practice &rdquo;Web-Based Modules on Perceptions, Attitudes and Knowledge of Evidence-Based Practice&rdquo;among Members of the Dietitians in Nutrition Support and Renal Dietitians Dietetic Practice Groups.<br />Anna R. Parker MS, RD, CDE, CNSD; Laura Byham-Gray Ph.D, RD, CNSD; Riva Touger-Decker Ph.D, RD; Julie O\\\'Sullivan-Maillet Ph.D RD; Diane Rigassio Radler Ph.D, RD<br /><br /></p>','Anna R. Parker, Laura Byham-Gray, Riva Touger-Decker, Julie '),
	(54,'Advances in Practice: Megestrol Acetate Therapy and Anorexia','/files/archives/winter2008_advances_vol27_no1.pdf',1,'<p>Advances in Practice: Megestrol Acetate Therapy and Anorexia in Patients with Chronic Kidney Disease Undergoing Maintenance Dialysis<br />Philippa Norton Feiertag, MEd, RD, LD</p>','Philippa Norton Feiertag'),
	(55,'Feature Article: Medical Nutrition Therapy for the Predialys','/files/archives/MNTforthePatientwithEarlyCKD_RNF_Fall_2007v.website.pdf',1,'<p>Feature Article: Medical Nutrition Therapy for the Predialysis CKD Patient<br />Lynn K. Munson, RD, LD</p>','Lynn K. Munson'),
	(56,'Advances in Practice: How to Increase Early Nutrition Interv','/files/archives/CKDRDRoundtableArticle_RNF_Fall_2007v.website.pdf',1,'<p>Advances in Practice: How to Increase Early Nutrition Intervention with CKD Patients<br />This article summarizes key insights from a roundtable discussion with renal dietitians. This article is written by Andrew S. Narva, MD, FACP, director of the National Kidney Disease Education Program at the National Institutes of Health<br />Andrew S. Narva, MD, FACP</p>','Andrew S. Narva'),
	(57,'Feature Article: Leaching Potassium from Tuberous Root Veget','/files/archives/Renal_Summer07feature.pdf',1,'<p>Feature Article: Leaching Potassium from Tuberous Root Vegetables <br />Jerrilynn D. Burrowes, PhD, RD, CDN</p>','Jerrilynn D. Burrowes'),
	(58,'Advances in Practice: Actual intake vs. prescribed diet in a','/files/archives/Renal_Summer07advance.pdf',1,'<p>Advances in Practice: Actual intake vs. prescribed diet in a hemodialysis population: Comparison using a two-day dietary recall<br />By Mary Sundell, RD, LD, CCRP</p>','Mary Sundell'),
	(59,'Summer 2007 Patient Education Tool','/files/archives/Renal_Summer_2007_color.pdf',1,'<p>Summer 2007 Patient Education Tool<br />By Mary Sundell, RD, LD, CCRP</p>','Mary Sundell'),
	(60,'Feature Article: An In-Depth Review of the Use of IV Vitamin','/files/archives/Renal_Spring_2007feature.pdf',1,'<p>Feature Article: An In-Depth Review of the Use of IV Vitamin D Analogs and Parathyroidectomy in the Management of Secondary Hyperparathyroidism to Treat Calcific Uremic Arteriolopathy in Dialysis Patients.<br />By Wai Yin Ho, R.D., L.D.</p>','Wai Yin Ho'),
	(61,'Advances in Practice: Leptin and Nutritional Status in Patie','/files/archives/Renal_Spring_2007practice.pdf',1,'<p>Advances in Practice: Leptin and Nutritional Status in Patients with CKD<br />By Philippa Norton Feiertag</p>','Philippa Norton Feiertag'),
	(62,'Feature Article: Vitamin and Mineral Recommendations for Old','/files/archives/Renal_Winter_2007feature.pdf',1,'<p>Feature Article: Vitamin and Mineral Recommendations for Older People with Chronic Kidney Disease<br />Tiffany Sellers, MS, RD, Melinda Bell, BS, Graduate Assistant and Dietetic Intern Elizabeth M. Speer, BS<br /><br /></p>','Tiffany Sellers, MS, RD, Melinda Bell, BS, Graduate Assistan'),
	(63,'Advances in Practice: Botanical supplement use and potential','/files/archives/Renal_Winter_2007advance.pdf',1,'<p>Advances in Practice: Botanical supplement use and potential side effects in patients with chronic kidney disease<br />By Phillipa Norton-Feirtag</p>','Phillipa Norton-Feirtag'),
	(64,'Feature Article: Impact Of Nutritional Supplements On Albumi','/files/archives/Renal_Fall_2006feature.pdf',1,'<p>Feature Article: Impact Of Nutritional Supplements On Albumin Levels Of Dialysis Patients: Nutrition Supplement Grant Program National Kidney Foundation Of South Carolina<br />By Roxanne G. Poole, RD, Abdullah Hamad, MD, Lynn Thomas, DrPH, RD, CNSD, Peggy Strawhorn</p>','Roxanne G. Poole,  Abdullah Hamad, Lynn Thomas, Peggy Strawh'),
	(65,'Feature Article: Potassium Management in Peritoneal Dialysis','/files/archives/Renal_Summer06feature.pdf',1,'<p>Feature Article: Potassium Management in Peritoneal Dialysis Patients: Can an Increased Potassium Diet Maintain a Normal Serum Potassium without a Potassium Supplement?<br />By Karen F. Factor, MBA, RD, LDN</p>','Karen F. Factor'),
	(66,'Feature Article: Nutritional Management of the Chronic Kidne','/files/archives/Renal_Spring_2006feature.pdf',1,'<p>Feature Article: Nutritional Management of the Chronic Kidney Disease Patient<br />By LeeAnn Smith, MPH, RD</p>','LeeAnn Smith'),
	(67,'Advances in Practice: Dietary supplement use in patients wit','/files/archives/Renal_Spring_2006advance.pdf',1,'<p>Advances in Practice: Dietary supplement use in patients with chronic kidney disease<br />By Philippa Norton Feiertag, MEd, RD, LD.</p>','Philippa Norton Feiertag'),
	(68,'Feature Article: Biotin in the Treatment of Uremic Neurologi','/files/archives/Renal_Winter_2007feature.pdf',1,'<p>Feature Article: Biotin in the Treatment of Uremic Neurologic Disorders<br />By Joy Lutz-Mizar, MS, RD, CNIS</p>','Joy Lutz-Mizar'),
	(69,'Advances in Practice: Strategies for optimizing nutritional ','/files/archives/Renal_Winter_2006advance.pdf',1,'<p>Advances in Practice: Strategies for optimizing nutritional intake and improving functional status in elderly patients undergoing maintenance dialysis therapy.<br />By Philippa Norton Feiertag, MEd, RD, LD</p>','Philippa Norton Feiertag'),
	(70,'Feature Article: The Effects of Alcohol on the Chronic Kidne','/files/archives/Renal_Fall_2005feature.pdf',1,'<p>Feature Article: The Effects of Alcohol on the Chronic Kidney Disease Population<br />By LeeAnn Smith, MPH, RD</p>','LeeAnn Smith'),
	(71,'Advances in Practice: IMPACT OF GHRELIN ON NUTRITIONAL STATU','/files/archives/Renal_Fall_2005advance.pdf',1,'<p>Advances in Practice: IMPACT OF GHRELIN ON NUTRITIONAL STATUS IN PATIENTS WITH CHRONIC KIDNEY DISEASE<br />Philippa Norton Feiertag, MEd, RD, LD</p>','Philippa Norton Feiertag'),
	(72,'Feature Article: Nutrition Management of the Patient with Ac','/files/archives/Renal_Summer_2005feature.pdf',1,'<p>Feature Article: Nutrition Management of the Patient with Acute Renal Failure<br />By Marcia Kalista-Richards, MPH, RD, CNSD, Robert Pursell, MD, Robert Gayner, MD</p>','Marcia Kalista-Richards, Robert Pursell, Robert Gayner'),
	(73,'Advances in Practice: Therapeutic Benefits of Fish Oils for ','/files/archives/Renal_Summer_2005advance.pdf',1,'<p>Advances in Practice: Therapeutic Benefits of Fish Oils for Patients with Chronic Kidney Disease<br />By Philippa Norton Feiertag, MEd, RD, LD</p>','Philippa Norton Feiertag'),
	(74,'Feature Article: The Use of Appetite Stimulants and Anabolic','/files/archives/Renal_Spring_2005feature.pdf',1,'<p>Feature Article: The Use of Appetite Stimulants and Anabolic Agents in Hemodialysis Patients<br />By Cheryl W. Gullickson, MS, RD, LD, CNSD</p>','Cheryl W. Gullickson'),
	(75,'Advances in Practice: Impact of Infection and the Immune Res','/files/archives/Renal_Spring_2005advance.pdf',1,'<p>Advances in Practice: Impact of Infection and the Immune Response on Nutritional Status in Patients with Chronic Kidney Disease Undergoing Maintenance Dialysis Therapy<br />By Philippa Norton Feiertag, MEd, RD, LD</p>','Philippa Norton Feiertag'),
	(76,'Feature Article: Impact of Metabolic Acidosis on Clinical Ou','/files/archives/Renal_Winter_2005feature.pdf',1,'<p>Feature Article: Impact of Metabolic Acidosis on Clinical Outcomes in Patients with Chronic Kidney Disease<br />By Philippa Norton Feiertag, MEd, RD, LD</p>','Philippa Norton Feiertag'),
	(77,'Feature Article: Nutrition and Nephrolithiasis','/files/archives/Renal_Fall_2004feature.pdf',1,'<p>Feature Article: Nutrition and Nephrolithiasis<br />Mansi Mehta</p>','Mansi Mehta'),
	(78,'Advances in Practice: New Approaches for Managing Bone Metab','/files/archives/Renal_Fall_2004advance.pdf',1,'<p>Advances in Practice: New Approaches for Managing Bone Metabolism and Disease in Chronic Kidney Disease<br />By Philippa Norton Feiertag, MEd, RD, CSR, LD</p>','Philippa Norton Feiertag'),
	(79,'Feature Article: Advances in the Treatment of Hyperphosphate','/files/archives/Renal_Summer_2004feature.pdf',1,'<p>Feature Article: Advances in the Treatment of Hyperphosphatemia: The Role of Lanthanum Carbonate<br />By William F. Finn, MD</p>','William F. Finn, MD'),
	(80,'Advances in Practice: Implications and Treatment Options for','/files/archives/Renal_Summer_2004advance.pdf',1,'<p>Advances in Practice: Implications and Treatment Options for Overweight and Obese Patients with Chronic Kidney Disease<br />By Philippa Norton Feiertag, MEd, RD, LD</p>','Philippa Norton Feiertag'),
	(81,'Feature Article: Assessing Readiness To Lose Weight','/files/archives/Renal_Spring_2004feature.pdf',1,'<p>Feature Article: Assessing Readiness To Lose Weight<br />Eve Gehling MEd, RD, CDE, Systems Manager, Center for Health Promotion, HealthPartners, Inc., Minneapolis, Minn.<br /><br /></p>','Eve Gehling'),
	(82,'Advances in Practice: Impact of different protein sources on','/files/archives/Renal_Spring_2004advance.pdf',1,'<p>Advances in Practice: Impact of different protein sources on health outcomes in adults with kidney disease<br />By Philippa Norton Feiertag, MEd, RD, CSR, LD.</p>','Philippa Norton Feiertag'),
	(83,'Feature Article: The Effectiveness of Lifestyle Intervention','/files/archives/Renal_Fall_2003feature.pdf',1,'<p>Feature Article: The Effectiveness of Lifestyle Intervention in the Diabetes Prevention Program: Application In Diverse Ethinic Groups<br />Linda Delahanty, MS, RD, Shandiin R. Begay, MPH, Norman Coocyate, Mary Hoskin, MS, RD, Mae Isonaga, RD, MPH, Erma J. Levy, MPH, RD, LDN, Kathy Mikami, RD, Sharon Ka`iulani Odom, MPH, RD, Kati Szamos, BS, RD<br /><br /></p>','Linda Delahanty, Shandiin R. Begay, Norman Coocyate, Mary Ho'),
	(84,'Advances in Practice: Carnitine supplementation in patients ','/files/archives/Renal_Fall_2003advance.pdf',1,'<p>Advances in Practice: Carnitine supplementation in patients undergoing maintenance dialysis therapy<br />Philippa Norton Feiertag, MEd, RD, CSR, LD</p>','Philippa Norton Feiertag'),
	(85,'Feature Article: Homocysteine: The Newest Uremic Toxin?','/files/archives/Renal_Summer_2003feature.pdf',1,'<p>Feature Article: Homocysteine: The Newest Uremic Toxin?<br />By Louise Clement, MS, RD, CSR, LD</p>','Louise Clement'),
	(86,'Advances in Practice: Improving health outcomes with exercis','/files/archives/Renal_Summer_2003advance.pdf',1,'<p>Advances in Practice: Improving health outcomes with exercise in patients with end-stage renal disease<br />Philippa Norton Feiertag, MEd, RD, CSR, LD</p>','Philippa Norton Feiertag'),
	(87,'Advances in Practice: Adoption of Evidence-Based Guidelines ','/files/archives/RNF_Fall_2011AdvPracArticle.pdf',1,'<p>Adoption of Evidence-Based Guidelines by Renal Dietitians in the United States<br />Megan Antosik, RD, Elizabeth Bancroft, MS, RD, LD, Nicole Ng, RD, and Jessie Pavlinac, MS, RD, CSR, LD</p>','Megan Antosik, Elizabeth Bancroft, Nicole Ng and Jessie Pavl'),
	(88,'Feature Article: The Benefits of Vegetarian Diets in Chronic','/files/archives/RNF_Fall_2011_Feature_Article.pdf',1,'<p>The Benefits of Vegetarian Diets in Chronic Kidney Disease<br />Joan Brookhyser Hogan, RD, CSR, CD</p>','Joan Brookhyser Hogan, RD, CSR, CD'),
	(89,'Feature Article: Nutrition Management of Gastric Bypass Pati','/files/archives/RNF_Spring_2012_Final.pdf',1,'<p><em><span class=\\\"maintitle\\\" style=\\\"font-weight: bold; text-align: left;\\\"><em>FEATURED ARTICLE</em></span><br /> Nutrition Management of Gastric Bypass Patients with Chronic Kidney Disease</em><br /> <span class=\\\"highlight\\\">Rachael Majorowicz, RD, LD</span><br /> <span class=\\\"copy\\\">1 hour, level 3<br /> </span></p>','Rachael Majorowicz, RD, LD'),
	(90,'Advance Practive: Developing the Research Question and Study','/files/archives/RNF_Spring2012_advance.pdf',1,'<p><em><span class=\\\"maintitle\\\"><em><strong>ADVANCES IN PRACTICE ARTICLE</strong></em></span><em></em><br /> Developing the Research Question and Study Design</em><br /> <span class=\\\"highlight\\\">Lauren M. Beckman, MS, RD and Carrie P. Earthman, PhD, RD</span><br /> <span class=\\\"copy\\\">1 hour, level 3</span></p>','Lauren M. Beckman, MS, RD and Carrie P. Earthman, PhD, RD'),
	(91,'Featured Article: Reimbursement in Multidisciplinary Medical','/files/archives/RNF_Summer_2012_featured_article.pdf',1,'<p>Featured Article: Reimbursement in Multidisciplinary Medical Practice<br />Mary Ann Hodorowicz, MBA, RD, CDE<br />1 hour, level 3</p>','Mary Ann Hodorowicz'),
	(92,'Advances in Practice: Pica: An Important & Unrecognized Prob','/files/archives/RNF_Summer_2012_adv_practice.pdf',1,'<p>Advances in Practice: Pica: An Important &amp; Unrecognized Problem in Pediatric Dialysis Patients<br />Chryso Pefkaros Katsoufis MD, Myerly Kertis RD, Judith McCullough PhD, Tanya Pereira MD, Wacharee Seeherunvong MD, Jayanthi Chandar MD, Gaston Zilleruelo, MD, and Carolyn Abitbol MD<br />1 hour, level 3</p>','Chryso Pefkaros Katsoufis, Myerly Kertis, Judith McCullough,'),
	(94,'Feature Article: Binder Bracelet Activity','/files/archives/RNF_FeatureArticle_Vol 31_No4_2012.pdf',1,'<p>Feature Article: Binder Bracelet Activity to Help Improve Binder Medication Compliance and Serum Phosphorus In Hemodialysis Patients<br />By Molly Ennis, RD, LD, Mildred Mattfeldt-Beman, PhD, RD, LD, Amy R. Moore, MPH, MS, RD, LD, Ajlina Karamehic-Muratovic, PhD</p>','Molly Ennis, Mildred Mattfeldt-Beman, Amy R. Moore and Ajlin'),
	(95,'Advances in Practice: Nutrition-focused Physical Exam','/files/archives/RNF_AdvPractice_Vol 31_No4_2012.pdf',1,'<p>Advances in Practice: Nutrition-focused Physical Examination: Skin, Nails, Hair, Eyes, and Oral Cavity<br />By Cassandra Pogatshnik, RD, LD, CNSC and Cindy Hamilton, MS, RD, LD, CNSD</p>','Cassandra Pogatshnik and Cindy Hamilton'),
	(96,'Featured Article: Utilizing the Nutrition Care Process and N','/files/archives/RPG2013Vol32No1FEATUREArticle.pdf',1,'<p>Featured Article: Utilizing the Nutrition Care Process and Nutrition-Focused Physical Exam in the Care of the Medically Complex Patient on Hemodialysis</p>\\r\\n<p>Mona Therrien, MSB, RD, CSR, LD<br /><br /></p>','Mona Therrien, MSB, RD, CSR, LD'),
	(97,'Advances in Practice: Rethinking Renal: A Coach Approach Cha','/files/archives/RPG2013Vol 32No1ADVANCESPracArticle.pdf',1,'<p>Advances in Practice: Rethinking Renal: A Coach Approach Challenging Treatment Norms and Incorporating Motivational Techniques<br />Desiree de Waal, MS, RD, CD, Kathe LeBeau, BA, Sharon Stall, MPH, RD, CSR, and Joan Hogan, RD, CSR, CD, CLT</p>','Desiree de Waal, MS, RD, CD, Kathe LeBeau, BA, Sharon Stall,');

/*!40000 ALTER TABLE `article` ENABLE KEYS */;
UNLOCK TABLES;


# Dump of table articlesearch
# ------------------------------------------------------------

DROP VIEW IF EXISTS `articlesearch`;

CREATE TABLE `articlesearch` (
   `article_title` VARCHAR(500) NULL DEFAULT NULL,
   `article_id` INT(11) UNSIGNED NOT NULL DEFAULT '0',
   `description` TEXT NULL DEFAULT NULL,
   `sub_name` VARCHAR(60) NULL DEFAULT NULL
) ENGINE=MyISAM;



# Dump of table articlesForArchive
# ------------------------------------------------------------

DROP TABLE IF EXISTS `articlesForArchive`;

CREATE TABLE `articlesForArchive` (
  `article_id` int(11) unsigned NOT NULL,
  `archive_id` int(11) DEFAULT NULL,
  PRIMARY KEY (`article_id`)
) ENGINE=InnoDB DEFAULT CHARSET=latin1;

LOCK TABLES `articlesForArchive` WRITE;
/*!40000 ALTER TABLE `articlesForArchive` DISABLE KEYS */;

INSERT INTO `articlesForArchive` (`article_id`, `archive_id`)
VALUES
	(21,12),
	(22,0),
	(23,12),
	(24,11),
	(25,11),
	(27,9),
	(28,10),
	(29,10),
	(30,9),
	(31,13),
	(32,13),
	(33,14),
	(34,14),
	(35,15),
	(36,15),
	(37,16),
	(38,16),
	(39,17),
	(40,17),
	(41,18),
	(42,18),
	(43,19),
	(44,19),
	(45,20),
	(46,20),
	(47,21),
	(48,21),
	(49,21),
	(50,22),
	(52,22),
	(53,23),
	(54,23),
	(55,24),
	(56,24),
	(57,25),
	(58,25),
	(59,25),
	(60,26),
	(61,26),
	(62,27),
	(63,27),
	(64,28),
	(65,29),
	(66,30),
	(67,30),
	(68,31),
	(69,31),
	(70,32),
	(71,32),
	(72,33),
	(73,33),
	(74,34),
	(75,34),
	(76,35),
	(77,36),
	(78,36),
	(79,37),
	(80,37),
	(81,38),
	(82,38),
	(83,39),
	(84,39),
	(85,40),
	(86,40),
	(87,41),
	(88,41),
	(89,43),
	(90,43),
	(91,44),
	(92,44),
	(94,45),
	(95,45),
	(96,47),
	(97,47);

/*!40000 ALTER TABLE `articlesForArchive` ENABLE KEYS */;
UNLOCK TABLES;


# Dump of table categories
# ------------------------------------------------------------

DROP TABLE IF EXISTS `categories`;

CREATE TABLE `categories` (
  `category_id` int(11) unsigned NOT NULL AUTO_INCREMENT,
  `category_name` varchar(60) DEFAULT NULL,
  `published` int(2) DEFAULT NULL,
  PRIMARY KEY (`category_id`),
  KEY `category_name` (`category_name`)
) ENGINE=InnoDB DEFAULT CHARSET=latin1;

LOCK TABLES `categories` WRITE;
/*!40000 ALTER TABLE `categories` DISABLE KEYS */;

INSERT INTO `categories` (`category_id`, `category_name`, `published`)
VALUES
	(1,'Author',1),
	(3,'Disease or Condition',1),
	(7,'Diet & Nutrition',1),
	(8,'CKD Stages 1-5',1),
	(9,'Nutrients, Additives & Supplements',1),
	(10,'Populations or Groups',1),
	(11,'Results or Outcomes',1),
	(12,'Treatments & Interventions',1),
	(13,'Dialysis',1),
	(14,'Interactions',1);

/*!40000 ALTER TABLE `categories` ENABLE KEYS */;
UNLOCK TABLES;


# Dump of table categoriesForArticle
# ------------------------------------------------------------

DROP TABLE IF EXISTS `categoriesForArticle`;

CREATE TABLE `categoriesForArticle` (
  `category_id` int(11) unsigned NOT NULL,
  `article_id` int(11) DEFAULT NULL
) ENGINE=InnoDB DEFAULT CHARSET=latin1;

LOCK TABLES `categoriesForArticle` WRITE;
/*!40000 ALTER TABLE `categoriesForArticle` DISABLE KEYS */;

INSERT INTO `categoriesForArticle` (`category_id`, `article_id`)
VALUES
	(3,14),
	(6,14),
	(5,14),
	(4,14),
	(2,15),
	(1,1),
	(2,1),
	(3,1),
	(8,1),
	(6,11),
	(7,11),
	(1,16),
	(2,16),
	(8,17),
	(2,17),
	(8,18),
	(2,18),
	(0,22),
	(50,27),
	(52,27),
	(56,24),
	(57,24),
	(58,25),
	(59,21),
	(60,21),
	(62,31),
	(63,31),
	(64,31),
	(65,32),
	(166,32),
	(67,33),
	(68,33),
	(69,34),
	(53,34),
	(70,35),
	(71,35),
	(72,36),
	(73,36),
	(74,37),
	(73,37),
	(75,38),
	(76,38),
	(77,39),
	(78,39),
	(79,40),
	(80,40),
	(81,41),
	(82,41),
	(83,41),
	(84,42),
	(86,44),
	(87,44),
	(88,45),
	(89,45),
	(90,45),
	(93,47),
	(94,47),
	(95,48),
	(96,48),
	(97,48),
	(98,49),
	(99,50),
	(100,50),
	(65,50),
	(65,52),
	(101,52),
	(102,53),
	(103,53),
	(104,53),
	(105,54),
	(106,54),
	(107,54),
	(53,56),
	(55,56),
	(110,57),
	(111,57),
	(112,58),
	(113,58),
	(114,59),
	(115,60),
	(116,60),
	(117,60),
	(118,60),
	(123,63),
	(124,63),
	(72,64),
	(125,64),
	(126,65),
	(127,65),
	(130,67),
	(132,67),
	(133,68),
	(134,68),
	(138,71),
	(139,71),
	(140,72),
	(53,72),
	(141,73),
	(142,73),
	(143,74),
	(144,74),
	(145,74),
	(145,75),
	(146,75),
	(167,75),
	(147,76),
	(148,76),
	(53,78),
	(151,78),
	(60,79),
	(152,79),
	(53,80),
	(153,80),
	(154,81),
	(155,81),
	(156,82),
	(157,82),
	(158,82),
	(159,83),
	(160,83),
	(161,83),
	(162,84),
	(145,84),
	(163,85),
	(41,28),
	(43,28),
	(44,28),
	(48,28),
	(49,28),
	(177,88),
	(170,88),
	(168,88),
	(53,30),
	(55,30),
	(172,30),
	(168,87),
	(169,87),
	(140,87),
	(173,87),
	(174,87),
	(175,87),
	(176,87),
	(172,87),
	(61,23),
	(53,23),
	(172,23),
	(85,43),
	(53,43),
	(172,43),
	(128,66),
	(129,66),
	(172,66),
	(137,70),
	(172,70),
	(45,29),
	(46,29),
	(47,29),
	(171,29),
	(121,62),
	(122,62),
	(171,62),
	(119,61),
	(120,61),
	(171,61),
	(108,55),
	(109,55),
	(171,55),
	(135,69),
	(136,69),
	(171,69),
	(149,77),
	(150,77),
	(171,77),
	(164,86),
	(145,86),
	(91,46),
	(92,46),
	(88,92),
	(178,94),
	(179,94),
	(180,94),
	(181,94),
	(182,94),
	(73,96),
	(45,96);

/*!40000 ALTER TABLE `categoriesForArticle` ENABLE KEYS */;
UNLOCK TABLES;


# Dump of table commerce
# ------------------------------------------------------------

DROP TABLE IF EXISTS `commerce`;

CREATE TABLE `commerce` (
  `site_id` int(11) unsigned NOT NULL AUTO_INCREMENT,
  `sales_tax` float DEFAULT NULL,
  `shipping_cost` float DEFAULT NULL,
  `auth_id` varchar(200) DEFAULT NULL,
  `trans_id` varchar(200) DEFAULT NULL,
  PRIMARY KEY (`site_id`)
) ENGINE=InnoDB DEFAULT CHARSET=latin1;

LOCK TABLES `commerce` WRITE;
/*!40000 ALTER TABLE `commerce` DISABLE KEYS */;

INSERT INTO `commerce` (`site_id`, `sales_tax`, `shipping_cost`, `auth_id`, `trans_id`)
VALUES
	(1,0,0,'6KgZ4ap4VA5','6L78wRzE6d75vHA4');

/*!40000 ALTER TABLE `commerce` ENABLE KEYS */;
UNLOCK TABLES;


# Dump of table contactInformation
# ------------------------------------------------------------

DROP TABLE IF EXISTS `contactInformation`;

CREATE TABLE `contactInformation` (
  `contact_id` int(11) unsigned NOT NULL AUTO_INCREMENT,
  `email` varchar(60) DEFAULT NULL,
  `address_id` int(11) DEFAULT NULL,
  `phonenumber` varchar(45) DEFAULT NULL,
  `faxnumber` varchar(45) DEFAULT NULL,
  `summary` text,
  PRIMARY KEY (`contact_id`)
) ENGINE=InnoDB DEFAULT CHARSET=latin1;

LOCK TABLES `contactInformation` WRITE;
/*!40000 ALTER TABLE `contactInformation` DISABLE KEYS */;

INSERT INTO `contactInformation` (`contact_id`, `email`, `address_id`, `phonenumber`, `faxnumber`, `summary`)
VALUES
	(1,'zack@octopodinteractive.com',35,'469.556.9406','','<p class=\"sprites-color_logo ir\">Renal Dietitians (RPG)</p><p>Renal Dietitians (RPG) consists of Registered Dietitians and other clinicians who provide renal nutrition therapy interventions and counseling in dialysis facilities, freestanding clinics, hospitals, private practice, and hospitals.</p><p>Renal Dietitians is a dietetic practice group of the Academy of Nutrition and Dietetics.</p>');

/*!40000 ALTER TABLE `contactInformation` ENABLE KEYS */;
UNLOCK TABLES;


# Dump of table content
# ------------------------------------------------------------

DROP TABLE IF EXISTS `content`;

CREATE TABLE `content` (
  `content_id` int(11) NOT NULL AUTO_INCREMENT,
  `user_id` varchar(11) DEFAULT NULL,
  `created_on` datetime DEFAULT NULL,
  `published` int(2) NOT NULL DEFAULT '0',
  `modified_on` timestamp NOT NULL DEFAULT CURRENT_TIMESTAMP ON UPDATE CURRENT_TIMESTAMP,
  `title` varchar(60) DEFAULT NULL,
  `access` int(60) DEFAULT NULL,
  `content` text,
  `modified_by` int(11) DEFAULT NULL,
  `searchable` text,
  `summary` text,
  `directLink` varchar(600) DEFAULT NULL,
  PRIMARY KEY (`content_id`),
  FULLTEXT KEY `title` (`title`,`searchable`)
) ENGINE=MyISAM DEFAULT CHARSET=latin1;

LOCK TABLES `content` WRITE;
/*!40000 ALTER TABLE `content` DISABLE KEYS */;

INSERT INTO `content` (`content_id`, `user_id`, `created_on`, `published`, `modified_on`, `title`, `access`, `content`, `modified_by`, `searchable`, `summary`, `directLink`)
VALUES
	(1,'2','2011-09-09 12:00:00',1,'2013-04-05 05:10:22','What is Black Ink?',2,'<dl><dd><code>{! productcategories:Webinars !}</code></dd></dl><div><code><br /></code></div><div>Lorem ipsum dolor sit amet, consectetur adipiscing elit. Integer nec odio. Praesent libero. Sed cursus ante dapibus diam. Sed nisi. Nulla quis sem at nibh elementum imperdiet. Duis sagittis ipsum. Praesent mauris. Fusce nec tellus sed augue semper porta. Mauris massa. Vestibulum lacinia arcu eget nulla. Class aptent taciti sociosqu ad litora torquent per conubia nostra, per inceptos himenaeos.</div><p>Curabitur sodales ligula in libero. Sed dignissim lacinia nunc. Curabitur tortor. Pellentesque nibh. Aenean quam. In scelerisque sem at dolor. Maecenas mattis. Sed convallis tristique sem. Proin ut ligula vel nunc egestas porttitor. Morbi lectus risus, iaculis vel, suscipit quis, luctus non, massa. Fusce ac turpis quis ligula lacinia aliquet. Mauris ipsum. Nulla metus metus, ullamcorper vel, tincidunt sed, euismod in, nibh.</p><p>Quisque volutpat condimentum velit. Class aptent taciti sociosqu ad litora torquent per conubia nostra, per inceptos himenaeos. Nam nec ante. Sed lacinia, urna non tincidunt mattis, tortor neque adipiscing diam, a cursus ipsum ante quis turpis. Nulla facilisi. Ut fringilla. Suspendisse potenti. Nunc feugiat mi a tellus consequat imperdiet. Vestibulum sapien. Proin quam. Etiam ultrices. Suspendisse in justo eu magna luctus suscipit.</p><p>Sed lectus. Integer euismod lacus luctus magna. Quisque cursus, metus vitae pharetra auctor, sem massa mattis sem, at interdum magna augue eget diam. Vestibulum ante ipsum primis in faucibus orci luctus et ultrices posuere cubilia Curae; Morbi lacinia molestie dui. Praesent blandit dolor. Sed non quam. In vel mi sit amet augue congue elementum. Morbi in ipsum sit amet pede facilisis laoreet. Donec lacus nunc, viverra nec, blandit vel, egestas et, augue. Vestibulum tincidunt malesuada tellus. Ut ultrices ultrices enim. Curabitur sit amet mauris.</p><p>Morbi in dui quis est pulvinar ullamcorper. Nulla facilisi. Integer lacinia sollicitudin massa. Cras metus. Sed aliquet risus a tortor. Integer id quam. Morbi mi. Quisque nisl felis, venenatis tristique, dignissim in, ultrices sit amet, augue. Proin sodales libero eget ante. Nulla quam. Aenean laoreet.</p>',1,'{! productcategories:Webinars !}\r\n\r\nLorem ipsum dolor sit amet, consectetur adipiscing elit. Integer nec odio. Praesent libero. Sed cursus ante dapibus diam. Sed nisi. Nulla quis sem at nibh elementum imperdiet. Duis sagittis ipsum. Praesent mauris. Fusce nec tellus sed augue semper porta. Mauris massa. Vestibulum lacinia arcu eget nulla. Class aptent taciti sociosqu ad litora torquent per conubia nostra, per inceptos himenaeos.\r\nCurabitur sodales ligula in libero. Sed dignissim lacinia nunc. Curabitur tortor. Pellentesque nibh. Aenean quam. In scelerisque sem at dolor. Maecenas mattis. Sed convallis tristique sem. Proin ut ligula vel nunc egestas porttitor. Morbi lectus risus, iaculis vel, suscipit quis, luctus non, massa. Fusce ac turpis quis ligula lacinia aliquet. Mauris ipsum. Nulla metus metus, ullamcorper vel, tincidunt sed, euismod in, nibh.\r\nQuisque volutpat condimentum velit. Class aptent taciti sociosqu ad litora torquent per conubia nostra, per inceptos himenaeos. Nam nec ante. Sed lacinia, urna non tincidunt mattis, tortor neque adipiscing diam, a cursus ipsum ante quis turpis. Nulla facilisi. Ut fringilla. Suspendisse potenti. Nunc feugiat mi a tellus consequat imperdiet. Vestibulum sapien. Proin quam. Etiam ultrices. Suspendisse in justo eu magna luctus suscipit.\r\nSed lectus. Integer euismod lacus luctus magna. Quisque cursus, metus vitae pharetra auctor, sem massa mattis sem, at interdum magna augue eget diam. Vestibulum ante ipsum primis in faucibus orci luctus et ultrices posuere cubilia Curae; Morbi lacinia molestie dui. Praesent blandit dolor. Sed non quam. In vel mi sit amet augue congue elementum. Morbi in ipsum sit amet pede facilisis laoreet. Donec lacus nunc, viverra nec, blandit vel, egestas et, augue. Vestibulum tincidunt malesuada tellus. Ut ultrices ultrices enim. Curabitur sit amet mauris.\r\nMorbi in dui quis est pulvinar ullamcorper. Nulla facilisi. Integer lacinia sollicitudin massa. Cras metus. Sed aliquet risus a tortor. Integer id quam. Morbi mi. Quisque nisl felis, venenatis tristique, dignissim in, ultrices sit amet, augue. Proin sodales libero eget ante. Nulla quam. Aenean laoreet.','Lorem ipsum dolor sit amet, consectetur adipiscing elit. Integer nec odio. Praesent libero. Sed cursus ante dapibus diam. Sed nisi. Nulla quis sem at nibh elementum imperdiet. Duis sagittis ipsum. Praesent mauris. Fusce nec tellus sed augue semper porta. Mauris massa. Vestibulum lacinia arcu eget nulla. Class aptent taciti sociosqu ad litora torquent per conubia nostra, per inceptos himenaeos. Curabitur sodales ligula in libero. Sed dignissim lacinia nunc. Curabitur tortor. Pellentesque nibh. Aenean quam. In scelerisque sem at dolor. Maecenas mattis. Sed convallis tristique sem. Proin ut ligula vel nunc egestas porttitor. Morbi lectus risus, iaculis vel, suscipit quis, luctus non, massa. Fusce ac turpis quis ligula lacinia aliquet. Mauris ipsum. Nulla metus metus, ullamcorper vel, tincidunt sed, euismod in, nibh.','what-is-black-ink'),
	(14,'2','2011-09-09 12:00:00',1,'2013-04-05 05:01:20','Black Ink.',1,'<p><img style=\"float: left; margin: 10px;\" title=\"iPhone\" src=\"../files/uploads/ipiphone.png\" alt=\"iPhone\" width=\"286\" height=\"470\" /></p><p>&nbsp;</p><p>{! Products:1 !}</p><p>Lorem ipsum dolor sit amet, consectetur adipiscing elit. Integer nec odio. Praesent libero. Sed cursus ante dapibus diam. Sed nisi. Nulla quis sem at nibh elementum imperdiet. Duis sagittis ipsum. Praesent mauris. Fusce nec tellus sed augue semper porta. Mauris massa. Vestibulum lacinia arcu eget nulla. Class aptent taciti sociosqu ad litora torquent per conubia nostra, per inceptos himenaeos.</p><p>Curabitur sodales ligula in libero. Sed dignissim lacinia nunc. Curabitur tortor. Pellentesque nibh. Aenean quam. In scelerisque sem at dolor. Maecenas mattis. Sed convallis tristique sem. Proin ut ligula vel nunc egestas porttitor. Morbi lectus risus, iaculis vel, suscipit quis, luctus non, massa. Fusce ac turpis quis ligula lacinia aliquet. Mauris ipsum. Nulla metus metus, ullamcorper vel, tincidunt sed, euismod in, nibh.</p><p>Quisque volutpat condimentum velit. Class aptent taciti sociosqu ad litora torquent per conubia nostra, per inceptos himenaeos. Nam nec ante. Sed lacinia, urna non tincidunt mattis, tortor neque adipiscing diam, a cursus ipsum ante quis turpis. Nulla facilisi. Ut fringilla. Suspendisse potenti. Nunc feugiat mi a tellus consequat imperdiet. Vestibulum sapien. Proin quam. Etiam ultrices. Suspendisse in justo eu magna luctus suscipit.</p><p>Sed lectus. Integer euismod lacus luctus magna. Quisque cursus, metus vitae pharetra auctor, sem massa mattis sem, at interdum magna augue eget diam. Vestibulum ante ipsum primis in faucibus orci luctus et ultrices posuere cubilia Curae; Morbi lacinia molestie dui. Praesent blandit dolor. Sed non quam. In vel mi sit amet augue congue elementum. Morbi in ipsum sit amet pede facilisis laoreet. Donec lacus nunc, viverra nec, blandit vel, egestas et, augue. Vestibulum tincidunt malesuada tellus. Ut ultrices ultrices enim. Curabitur sit amet mauris.</p><p>Morbi in dui quis est pulvinar ullamcorper. Nulla facilisi. Integer lacinia sollicitudin massa. Cras metus. Sed aliquet risus a tortor. Integer id quam. Morbi mi. Quisque nisl felis, venenatis tristique, dignissim in, ultrices sit amet, augue. Proin sodales libero eget ante. Nulla quam. Aenean laoreet.</p>',1,'\r\n&nbsp;\r\n{! Products:1 !}\r\nLorem ipsum dolor sit amet, consectetur adipiscing elit. Integer nec odio. Praesent libero. Sed cursus ante dapibus diam. Sed nisi. Nulla quis sem at nibh elementum imperdiet. Duis sagittis ipsum. Praesent mauris. Fusce nec tellus sed augue semper porta. Mauris massa. Vestibulum lacinia arcu eget nulla. Class aptent taciti sociosqu ad litora torquent per conubia nostra, per inceptos himenaeos.\r\nCurabitur sodales ligula in libero. Sed dignissim lacinia nunc. Curabitur tortor. Pellentesque nibh. Aenean quam. In scelerisque sem at dolor. Maecenas mattis. Sed convallis tristique sem. Proin ut ligula vel nunc egestas porttitor. Morbi lectus risus, iaculis vel, suscipit quis, luctus non, massa. Fusce ac turpis quis ligula lacinia aliquet. Mauris ipsum. Nulla metus metus, ullamcorper vel, tincidunt sed, euismod in, nibh.\r\nQuisque volutpat condimentum velit. Class aptent taciti sociosqu ad litora torquent per conubia nostra, per inceptos himenaeos. Nam nec ante. Sed lacinia, urna non tincidunt mattis, tortor neque adipiscing diam, a cursus ipsum ante quis turpis. Nulla facilisi. Ut fringilla. Suspendisse potenti. Nunc feugiat mi a tellus consequat imperdiet. Vestibulum sapien. Proin quam. Etiam ultrices. Suspendisse in justo eu magna luctus suscipit.\r\nSed lectus. Integer euismod lacus luctus magna. Quisque cursus, metus vitae pharetra auctor, sem massa mattis sem, at interdum magna augue eget diam. Vestibulum ante ipsum primis in faucibus orci luctus et ultrices posuere cubilia Curae; Morbi lacinia molestie dui. Praesent blandit dolor. Sed non quam. In vel mi sit amet augue congue elementum. Morbi in ipsum sit amet pede facilisis laoreet. Donec lacus nunc, viverra nec, blandit vel, egestas et, augue. Vestibulum tincidunt malesuada tellus. Ut ultrices ultrices enim. Curabitur sit amet mauris.\r\nMorbi in dui quis est pulvinar ullamcorper. Nulla facilisi. Integer lacinia sollicitudin massa. Cras metus. Sed aliquet risus a tortor. Integer id quam. Morbi mi. Quisque nisl felis, venenatis tristique, dignissim in, ultrices sit amet, augue. Proin sodales libero eget ante. Nulla quam. Aenean laoreet.','Lorem ipsum dolor sit amet, consectetur adipiscing elit. Integer nec odio. Praesent libero. Sed cursus ante dapibus diam. Sed nisi. Nulla quis sem at nibh elementum imperdiet. Duis sagittis ipsum. Praesent mauris. Fusce nec tellus sed augue semper porta. Mauris massa. Vestibulum lacinia arcu eget nulla. Class aptent taciti sociosqu ad litora torquent per conubia nostra, per inceptos himenaeos.','black-ink'),
	(15,'4','2013-05-04 09:09:30',1,'2013-05-09 01:00:09','RPG Board',1,'<p>For the board members\' contact information, you must login to the <strong><a href=\"/about-rpg/rpg-board-contact-information.html\">members area</a></strong>. [link]&nbsp;</p><h3><a name=\"chair\"></a>Officers</h3><h4><img style=\"float: left; margin-left: 4px; margin-right: 4px;\" title=\"Chair\" src=\"/files/images/Sarah_Kruger_106x133.jpg\" alt=\"Sarah Kruger, MS, RD, CSR\" />Sarah Kruger, MS, RD, CSR<br />Chair</h4><p>Sarah has a BS from Michigan State University and a MS from Case Western Reserve University, both in nutrition. She is currently a CKD Sales Specialist for Abbott Renal Care. Sarah has experience working at Renal Advantage Inc and started her own practice consulting CKD stage 3/4 patients. Sarah is also involved with other professional organizations including Chair for Michigan CRN.<a name=\"pastchair\"></a></p><p>&nbsp;</p><h4><img style=\"float: left; margin-left: 4px; margin-right: 4px;\" title=\"Immediate Past Chair\" src=\"/files/images/rachel_m.jpg\" alt=\"Rachel R Majorowicz, RD, LD\" />Rachael R Majorowicz, RD, LD<br />Immediate Past Chair</h4><p>Rachael has worked at Mayo Clinic outpatient hemodialysis providing patient care, creating educational materials, and providing nutrition education for medical students, nephrology fellows, nurses, and dietetic interns. She remains active in CRN-Minnesota planning numerous educational events for renal professionals and promoting patient programs.<a name=\"chairelect\"></a></p><p>&nbsp;</p><h4><img style=\"float: left; margin-left: 4px; margin-right: 4px;\" title=\"Chair-Elect\" src=\"/files/images/mary_kay_hensley_new.jpg\" alt=\"Mary Kay Hensley, MS, RD, CSR\" />Mary Kay Hensley, MS, RD, CSR<br />Chair-Elect</h4><p>Mary Kay Hensley has provided renal nutrition therapy for many years starting in Nebraska &amp; then in Indiana (IN). She is employed by Davita, Inc. in IN. She has served as the NKF-CRN Chair. She was instrumental in the launch of JREN during her tenure &amp; served on the first editorial board. She serves on the Board of Directors for NKF of Indiana &amp; is a past-President. She is an active member of the International Congress of Renal Nutrition &amp; Metabolism. Mary Kay served on the Academy Specialty Practice Board and was a member of the work group to develop the Renal Specialty Certification exam.<a name=\"sec\"></a></p><p>&nbsp;</p><h4><img style=\"float: left; margin-left: 4px; margin-right: 4px;\" title=\"Secretary\" src=\"/files/images/RPGJoAnnR_sm.jpg\" alt=\"JoAnn Randazzo, RD, CDN\" />JoAnn Randazzo, RD, CDN<br />Secretary</h4><p>JoAnn is employed as an outpatient dialysis dietitian and co-owner of a private practice, with a primary focus on corporate wellness programs. She is currently pursuing completion of her Master\'s Degree. In addition to being a member of the Academy of Nutrition &amp; Dietetics, she is affiliated with CRN-LI and the NYSDA. JoAnn is looking forward to being a Board Member of the Renal Dietitians Practice Group.<a name=\"treas\"></a></p><p>&nbsp;</p><h4><img style=\"float: left; margin-left: 4px; margin-right: 4px;\" title=\"Treasurer, Renal Nutrition Forum\" src=\"/files/images/stacey_phillips.gif\" alt=\"Stacey C. Phillips, RD, LD\" />Stacey C. Phillips, RD, LD<br />Treasurer, Renal Nutrition Forum</h4><p>Stacey is excited to continue on the RPG EC committee in the role of treasurer. She has been a dietitian for the last seven years and gets to work with patients in early CKD to transplantation. One of the highlights of being involved with RPG has been getting to know other dietitians and promoting our profession.<a name=\"hod\"></a></p><p>&nbsp;</p><h4><img style=\"float: left; margin-left: 4px; margin-right: 4px;\" title=\"HOD Member\" src=\"/files/images/RPG-Pam-Kent_sm.jpg\" alt=\"Pamela Kent\" />Pamela Kent<br />HOD Member</h4><p>Pam has been a renal dietitian for over 25 years. She has been an invited speaker at regional &amp; national conferences. Her publications include articles and book chapters focusing on obesity, medical nutrition therapy, IDPN, DM, liver disease, CKD and acute kidney injury. Pam has held several positions within RPG including Chair, Treasurer and Editor. In addition, she is the past NKF-CRN Spring Clinical Meetings Chair.<a name=\"media\"></a></p><p>&nbsp;</p><h3>Website &amp; Editorial Board</h3><h4><img style=\"float: left; margin-left: 4px; margin-right: 4px;\" title=\"Electronic Media Manager\" src=\"/files/images/cathy_g_m.jpg\" alt=\"Cathy M. Goeddke-Merickel, MS, RD, LD\" />Cathy M. Goeddeke-Merickel, MS, RD, LD<br />Electronic Media Manager</h4><p>Cathy is a Nephrology Dietitian &amp; Independent Clinical Consultant. She has clinical &amp; research experience in diabetes, obesity, CKD stages 1-5. She was a member of the Committee for Standards of Practice and Standards of Professional Performance for Nephrology Care; published in JADA &amp; JREN. Cathy has authored peer-reviewed journal articles, book chapters &amp; is an an invited speaker on topics such as botanical medicine, CKD diabetes, obesity/weight management, low literacy education &amp; nutrition/wellness. She has been a contributor for professional and patient education publications. She enjoys doing anything active outdoors!<a name=\"forumeditor\"></a></p><p>&nbsp;</p><h4><img style=\"float: left; margin-left: 4px; margin-right: 4px;\" title=\"Forum Editor, Renal Nutrition Forum\" src=\"/files/images/Sara_Erickson.jpg\" alt=\"Sara Erickson RD, CSR, LDN, CNSC\" />Sara Erickson RD, CSR, LDN, CNSC<br />Forum Editor, Renal Nutrition Forum</h4><p>Sara is the Pediatric Renal Dietitian for Levine Children&rsquo;s Hospital and Specialty Center in Charlotte, NC. She has worked in pediatrics for over 10 years &amp; transitioned to pediatric nephrology 2 yrs ago where she manages the nutrition care of patients at an outpatient clinic, dialysis unit, and transplant program. She received her BS from the U of North Carolina &ndash; Greensboro and completed her internship at East Carolina University at New Hanover Regional Medical Center in Wilmington, NC.<a name=\"coeditorone\"></a></p><p>&nbsp;</p><h4><img style=\"float: left; margin-left: 4px; margin-right: 4px;\" title=\"Co-Editor, Renal Nutrition Forum\" src=\"/files/images/amy_tarpey_new.jpg\" alt=\"Amy Tarpey\" />Amy Tarpey<br />Co-Editor, Renal Nutrition Forum</h4><p>Amy is employed as a renal nutrition sales executive at Pentec Health and has had a small private practice for patients with CKD stages 1-4 since 2004. Previously, she worked as a renal dietitian in acute care, chronic ambulatory, nutrition support and research settings. She received a BA in Psychology from the U of Arizona and an MS in Nutritional Science from California State University, Long Beach. She is looking forward to a new challenge as part of the Renal Nutrition Forum Editorial team, but hopes she will still have time for her long runs.<a name=\"coeditortwo\"></a></p><p>&nbsp;</p><h4><img style=\"float: left; margin-left: 4px; margin-right: 4px;\" title=\"Co-Editor, Renal Nutrition Forum\" src=\"/files/images/Jackie_Tremont.jpg\" alt=\"Jackie Termont\" />Jackie Termont<br />Co-Editor, Renal Nutrition Forum</h4><p>Jackie has been a renal dietitian for DaVita Dialysis in Richmond, VA since 2008. Originally from Indiana, she earned her undergraduate degree in dietetics at Purdue University. She previously worked for a small hospital in southern Michigan before moving with her husband to Richmond. She was the co-chair for the Virginia CRN and has recently accepted the position of the RNF Co-Editor. She still finds time to bake which makes her co-workers very happy!<a name=\"advertising\"></a></p><p>&nbsp;</p><h4><img style=\"float: left; margin-left: 4px; margin-right: 4px;\" title=\"Advertising Editor, Renal Nutrition Forum\" src=\"/files/images/Emily_Cutler.jpg\" alt=\"Emily Cutler, MS, RD, LDN\" />Emily Cutler, MS, RD, LDN<br />Adversting Editor, Renal Nutrition Forum</h4><p>She has experience working with nutrition support, renal nutrition, and health/wellness. She enjoys educating &amp; caring for dialysis patients, while working in outpatient dialysis (FMS) on Chicago\'s southside. She recently worked at a facility with a focus on nutrition support/critical illness, and continued to educate and care for CKD and HD patients. In addition to renal nutrition, she continues to pursue a passion of promoting health and wellness. She loves to cook, run, travel, and spend time with her husband and toddler daughter.<a name=\"membership\"></a></p><p><br /><br /></p><h3>Committee Chairs</h3><h4><img style=\"float: left; margin-left: 4px; margin-right: 4px;\" title=\"Membership Outreach Chair\" src=\"/files/images/Nilma_Desai_103x125.jpg\" alt=\"Nilma Desai, MS, BS, RD\" />Nilma Desai, MS, BS, RD<br />Membership Outreach Chair</h4><p>Nilma received her B.S. in Nutrition and Dietetics from California State University, Long Beach and M.S. in Public Health Nutrition degree from Loma Linda University. She has over 6 years of experience in renal nutrition working for Abbott Pharmaceuticals and DaVita dialysis center. She currently works as a consulting dietitian counseling CKD Stage 3/4 patients and writes continuing education modules for Gannett Education. She also previously served on the Ex Boards for the Southern California NKF and CRN.<a name=\"webinar\"></a></p><p>&nbsp;</p><h4><img style=\"float: left; margin-left: 4px; margin-right: 4px;\" title=\"Webinar Chair\" src=\"/files/images/annamarie_rodriguez.jpg\" alt=\"Annamarie Rodriguez\" />Annamarie Rodriguez<br />Webinar Chair</h4><p>Annamarie is employed by Sanofi Renal as a Renal Clinical consultant. Her work experience encompasses renal nutrition and pharmaceuticals in both sales, education and as an account manager with oral/injectable drug therapies and IDPN. She has served in a variety of committees with local NKF and CRN chapters in San Antonio and currently in WI, and is presently serving as chair for WI CRN. Personal interests include football, gardening, volunteer activities, cooking, antiquing and \'one day\' will learn to speak Spanish and play the violin.<a name=\"social\"></a></p><p>&nbsp;</p><h4><img style=\"float: left; margin-left: 4px; margin-right: 4px;\" title=\"Social Media Chair\" src=\"/files/images/RPG-Sarah-Coffin_sm.jpg\" alt=\"Sarah Coffin\" />Sarah Coffin<br />Social Media Chair</h4><p>Sarah Coffin career began as a hospital dietitian in La Jolla Ca, and transitioned into 15+ years of renal nutrition at various dialysis clinics, and nutrition instructor at local colleges. She later expanded into pharmaceutical sales with Abbott Renal Care. With Coffin\'s motivation to help and educate others about the importance of nutrition, she is currently teaching at Palomar College, a health writer for Gannett Education, and has served on various educational symposia committees with the NKF &amp; CRN of Southern California.<a name=\"project\"></a></p><p>&nbsp;</p><h4><img style=\"float: left; margin-left: 4px; margin-right: 4px;\" title=\"Project Chair\" src=\"/files/images/Meg_McCartney.jpg\" alt=\"Meg McCartney, RD, LDN\" />Meg McCartney, RD, LDN<br />Project Chair</h4><p>For the past five years, Meg has found her niche in renal nutrition, where she enjoys bridging the clinical and relational aspects of dialysis care for patients. Prior to that, her experience was in nutrition support and hospital food service, after earning her BS from Michigan State University. She has also been involved with the Chicago Dietetics Association and volunteering for NKF in Chicago.<a name=\"kidney\"></a></p><p>&nbsp;</p><h4><img style=\"float: left; margin-left: 4px; margin-right: 4px;\" title=\"Kidney Friendly Food Shelf Chair\" src=\"/files/images/RPGLindseyZ.jpg\" alt=\"Lindsey Zirker RD, LD\" />Lindsey Zirker RD, LD<br />Kidney Friendly Food Shelf Chair</h4><p>Lindsey has a BS from Brigham Young University. She has a varied background with experience in eating disorders, research/development, health/wellness programs, and teaching community cooking and nutrition classes. She currently works at an outpatient dialysis clinic with hemo and peritoneal dialysis patients. Lindsey has served on the NKF Education Committee and as the Chair for the West Division Regional Dietitian Conference for Liberty Dialysis.<a name=\"website\"></a></p><p>&nbsp;</p><h4><img style=\"float: left; margin-left: 4px; margin-right: 4px;\" title=\"Website Reviewer Subcommittee Chair\" src=\"/files/images/erin_nelson_new.jpg\" alt=\"Erin Nelson\" />Erin Nelson<br />Website Reviewer Subcommittee Chair</h4><p>Erin earned her B.S. in Nutritional Sciences from Texas A&amp;M University and completed her internship &amp; M.S. of Public Health in Health Promotion &amp; Behavioral Sciences from the U of Texas School of Public Health. She currently works for Aramark at St. Luke\'s Episcopal Hospital. She has been working with Kidney &amp; Pancreas Transplant patients since 2009. Prior to that she covered general medicine patients and previously served on the Houston Academy of Nutrition and Dietetics Board of Directors.<a name=\"ipad\"></a></p><p>&nbsp;</p><h4><img style=\"float: left; margin-left: 4px; margin-right: 4px;\" title=\"iPad Subcommittee Chair\" src=\"/files/images/MelissaPrest.jpg\" alt=\"Melissa Prest\" />Melissa Prest<br />iPad Subcommittee Chair</h4><p>Melissa has her MS in Clinical Nutrition from the University of Medicine and Dentistry of New Jersey. Her thesis research focused on nutrition assessment in hemodialysis patients. She has worked in clinical dietetics with a focus on cardiology &amp; rehab/diabetes/physical rehab, &amp; long-term care. For the past 4 yrs she has provided MNT therapy for in-center hemodialysis &amp; peritoneal dialysis patients. Melissa is an active board member for NKF-CRN Illinois chapter &amp; local dietetic association.<a name=\"handout\"></a></p><p>&nbsp;</p><h4><img style=\"float: left; margin-left: 4px; margin-right: 4px;\" title=\"Handouts Subcommittee Chair\" src=\"/files/images/Rita_Milam_new.jpg\" alt=\"Rita Milam\" />Rita Milam<br />Handouts Subcommittee Chair</h4><p>Rita is a clinical dietitian at Central Arkansas Veterans Healthcare System. She works with the MOVE weight management program &amp; veterans with CKD on hemodialysis &amp; peritoneal dialysis. Previously she was a renal dietitian in a local dialysis clinic &amp; started her career as a clinical dietitian after completing her dietetic internship. She has a Masters of Arts in English-technical and expository writing. Rita enjoys cooking, flower gardening, &amp; traveling with her husband and 3 dogs.<a name=\"prc\"></a></p><p>&nbsp;</p><h4><img style=\"float: left; margin-left: 4px; margin-right: 4px;\" title=\"Professional Resource Center Coordinator\" src=\"/files/images/nadiya.gif\" alt=\"Nadiya Lakhani\" />Nadiya Lakhani<br />Professional Resource Center Coordinator</h4><p>Nadiya graduated from UT Southwestern Medical Center in Dallas and found her passion in renal nutrition. She is working for FMC and also works as a Clinical Dietitian for HCA hospitals and as a Private Consultant in the community. Nadiya recently assisted with a study for Protocol Management with Dallas Nephrology Associates. Nadiya has been a Legislative Co-Chair for Dallas Dietetic Association, actively involved with NKF Spring Seminar and is currently serving as the Chair for North Texas CRN.<a name=\"public\"></a></p><p>&nbsp;</p><h4><img style=\"float: left; margin-left: 4px; margin-right: 4px;\" title=\"Public Policy/MNT Chair\" src=\"/files/images/RPG-Sarah-Mott_sm.jpg\" alt=\"Sarah Mott, MS, RD, LDN\" />Sarah Mott MS, RD, LDN<br />Public Policy/MNT Chair</h4><p>Sarah has spent 6 years working in outpatient dialysis clinics and provided care for in-center hemodialysis, peritoneal dialysis, and home hemodialysis patients. She received her BS degree from Central Michigan University and her MS from Mount Mary College. Sarah is now working towards a Master\'s in Public Health at the University of Michigan with a focus on health management &amp; policy. Sarah is currently serving as a National Kidney Disease Education Program Coordinating Panel member.<a name=\"awards\"></a></p><p>&nbsp;</p><h4><img style=\"float: left; margin-left: 4px; margin-right: 4px;\" title=\"Awards/Scholarship Chair\" src=\"/files/images/sandy_sm.jpg\" alt=\"Sandy McDonald-Hangach, RD\" />Sandy McDonald-Hangach, RD<br />Awards/Scholarshp Chair</h4><p>Sandy is currently employed at Davita . She works at 2 facilities in Detroit Mich and has been a Renal Dietitian for the past 12 yrs. She belongs to the following professional organizations Academy of Nutrition and Dietetics, RPG, CRN of Michigan, and Southeastern Michigan Dietetic Association, and MDA. When she is not working or volunteering for professional organizations she travels, exercises, reads, eats out, shops, attends movies and spends time with family &amp; friends!<a name=\"mentor\"></a></p><p>&nbsp;</p><h4>OPEN POSITION<br />Mentor Chair<a name=\"nominatingone\"></a></h4><p>&nbsp;</p><h4><img style=\"float: left; margin-left: 4px; margin-right: 4px;\" title=\"Nominating Chair\" src=\"/files/images/RPG-Elizabeth-Neumann_sm.jpg\" alt=\"Elizabeth Neumann\" />Elizabeth Neumann<br />Nominating Chair</h4><p>Elizabeth Neumann has been an outpatient Renal Dietitian at US Renal Care for the past 5 years. She covers 3 clinics &amp; manages the nutritional care of over 100 patients. She serves as Treasurer for CRN-Fort Worth &amp; is past President of Fort Worth Dietitic Association. Her work experience includes pediatrics, geriatrics, pharmaceutical sales and Clinical Instructor at the U of Texas Dental School. She is an avid scuba diver, gardener and snow skier.<a name=\"nominatingtwo\"></a></p><p>&nbsp;</p><h4><img style=\"float: left; margin-left: 4px; margin-right: 4px;\" title=\"Nominating Chair\" src=\"/files/images/RPG-Valerie-Hannah_sm.jpg\" alt=\"Valarie Hannah\" />Valarie Hannahs<br />Nominating Member</h4><p>Valarie has worked in renal since 2007 as an outpatient renal dietitian &amp; now as the Corporate Manager of Renal Nutrition with American Renal Associates. She earned her B.S. in Medical Dietetics from Ohio State University and M.S. in Exercise Science &amp; Health Promotion from California University of Pennsylvania. Valarie is a member of RPG, &amp; SCAN and NKF &amp; CRN of Ohio. Motivating dietitians to be more involved &amp; creating educational opportunities are a few of the many goals she hopes to achieve with RPG. Valarie also provides nutrition counseling &amp; in her spare time competes in a variety of outdoor events.<a name=\"nominatingthree\"></a></p><p>&nbsp;</p><h4>Betty Parry Fisher, MS, RD<br />Nominating Member</h4><p>Bio coming soon...</p><h4><a name=\"academy\"></a></h4><p><br /><br /></p><h3>Academy of Nutrition and Dietetics</h3><h4><img style=\"float: left; margin-left: 4px; margin-right: 4px;\" title=\"Academy of Nutrition and Dietetics Team\" src=\"/files/images/susan.jpg\" alt=\"Susan Dupraw, MPH, RD\" />Susan Dupraw, MPH, RD<br />Academy of Nutrition and Dietetics Manager, Practice Team</h4><p>Susan works on the Practice Team at the Academy of Nutrition and Dietetics in Chicago, IL. My role at the Academy is to promote and assist in coordinating activities of five dietetic practice groups. My previous positions included clinical nutrition, nutrition education and nutrition marketing.</p>',4,'For the board members\' contact information, you must login to the members area. [link]&nbsp;\r\nOfficers\r\nSarah Kruger, MS, RD, CSRChair\r\nSarah has a BS from Michigan State University and a MS from Case Western Reserve University, both in nutrition. She is currently a CKD Sales Specialist for Abbott Renal Care. Sarah has experience working at Renal Advantage Inc and started her own practice consulting CKD stage 3/4 patients. Sarah is also involved with other professional organizations including Chair for Michigan CRN.\r\n&nbsp;\r\nRachael R Majorowicz, RD, LDImmediate Past Chair\r\nRachael has worked at Mayo Clinic outpatient hemodialysis providing patient care, creating educational materials, and providing nutrition education for medical students, nephrology fellows, nurses, and dietetic interns. She remains active in CRN-Minnesota planning numerous educational events for renal professionals and promoting patient programs.\r\n&nbsp;\r\nMary Kay Hensley, MS, RD, CSRChair-Elect\r\nMary Kay Hensley has provided renal nutrition therapy for many years starting in Nebraska &amp; then in Indiana (IN). She is employed by Davita, Inc. in IN. She has served as the NKF-CRN Chair. She was instrumental in the launch of JREN during her tenure &amp; served on the first editorial board. She serves on the Board of Directors for NKF of Indiana &amp; is a past-President. She is an active member of the International Congress of Renal Nutrition &amp; Metabolism. Mary Kay served on the Academy Specialty Practice Board and was a member of the work group to develop the Renal Specialty Certification exam.\r\n&nbsp;\r\nJoAnn Randazzo, RD, CDNSecretary\r\nJoAnn is employed as an outpatient dialysis dietitian and co-owner of a private practice, with a primary focus on corporate wellness programs. She is currently pursuing completion of her Master\'s Degree. In addition to being a member of the Academy of Nutrition &amp; Dietetics, she is affiliated with CRN-LI and the NYSDA. JoAnn is looking forward to being a Board Member of the Renal Dietitians Practice Group.\r\n&nbsp;\r\nStacey C. Phillips, RD, LDTreasurer, Renal Nutrition Forum\r\nStacey is excited to continue on the RPG EC committee in the role of treasurer. She has been a dietitian for the last seven years and gets to work with patients in early CKD to transplantation. One of the highlights of being involved with RPG has been getting to know other dietitians and promoting our profession.\r\n&nbsp;\r\nPamela KentHOD Member\r\nPam has been a renal dietitian for over 25 years. She has been an invited speaker at regional &amp; national conferences. Her publications include articles and book chapters focusing on obesity, medical nutrition therapy, IDPN, DM, liver disease, CKD and acute kidney injury. Pam has held several positions within RPG including Chair, Treasurer and Editor. In addition, she is the past NKF-CRN Spring Clinical Meetings Chair.\r\n&nbsp;\r\nWebsite &amp; Editorial Board\r\nCathy M. Goeddeke-Merickel, MS, RD, LDElectronic Media Manager\r\nCathy is a Nephrology Dietitian &amp; Independent Clinical Consultant. She has clinical &amp; research experience in diabetes, obesity, CKD stages 1-5. She was a member of the Committee for Standards of Practice and Standards of Professional Performance for Nephrology Care; published in JADA &amp; JREN. Cathy has authored peer-reviewed journal articles, book chapters &amp; is an an invited speaker on topics such as botanical medicine, CKD diabetes, obesity/weight management, low literacy education &amp; nutrition/wellness. She has been a contributor for professional and patient education publications. She enjoys doing anything active outdoors!\r\n&nbsp;\r\nSara Erickson RD, CSR, LDN, CNSCForum Editor, Renal Nutrition Forum\r\nSara is the Pediatric Renal Dietitian for Levine Children&rsquo;s Hospital and Specialty Center in Charlotte, NC. She has worked in pediatrics for over 10 years &amp; transitioned to pediatric nephrology 2 yrs ago where she manages the nutrition care of patients at an outpatient clinic, dialysis unit, and transplant program. She received her BS from the U of North Carolina &ndash; Greensboro and completed her internship at East Carolina University at New Hanover Regional Medical Center in Wilmington, NC.\r\n&nbsp;\r\nAmy TarpeyCo-Editor, Renal Nutrition Forum\r\nAmy is employed as a renal nutrition sales executive at Pentec Health and has had a small private practice for patients with CKD stages 1-4 since 2004. Previously, she worked as a renal dietitian in acute care, chronic ambulatory, nutrition support and research settings. She received a BA in Psychology from the U of Arizona and an MS in Nutritional Science from California State University, Long Beach. She is looking forward to a new challenge as part of the Renal Nutrition Forum Editorial team, but hopes she will still have time for her long runs.\r\n&nbsp;\r\nJackie TermontCo-Editor, Renal Nutrition Forum\r\nJackie has been a renal dietitian for DaVita Dialysis in Richmond, VA since 2008. Originally from Indiana, she earned her undergraduate degree in dietetics at Purdue University. She previously worked for a small hospital in southern Michigan before moving with her husband to Richmond. She was the co-chair for the Virginia CRN and has recently accepted the position of the RNF Co-Editor. She still finds time to bake which makes her co-workers very happy!\r\n&nbsp;\r\nEmily Cutler, MS, RD, LDNAdversting Editor, Renal Nutrition Forum\r\nShe has experience working with nutrition support, renal nutrition, and health/wellness. She enjoys educating &amp; caring for dialysis patients, while working in outpatient dialysis (FMS) on Chicago\'s southside. She recently worked at a facility with a focus on nutrition support/critical illness, and continued to educate and care for CKD and HD patients. In addition to renal nutrition, she continues to pursue a passion of promoting health and wellness. She loves to cook, run, travel, and spend time with her husband and toddler daughter.\r\n\r\nCommittee Chairs\r\nNilma Desai, MS, BS, RDMembership Outreach Chair\r\nNilma received her B.S. in Nutrition and Dietetics from California State University, Long Beach and M.S. in Public Health Nutrition degree from Loma Linda University. She has over 6 years of experience in renal nutrition working for Abbott Pharmaceuticals and DaVita dialysis center. She currently works as a consulting dietitian counseling CKD Stage 3/4 patients and writes continuing education modules for Gannett Education. She also previously served on the Ex Boards for the Southern California NKF and CRN.\r\n&nbsp;\r\nAnnamarie RodriguezWebinar Chair\r\nAnnamarie is employed by Sanofi Renal as a Renal Clinical consultant. Her work experience encompasses renal nutrition and pharmaceuticals in both sales, education and as an account manager with oral/injectable drug therapies and IDPN. She has served in a variety of committees with local NKF and CRN chapters in San Antonio and currently in WI, and is presently serving as chair for WI CRN. Personal interests include football, gardening, volunteer activities, cooking, antiquing and \'one day\' will learn to speak Spanish and play the violin.\r\n&nbsp;\r\nSarah CoffinSocial Media Chair\r\nSarah Coffin career began as a hospital dietitian in La Jolla Ca, and transitioned into 15+ years of renal nutrition at various dialysis clinics, and nutrition instructor at local colleges. She later expanded into pharmaceutical sales with Abbott Renal Care. With Coffin\'s motivation to help and educate others about the importance of nutrition, she is currently teaching at Palomar College, a health writer for Gannett Education, and has served on various educational symposia committees with the NKF &amp; CRN of Southern California.\r\n&nbsp;\r\nMeg McCartney, RD, LDNProject Chair\r\nFor the past five years, Meg has found her niche in renal nutrition, where she enjoys bridging the clinical and relational aspects of dialysis care for patients. Prior to that, her experience was in nutrition support and hospital food service, after earning her BS from Michigan State University. She has also been involved with the Chicago Dietetics Association and volunteering for NKF in Chicago.\r\n&nbsp;\r\nLindsey Zirker RD, LDKidney Friendly Food Shelf Chair\r\nLindsey has a BS from Brigham Young University. She has a varied background with experience in eating disorders, research/development, health/wellness programs, and teaching community cooking and nutrition classes. She currently works at an outpatient dialysis clinic with hemo and peritoneal dialysis patients. Lindsey has served on the NKF Education Committee and as the Chair for the West Division Regional Dietitian Conference for Liberty Dialysis.\r\n&nbsp;\r\nErin NelsonWebsite Reviewer Subcommittee Chair\r\nErin earned her B.S. in Nutritional Sciences from Texas A&amp;M University and completed her internship &amp; M.S. of Public Health in Health Promotion &amp; Behavioral Sciences from the U of Texas School of Public Health. She currently works for Aramark at St. Luke\'s Episcopal Hospital. She has been working with Kidney &amp; Pancreas Transplant patients since 2009. Prior to that she covered general medicine patients and previously served on the Houston Academy of Nutrition and Dietetics Board of Directors.\r\n&nbsp;\r\nMelissa PrestiPad Subcommittee Chair\r\nMelissa has her MS in Clinical Nutrition from the University of Medicine and Dentistry of New Jersey. Her thesis research focused on nutrition assessment in hemodialysis patients. She has worked in clinical dietetics with a focus on cardiology &amp; rehab/diabetes/physical rehab, &amp; long-term care. For the past 4 yrs she has provided MNT therapy for in-center hemodialysis &amp; peritoneal dialysis patients. Melissa is an active board member for NKF-CRN Illinois chapter &amp; local dietetic association.\r\n&nbsp;\r\nRita MilamHandouts Subcommittee Chair\r\nRita is a clinical dietitian at Central Arkansas Veterans Healthcare System. She works with the MOVE weight management program &amp; veterans with CKD on hemodialysis &amp; peritoneal dialysis. Previously she was a renal dietitian in a local dialysis clinic &amp; started her career as a clinical dietitian after completing her dietetic internship. She has a Masters of Arts in English-technical and expository writing. Rita enjoys cooking, flower gardening, &amp; traveling with her husband and 3 dogs.\r\n&nbsp;\r\nNadiya LakhaniProfessional Resource Center Coordinator\r\nNadiya graduated from UT Southwestern Medical Center in Dallas and found her passion in renal nutrition. She is working for FMC and also works as a Clinical Dietitian for HCA hospitals and as a Private Consultant in the community. Nadiya recently assisted with a study for Protocol Management with Dallas Nephrology Associates. Nadiya has been a Legislative Co-Chair for Dallas Dietetic Association, actively involved with NKF Spring Seminar and is currently serving as the Chair for North Texas CRN.\r\n&nbsp;\r\nSarah Mott MS, RD, LDNPublic Policy/MNT Chair\r\nSarah has spent 6 years working in outpatient dialysis clinics and provided care for in-center hemodialysis, peritoneal dialysis, and home hemodialysis patients. She received her BS degree from Central Michigan University and her MS from Mount Mary College. Sarah is now working towards a Master\'s in Public Health at the University of Michigan with a focus on health management &amp; policy. Sarah is currently serving as a National Kidney Disease Education Program Coordinating Panel member.\r\n&nbsp;\r\nSandy McDonald-Hangach, RDAwards/Scholarshp Chair\r\nSandy is currently employed at Davita . She works at 2 facilities in Detroit Mich and has been a Renal Dietitian for the past 12 yrs. She belongs to the following professional organizations Academy of Nutrition and Dietetics, RPG, CRN of Michigan, and Southeastern Michigan Dietetic Association, and MDA. When she is not working or volunteering for professional organizations she travels, exercises, reads, eats out, shops, attends movies and spends time with family &amp; friends!\r\n&nbsp;\r\nOPEN POSITIONMentor Chair\r\n&nbsp;\r\nElizabeth NeumannNominating Chair\r\nElizabeth Neumann has been an outpatient Renal Dietitian at US Renal Care for the past 5 years. She covers 3 clinics &amp; manages the nutritional care of over 100 patients. She serves as Treasurer for CRN-Fort Worth &amp; is past President of Fort Worth Dietitic Association. Her work experience includes pediatrics, geriatrics, pharmaceutical sales and Clinical Instructor at the U of Texas Dental School. She is an avid scuba diver, gardener and snow skier.\r\n&nbsp;\r\nValarie HannahsNominating Member\r\nValarie has worked in renal since 2007 as an outpatient renal dietitian &amp; now as the Corporate Manager of Renal Nutrition with American Renal Associates. She earned her B.S. in Medical Dietetics from Ohio State University and M.S. in Exercise Science &amp; Health Promotion from California University of Pennsylvania. Valarie is a member of RPG, &amp; SCAN and NKF &amp; CRN of Ohio. Motivating dietitians to be more involved &amp; creating educational opportunities are a few of the many goals she hopes to achieve with RPG. Valarie also provides nutrition counseling &amp; in her spare time competes in a variety of outdoor events.\r\n&nbsp;\r\nBetty Parry Fisher, MS, RDNominating Member\r\nBio coming soon...\r\n\r\n\r\nAcademy of Nutrition and Dietetics\r\nSusan Dupraw, MPH, RDAcademy of Nutrition and Dietetics Manager, Practice Team\r\nSusan works on the Practice Team at the Academy of Nutrition and Dietetics in Chicago, IL. My role at the Academy is to promote and assist in coordinating activities of five dietetic practice groups. My previous positions included clinical nutrition, nutrition education and nutrition marketing.','2012 - 2013 Officers, , RPG Executive Committee, RPG Board','rpg-board'),
	(16,'4','2013-05-04 09:27:01',1,'2013-05-04 10:20:14','Benefits of Membership',1,'<h3>Receive the quarterly peer-reviewed publication, <em>Renal Nutrition Forum</em>.</h3><ul><li>Feature articles on a variety of nephrology nutrition issues enchance our knowledge and for continuing education.</li><li>Stipend reports contain conference summaries and highlights from members who have attended a conference in which RPG provided a stipend.</li><li>Relevant nutrition tips that can be shared with chronic kidney disease patients and their families.</li><li><strong>Plus much more&hellip;&hellip;&hellip;&hellip;.</strong><br />Subscription for the membership year, begins with the Summer issue of the Forum, and continues through the Fall, Winter, and Spring Issues.<br />Contact the Membership Chairperson if you do not receive all issues.</li></ul><h3>Access to the new Professiona Resource Center (formerly the Lending Library).</h3><ul><li>Access to the new Professional Resource Center allows you to check out current texts and other materials free of charge except for the shipping costs. The library contains several of the texts that are recommended for review for the Certified Specialist in Renal Nutrition exam. We are constantly expanding and updating the library to include the latest resources.</li></ul><h3>Access to the members only area of RPG website, renalnutrition.org</h3><ul><li>Archives of the Renal Nutrition Forum</li><li>Clinical Articles of Interest</li><li>Patient Education Materials for purchase and download</li><li>Patient Education Handouts</li><li>Legislative, Reimbursement Resource</li></ul><h3>Are eligible to apply for stipends, scholarships, and grants.</h3><ul><li>For attending nephrology education conferences and meetings</li><li>For a scholarship worth $1,000.00 towards the pursuit of an advanced degree in nutrition.</li><li>For research in the field of nephrology nutrition</li><li>Eligibility begins after 1 year of RPG membership.<br />View scholarship and grant information. [add link]</li></ul><h3>Benefit from publications, which advance technical and clinical skills enhancing professional and patient education.</h3><ul><li>The Guidelines for Nutrition Care of Renal Patients</li><li>The Clinical Guide to Nutrition Care in End Stage Renal Disease, third edition (in progress)</li><li>Medical Nutrition Therapy Across the Continuum of Care</li></ul><h3>The RPG Dietetics Practice Group</h3><ul><li>Plans a scientific session on renal nutrition topics, suggested by RPG members, at the Academy of Nutrition and Dietetics FNCE annual meeting.</li><li>Provides a collective voice to promote the interest of renal dietitians and affect change in policy and legislation.</li><li>Has an alliance with the National Kidney Foundation &ndash; Council on Renal Nutrition, to coordinate joint efforts and educational opportunities.</li><li>Provides an avenue through which RPG members can influence the future direction of The Academy through the Council on Practice.</li><li>Awards an &ldquo;Outstanding Service Award&rdquo;, to a member who has made significant contributions to the clinical practice and profession of renal nutrition.</li></ul>',4,'Receive the quarterly peer-reviewed publication, Renal Nutrition Forum.\r\n\r\nFeature articles on a variety of nephrology nutrition issues enchance our knowledge and for continuing education.\r\nStipend reports contain conference summaries and highlights from members who have attended a conference in which RPG provided a stipend.\r\nRelevant nutrition tips that can be shared with chronic kidney disease patients and their families.\r\nPlus much more&hellip;&hellip;&hellip;&hellip;.Subscription for the membership year, begins with the Summer issue of the Forum, and continues through the Fall, Winter, and Spring Issues.Contact the Membership Chairperson if you do not receive all issues.\r\n\r\nAccess to the new Professiona Resource Center (formerly the Lending Library).\r\n\r\nAccess to the new Professional Resource Center allows you to check out current texts and other materials free of charge except for the shipping costs. The library contains several of the texts that are recommended for review for the Certified Specialist in Renal Nutrition exam. We are constantly expanding and updating the library to include the latest resources.\r\n\r\nAccess to the members only area of RPG website, renalnutrition.org\r\n\r\nArchives of the Renal Nutrition Forum\r\nClinical Articles of Interest\r\nPatient Education Materials for purchase and download\r\nPatient Education Handouts\r\nLegislative, Reimbursement Resource\r\n\r\nAre eligible to apply for stipends, scholarships, and grants.\r\n\r\nFor attending nephrology education conferences and meetings\r\nFor a scholarship worth $1,000.00 towards the pursuit of an advanced degree in nutrition.\r\nFor research in the field of nephrology nutrition\r\nEligibility begins after 1 year of RPG membership.View scholarship and grant information. [add link]\r\n\r\nBenefit from publications, which advance technical and clinical skills enhancing professional and patient education.\r\n\r\nThe Guidelines for Nutrition Care of Renal Patients\r\nThe Clinical Guide to Nutrition Care in End Stage Renal Disease, third edition (in progress)\r\nMedical Nutrition Therapy Across the Continuum of Care\r\n\r\nThe RPG Dietetics Practice Group\r\n\r\nPlans a scientific session on renal nutrition topics, suggested by RPG members, at the Academy of Nutrition and Dietetics FNCE annual meeting.\r\nProvides a collective voice to promote the interest of renal dietitians and affect change in policy and legislation.\r\nHas an alliance with the National Kidney Foundation &ndash; Council on Renal Nutrition, to coordinate joint efforts and educational opportunities.\r\nProvides an avenue through which RPG members can influence the future direction of The Academy through the Council on Practice.\r\nAwards an &ldquo;Outstanding Service Award&rdquo;, to a member who has made significant contributions to the clinical practice and profession of renal nutrition.\r\n','Benefits of Membership','benefits-of-membership'),
	(17,'4','2013-05-04 10:01:08',1,'2013-05-04 10:12:10','About Renal Dietitians (RPG)',1,'<h3>Mission</h3><p>Empowering members to be the nation\'s leaders in nephrology nutrition.</p><h3>Vision</h3><p>RPG members are a valued source of expertise in nephrology nutrition.</p><h3>Strategic Plan 2012 - 2017</h3><ol><li>To be a premiere source of nephrology nutrition<br />a. Provide relevant clinical resources, valued initiative and programs to engage a diverse membership<br />b. Enhance and promote the development of innovative resources for membership<br />c. Support members in professional development endeavors and career ladder progression</li><li>Adapt and respond to current and future societal trends impacting the nephrology community<br />a. Embrace new technologies for communication and education<br />b. Provide resources to encompass changing societal demographics and improve our membership\'s cultural and behavior change competencies</li><li>Promote advocacy of nephrology nutrition issues<br />a. Advocate for nephrology nutrition issues<br />b. Support research and resources impacting nephrology nutrition<br />c. Develop relationships with organizations to maximize collaborations on nephrology related concerns<br />d. Inform and engage our membership on public policy issues impacting nephrology</li></ol>',4,'Mission\r\nEmpowering members to be the nation\'s leaders in nephrology nutrition.\r\nVision\r\nRPG members are a valued source of expertise in nephrology nutrition.\r\nStrategic Plan 2012 - 2017\r\n\r\nTo be a premiere source of nephrology nutritiona. Provide relevant clinical resources, valued initiative and programs to engage a diverse membershipb. Enhance and promote the development of innovative resources for membershipc. Support members in professional development endeavors and career ladder progression\r\nAdapt and respond to current and future societal trends impacting the nephrology communitya. Embrace new technologies for communication and educationb. Provide resources to encompass changing societal demographics and improve our membership\'s cultural and behavior change competencies\r\nPromote advocacy of nephrology nutrition issuesa. Advocate for nephrology nutrition issuesb. Support research and resources impacting nephrology nutritionc. Develop relationships with organizations to maximize collaborations on nephrology related concernsd. Inform and engage our membership on public policy issues impacting nephrology\r\n','About RPG','about-renal-dietitians-rpg'),
	(18,'4','2013-05-04 11:17:52',1,'2013-05-04 11:22:57','Join or Renew RPG Membership',1,'<h3>How Do I Join?</h3><p>If you are an Academy member, <strong><a href=\"http://www.eatright.org\" target=\"_blank\">click here</a></strong>. You will be taken to the Academy of Nutrition and Dietetics website where you can login to your profile and join RPG online. Once logged-in, look at your membership account information and add the Renal Dietitians (RPG) as a DPG.</p><p align=\"center\">You also can call the Academy at (800/877-1600 ext. 5000) to join today.</p><p>The membership year runs from June 1 through May 31. The Academy accepts payment for the current year through the end of January. Once you have joined, the Academy will inform RPG and you will start receiving your emails and mailings. Any printed issues missed (from the current membership year) of the Renal Nutrition Forum willl be mailed to you.</p><h3>Renew Renal Dietitians (RPG) Membership</h3><p>The membership year runs from June 1 through May 31. The Academy accepts payment for the current year through the end of February. Once you have joined, ANAD will inform us and you will start receiving your mailings. All back issues of newsletters will be mailed to you.</p><ul><li>Online<br />To pay dues: <strong><a href=\"http://www.eatright.org/dues\" target=\"_blank\">www.eatright.org/dues</a></strong><br />To join online: <strong><a href=\"http://www.eatright.org/myada/join/find.aspx\" target=\"_blank\">www.eatright.org/myada/join/find.aspx</a></strong></li><li>By Phone<br />Contact the Academy&rsquo;s Member Service Center at 1-800-877-1600 ext. 5000.</li></ul>',4,'How Do I Join?\r\nIf you are an Academy member, click here. You will be taken to the Academy of Nutrition and Dietetics website where you can login to your profile and join RPG online. Once logged-in, look at your membership account information and add the Renal Dietitians (RPG) as a DPG.\r\nYou also can call the Academy at (800/877-1600 ext. 5000) to join today.\r\nThe membership year runs from June 1 through May 31. The Academy accepts payment for the current year through the end of January. Once you have joined, the Academy will inform RPG and you will start receiving your emails and mailings. Any printed issues missed (from the current membership year) of the Renal Nutrition Forum willl be mailed to you.\r\nRenew Renal Dietitians (RPG) Membership\r\nThe membership year runs from June 1 through May 31. The Academy accepts payment for the current year through the end of February. Once you have joined, ANAD will inform us and you will start receiving your mailings. All back issues of newsletters will be mailed to you.\r\n\r\nOnlineTo pay dues: www.eatright.org/duesTo join online: www.eatright.org/myada/join/find.aspx\r\nBy PhoneContact the Academy&rsquo;s Member Service Center at 1-800-877-1600 ext. 5000.\r\n','How to Join RPG or Renew RPG Membership','join-or-renew-rpg-membership'),
	(19,'4','2013-05-04 11:35:45',1,'2013-05-09 03:44:00','Awards/Stipends',1,'<p>Are you missing your opportunity to be part of a great organization with RPG? Don\'t wait and <a href=\"/about-rpg/join-or-renew-rpg.html\">join RPG NOW</a> to start receiving your valuable member benefits such as stipends for conferences, scholarships, a minimum of 8 CPEUs per year are offered and so much more! <a href=\"/about-rpg/join-or-renew-rpg.html\">Join RPG/ANAD Now!</a><br /><br />Applications in members area. [link]</p><h3>RPG Awards</h3><h5>RPG Outstanding Service Award (OSA) Recipients &amp; Archives: Application in members area. [link]</h5><table style=\"width: 500px;\" border=\"0\" cellspacing=\"0\" cellpadding=\"5\"><tbody><tr align=\"left\" valign=\"top\"><td><p>Jerrilynn D. Burrowes<br /> Philippa Norton Feiertag<br /> Catherine M. Goeddeke-Merickel<br /> Karen Basinger<br /> Cathi J. Martin<br /> Laura Byham-Gray<br /> Judith Beto</p></td><td><p>Maureen McCarthy<br /> Mary Kay Lebryk<br /> Rebecca P. Bradley<br /> Kathy Schiro Harvey<br /> Patricia Edwards-Hare<br /> Sheila Millington<br /> Carolyn Cochran</p></td></tr></tbody></table><h3>RPG Scholarships</h3><h5>RPG Post Graduate Scholarship: Application in members area [link]</h5><table style=\"width: 320px;\" border=\"0\" cellspacing=\"0\" cellpadding=\"3\"><tbody><tr class=\"copy\" align=\"left\" valign=\"top\"><td class=\"copy\"><p align=\"center\">Meike Orlick - $2000<br />Joyce Vergili - $2000<br />Christine Wittmer - $2000<br />JoAnne Corporate - $2000<br />Sharon Brandl<br />Bruce Smith<br />Maria Karalis<br />Ronna Beisecker - $1000<br />Lori Williams - $1000<br />Pauline Williams - $1000</p></td></tr></tbody></table><h5>&nbsp;</h5><h5>Academy Foundation-Abbott Nutrition Grant</h5><table style=\"width: 320px;\"><tbody><tr><td height=\"21\"><p align=\"center\">Alison Steiber [link]</p></td></tr></tbody></table><h5>&nbsp;</h5><h5>FNCE Student Scholarships - 2011</h5><table style=\"width: 500px;\" border=\"0\" cellspacing=\"0\" cellpadding=\"3\"><tbody><tr align=\"left\" valign=\"top\"><td><strong>Kira McNealy</strong><br />San Diego State University<br /> <em>\"I feel better prepared, more confident, and ready to launch my nutrition career. Thank you for the opportunity and support. Without you, students like me would not be able to have an experience like this.\"</em></td></tr><tr align=\"left\" valign=\"top\"><td class=\"copy\"><strong>Jenny Lee</strong><br /> California State University Long Beach<br /> <em>\"I was reminded at FNCE that we are all a part of a bigger picture, each of us working toward a common goal as dietitians.\"</em></td></tr><tr align=\"left\" valign=\"top\"><td height=\"28\"><strong>Wan-Ju (Ann) Lin, RD</strong><br /> California State University Los Angeles<br /> <em>\"It\'s a great way for networking, continuous learning and experiencing.\"</em></td></tr><tr align=\"left\" valign=\"top\"><td><strong>Kate Kauffman</strong></td></tr><tr align=\"left\" valign=\"top\"><td height=\"25\"><strong>Shelby Shackett</strong></td></tr><tr align=\"left\" valign=\"top\"><td height=\"25\"><strong>Ana Garcia</strong></td></tr></tbody></table><h5>&nbsp;</h5><h5>RPG Conference/Meeting Stipend Awards: Application in members area [link]</h5><table style=\"width: 500px;\" border=\"0\" cellspacing=\"0\" cellpadding=\"0\"><tbody><tr><td align=\"left\" valign=\"top\"><table border=\"0\" cellspacing=\"0\" cellpadding=\"3\"><tbody><tr align=\"left\" valign=\"top\"><td>Therese Tomak (NKF, May 2012) <br /> Peggy Harum (NKF, May 2012) <br /> Adele Huls (FNCE, Sept 2011) <br /> Cheryl Montgomery (FNCE, Sept 2011) <br /> Marianne Hutton (FNCE, Sept 2011)</td></tr><tr align=\"left\" valign=\"top\"><td>Jan Fischer NKF, April 2010 <br /> Christine Shermata, NKF, April 2010<br /> Maureen McCarthy, International Nutrition Conference</td></tr><tr align=\"left\" valign=\"top\"><td>Christine Dobmeier, Mayo Nutrition in Health/Disease Conf Sept 2009</td></tr><tr align=\"left\" valign=\"top\"><td>Sandra McDonald-Hangach, FNCE<br /> Dan Rosselli, Annual Dialysis Conference<br /> Ruth Kruk, NKF Clinical Meetings</td></tr><tr align=\"left\" valign=\"top\"><td>Christina Buccino, FNCE</td></tr><tr align=\"left\" valign=\"top\"><td>Alison M. Hull, Nwest<br /> Jean Olson, NKF <br /> Susan Salmi, NKF</td></tr><tr align=\"left\" valign=\"top\"><td>Roxanne Poole, FNCE</td></tr><tr align=\"left\" valign=\"top\"><td><p>Karan Dalgas, NKF <br /> Lisa Lawkins, NKF <br /> Joyce Vergili, NKF <br /> Maureen McCarthy, Conf<br /> Alison Rigby, NKF <br /> Paula Rhoades, NKF <br /> Susan Tweeddale NKF</p></td></tr></tbody></table></td><td align=\"left\" valign=\"top\"><table border=\"0\" cellspacing=\"0\" cellpadding=\"3\"><tbody><tr align=\"left\" valign=\"top\"><td colspan=\"2\"><p>Roxanne Poole, FNCE<br /> Deb Blair, NKF<br /> Martha Loeffler, NKF<br /> Joyce Mooty, NKF<br /> Julie Geraci, Conf<br /> Carrie Hall, FNCE<br /> Susan Scarpelli, Rural Nephr</p></td></tr><tr align=\"left\" valign=\"top\"><td colspan=\"2\">Jeanette Soinski, NKF<br /> Virginia Walega, NKF<br /> Heather Ohlrich, NKF<br /> Sandra McDonald Hangach, NKF</td></tr><tr align=\"left\" valign=\"top\"><td colspan=\"2\">Cindy Paret, SCM<br /> Debra Blair, SCM<br /> Julie Bui, SCM<br /> Mary Lee Mull, SCM<br /> Lorraine Hanna, SCM<br /> Maureen McCarthy, NWRD<br /> Deborah Raunig, NWRD<br /> Patricia Weber, DM Ed Mtg<br /> Louise Clements, NKF</td></tr><tr align=\"left\" valign=\"top\"><td colspan=\"2\">View past year recipients.</td></tr><tr><td>&nbsp;</td><td>&nbsp;</td></tr></tbody></table></td></tr></tbody></table><h5>&nbsp;</h5><h5>RPG 50 Year Members</h5><table style=\"width: 500px;\"><tbody><tr><td>Marilyn J Goska</td><td>Janice L Byrd</td></tr><tr><td>Annie B Jelks</td><td>Janice L Cullen</td></tr><tr><td>Emma S Weigley</td><td>Maureen R Kachinski</td></tr><tr><td>Despina A Zerdes</td><td>Julia J Kula</td></tr><tr><td>Drena M Damascos</td><td>Mary Jane O\'Connor Lee</td></tr><tr><td>Norma Ramirez-Kent</td><td>Joyce Mooty</td></tr><tr><td>Rachel G Stern</td><td>Mamie L Shaw</td></tr><tr><td>&nbsp;</td><td>Lois J Wangerman</td></tr><tr><td>&nbsp;</td><td>Patricia H Younie</td></tr></tbody></table>',4,'Are you missing your opportunity to be part of a great organization with RPG? Don\'t wait and join RPG NOW to start receiving your valuable member benefits such as stipends for conferences, scholarships, a minimum of 8 CPEUs per year are offered and so much more! Join RPG/ANAD Now!Applications in members area. [link]\r\nRPG Awards\r\nRPG Outstanding Service Award (OSA) Recipients &amp; Archives: Application in members area. [link]\r\n\r\n\r\n\r\n\r\nJerrilynn D. Burrowes Philippa Norton Feiertag Catherine M. Goeddeke-Merickel Karen Basinger Cathi J. Martin Laura Byham-Gray Judith Beto\r\n\r\n\r\nMaureen McCarthy Mary Kay Lebryk Rebecca P. Bradley Kathy Schiro Harvey Patricia Edwards-Hare Sheila Millington Carolyn Cochran\r\n\r\n\r\n\r\n\r\nRPG Scholarships\r\nRPG Post Graduate Scholarship: Application in members area [link]\r\n\r\n\r\n\r\n\r\nMeike Orlick - $2000Joyce Vergili - $2000Christine Wittmer - $2000JoAnne Corporate - $2000Sharon BrandlBruce SmithMaria KaralisRonna Beisecker - $1000Lori Williams - $1000Pauline Williams - $1000\r\n\r\n\r\n\r\n\r\n&nbsp;\r\nAcademy Foundation-Abbott Nutrition Grant\r\n\r\n\r\n\r\n\r\nAlison Steiber [link]\r\n\r\n\r\n\r\n\r\n&nbsp;\r\nFNCE Student Scholarships - 2011\r\n\r\n\r\n\r\nKira McNealySan Diego State University \"I feel better prepared, more confident, and ready to launch my nutrition career. Thank you for the opportunity and support. Without you, students like me would not be able to have an experience like this.\"\r\n\r\n\r\nJenny Lee California State University Long Beach \"I was reminded at FNCE that we are all a part of a bigger picture, each of us working toward a common goal as dietitians.\"\r\n\r\n\r\nWan-Ju (Ann) Lin, RD California State University Los Angeles \"It\'s a great way for networking, continuous learning and experiencing.\"\r\n\r\n\r\nKate Kauffman\r\n\r\n\r\nShelby Shackett\r\n\r\n\r\nAna Garcia\r\n\r\n\r\n\r\n&nbsp;\r\nRPG Conference/Meeting Stipend Awards: Application in members area [link]\r\n\r\n\r\n\r\n\r\n\r\n\r\n\r\nTherese Tomak (NKF, May 2012)  Peggy Harum (NKF, May 2012)  Adele Huls (FNCE, Sept 2011)  Cheryl Montgomery (FNCE, Sept 2011)  Marianne Hutton (FNCE, Sept 2011)\r\n\r\n\r\nJan Fischer NKF, April 2010  Christine Shermata, NKF, April 2010 Maureen McCarthy, International Nutrition Conference\r\n\r\n\r\nChristine Dobmeier, Mayo Nutrition in Health/Disease Conf Sept 2009\r\n\r\n\r\nSandra McDonald-Hangach, FNCE Dan Rosselli, Annual Dialysis Conference Ruth Kruk, NKF Clinical Meetings\r\n\r\n\r\nChristina Buccino, FNCE\r\n\r\n\r\nAlison M. Hull, Nwest Jean Olson, NKF  Susan Salmi, NKF\r\n\r\n\r\nRoxanne Poole, FNCE\r\n\r\n\r\n\r\nKaran Dalgas, NKF  Lisa Lawkins, NKF  Joyce Vergili, NKF  Maureen McCarthy, Conf Alison Rigby, NKF  Paula Rhoades, NKF  Susan Tweeddale NKF\r\n\r\n\r\n\r\n\r\n\r\n\r\n\r\n\r\n\r\n\r\nRoxanne Poole, FNCE Deb Blair, NKF Martha Loeffler, NKF Joyce Mooty, NKF Julie Geraci, Conf Carrie Hall, FNCE Susan Scarpelli, Rural Nephr\r\n\r\n\r\n\r\nJeanette Soinski, NKF Virginia Walega, NKF Heather Ohlrich, NKF Sandra McDonald Hangach, NKF\r\n\r\n\r\nCindy Paret, SCM Debra Blair, SCM Julie Bui, SCM Mary Lee Mull, SCM Lorraine Hanna, SCM Maureen McCarthy, NWRD Deborah Raunig, NWRD Patricia Weber, DM Ed Mtg Louise Clements, NKF\r\n\r\n\r\nView past year recipients.\r\n\r\n\r\n&nbsp;\r\n&nbsp;\r\n\r\n\r\n\r\n\r\n\r\n\r\n\r\n&nbsp;\r\nRPG 50 Year Members\r\n\r\n\r\n\r\nMarilyn J Goska\r\nJanice L Byrd\r\n\r\n\r\nAnnie B Jelks\r\nJanice L Cullen\r\n\r\n\r\nEmma S Weigley\r\nMaureen R Kachinski\r\n\r\n\r\nDespina A Zerdes\r\nJulia J Kula\r\n\r\n\r\nDrena M Damascos\r\nMary Jane O\'Connor Lee\r\n\r\n\r\nNorma Ramirez-Kent\r\nJoyce Mooty\r\n\r\n\r\nRachel G Stern\r\nMamie L Shaw\r\n\r\n\r\n&nbsp;\r\nLois J Wangerman\r\n\r\n\r\n&nbsp;\r\nPatricia H Younie\r\n\r\n\r\n','RPG Awards, Scholarships, Stipends, Grants','awardsstipends'),
	(20,'4','2013-05-06 01:40:13',1,'2013-05-15 14:25:28','RPG Board Contact Information',3,'<h3>Officers</h3><table style=\"width: 730px;\" border=\"1\" cellspacing=\"0\" cellpadding=\"4\"><tbody><tr align=\"left\"><td width=\"220\">&nbsp;Position</td><td width=\"250\">Name<em>(click for bio)</em></td><td width=\"260\">Email</td></tr><tr align=\"left\"><td>Chair</td><td><a href=\"/about-rpg/rpg-board.html#chair\">Sarah Kruger</a></td><td><table cellspacing=\"0\" cellpadding=\"0\"><tbody><tr align=\"left\"><td width=\"260\"><a href=\"mailto:rpgchair@gmail.com\">rpgchair@gmail.com</a></td></tr></tbody></table></td></tr><tr align=\"left\" valign=\"top\"><td class=\"highlight2\">Chair-Elect</td><td><a href=\"/about-rpg/rpg-board.html#chairelect\">Mary Kay Hensley</a></td><td><table cellspacing=\"0\" cellpadding=\"0\"><tbody><tr><td width=\"260\"><a href=\"mailto:rpgchairelect@gmail.com\">rpgchairelect@gmail.com</a></td></tr></tbody></table></td></tr><tr align=\"left\" valign=\"middle\"><td>Immediate Past Chair</td><td valign=\"top\"><a href=\"/about-rpg/rpg-board.html#pastchair\">Rachael R Majorowicz</a></td><td valign=\"top\"><table cellspacing=\"0\" cellpadding=\"0\"><tbody><tr><td width=\"260\"><a href=\"mailto:rpgimmediatepastchair@gmail.com\">rpgimmediatepastchair@gmail.com</a></td></tr></tbody></table></td></tr><tr align=\"left\" valign=\"top\"><td>Secretary</td><td><a href=\"/about-rpg/rpg-board.html#sec\">JoAnn Randazzo</a></td><td><table cellspacing=\"0\" cellpadding=\"0\"><tbody><tr><td width=\"260\"><a href=\"mailto:rpgsecretary1@gmail.com\">rpgsecretary1@gmail.com</a></td></tr></tbody></table></td></tr><tr align=\"left\" valign=\"top\"><td>Treasurer</td><td><a href=\"/about-rpg/rpg-board.html#treas\">Stacey C. Phillips</a></td><td><table cellspacing=\"0\" cellpadding=\"0\"><tbody><tr><td width=\"260\"><a href=\"mailto:rpgtreasurer@gmail.com\">rpgtreasurer@gmail.com</a></td></tr></tbody></table></td></tr><tr align=\"left\" valign=\"top\"><td>HOD Member</td><td><a href=\"/about-rpg/rpg-board.html#hod\">Pamela Kent</a></td><td><table cellspacing=\"0\" cellpadding=\"0\"><tbody><tr><td width=\"260\"><a href=\"mailto:rpghodrepresentative@gmail.com\">rpghodrepresentative@gmail.com</a></td></tr></tbody></table></td></tr></tbody></table><h3>&nbsp;Website &amp; Editorial Board</h3><table style=\"width: 730px;\" border=\"1\" cellspacing=\"0\" cellpadding=\"4\"><tbody><tr align=\"left\" valign=\"top\"><td width=\"220\">&nbsp;Position</td><td width=\"250\">Name<em>(click for bio)</em></td><td width=\"260\">Email</td></tr><tr align=\"left\" valign=\"top\"><td>Forum Editor</td><td><a href=\"/about-rpg/rpg-board.html#forumeditor\">Sara Erickson</a></td><td><table cellspacing=\"0\" cellpadding=\"0\"><tbody><tr><td width=\"260\"><a href=\"mailto:rpgforumeditor@gmail.com\">rpgforumeditor@gmail.com</a></td></tr></tbody></table></td></tr><tr align=\"left\" valign=\"top\"><td>RNF Co-Editor</td><td><a href=\"/about-rpg/rpg-board.html#coeditorone\">Amy Tarpey</a></td><td><table cellspacing=\"0\" cellpadding=\"0\"><tbody><tr><td width=\"260\"><a href=\"mailto:rpgforumassistanteditor1@gmail.com\">rpgforumassistanteditor1@gmail.com</a></td></tr></tbody></table></td></tr><tr align=\"left\" valign=\"top\"><td>RNF Co-Editor</td><td><a href=\"/about-rpg/rpg-board.html#coeditortwo\">Jackie Termont</a></td><td><table cellspacing=\"0\" cellpadding=\"0\"><tbody><tr><td width=\"260\"><a href=\"mailto:rpgforumassistanteditor2@gmail.com\">rpgforumassistanteditor2@gmail.com</a></td></tr></tbody></table></td></tr><tr align=\"left\" valign=\"top\"><td>Advertising Editor</td><td><a href=\"/about-rpg/rpg-board.html#advertising\">Emily Cutler</a></td><td><table cellspacing=\"0\" cellpadding=\"0\"><tbody><tr><td width=\"260\"><a href=\"mailto:rpgadvertisingeditor@gmail.com\">rpgadvertisingeditor@gmail.com</a></td></tr></tbody></table></td></tr><tr align=\"left\" valign=\"top\"><td>Electronic Media Manager</td><td><a href=\"/about-rpg/rpg-board.html#media\">Cathy M. Goeddeke-Merickel</a></td><td><table cellspacing=\"0\" cellpadding=\"0\"><tbody><tr><td width=\"260\"><a href=\"mailto:mediamgr@renalnutrition.org\">mediamgr@renalnutrition.org</a></td></tr></tbody></table></td></tr></tbody></table><h3>&nbsp;Committee Chairs</h3><table style=\"width: 730px;\" border=\"1\" cellspacing=\"0\" cellpadding=\"4\"><tbody><tr align=\"left\" valign=\"top\"><td width=\"220\">&nbsp;Position</td><td width=\"250\">Name<em>(click for bio)</em></td><td width=\"260\">Email</td></tr><tr align=\"left\" valign=\"top\"><td>Membership Outreach Chair</td><td><a href=\"/about-rpg/rpg-board.html#membership\">Nilma Desai</a></td><td><a href=\"mailto:rpgmember.outreachchair@gmail.com\">rpgmember.outreachchair@gmail.com</a></td></tr><tr align=\"left\" valign=\"top\"><td>Webinar Chair</td><td><a href=\"/about-rpg/rpg-board.html#webinar\">Annamarie Rodriguez</a></td><td><table cellspacing=\"0\" cellpadding=\"0\"><tbody><tr><td width=\"260\"><a href=\"mailto:rpgwebinarchair@gmail.com\">rpgwebinarchair@gmail.com</a></td></tr></tbody></table></td></tr><tr align=\"left\" valign=\"top\"><td>Social Media Chair</td><td><a href=\"/about-rpg/rpg-board.html#social\">Sarah Coffin</a></td><td><table cellspacing=\"0\" cellpadding=\"0\"><tbody><tr><td width=\"260\"><a href=\"mailto:rpgsocialmediachair@gmail.com\">rpgsocialmediachair@gmail.com</a></td></tr></tbody></table></td></tr><tr align=\"left\" valign=\"top\"><td>Projects Chair</td><td><a href=\"/about-rpg/rpg-board.html#project\">Meg McCartney</a></td><td><table cellspacing=\"0\" cellpadding=\"0\"><tbody><tr><td width=\"260\"><a href=\"mailto:rpgprojectschair@gmail.com\">rpgprojectschair@gmail.com</a></td></tr></tbody></table></td></tr><tr align=\"left\" valign=\"top\"><td>Kidney Friendly Food Shelf Chair</td><td><a href=\"/about-rpg/rpg-board.html#kidney\">Lindsey Zirker</a></td><td><table cellspacing=\"0\" cellpadding=\"0\"><tbody><tr><td width=\"260\"><a href=\"mailto:rpgkidneyfriendlyfoodshelf@gmail.com\">rpgkidneyfriendlyfoodshelf@gmail.com</a></td></tr></tbody></table></td></tr><tr align=\"left\" valign=\"top\"><td>Website Reviewer</td><td><a href=\"/about-rpg/rpg-board.html#website\">Erin Nelson</a></td><td><table cellspacing=\"0\" cellpadding=\"0\"><tbody><tr><td width=\"260\"><a href=\"mailto:rpgwebsitereviewer@gmail.com\">rpgwebsitereviewer@gmail.com</a></td></tr></tbody></table></td></tr><tr align=\"left\" valign=\"top\"><td>Handouts Subcommittee Chair</td><td><a href=\"/about-rpg/rpg-board.html#handout\">Rita Milam</a></td><td><table cellspacing=\"0\" cellpadding=\"0\"><tbody><tr><td width=\"260\"><a href=\"mailto:rpghandoutschair@gmail.com\">rpghandoutschair@gmail.com</a></td></tr></tbody></table></td></tr><tr align=\"left\" valign=\"top\"><td>iPad Subcommittee Chair</td><td><a href=\"/about-rpg/rpg-board.html#ipad\">Melissa Prest</a></td><td><table cellspacing=\"0\" cellpadding=\"0\"><tbody><tr><td width=\"260\"><a href=\"mailto:rpgipadsubcommitteechair@gmail.com\">rpgipadsubcommitteechair@gmail.com</a></td></tr></tbody></table></td></tr><tr align=\"left\" valign=\"top\"><td>Professional Resource Center Coordinator</td><td><a href=\"/about-rpg/rpg-board.html#prc\">Nadiya Lakhani</a></td><td><table cellspacing=\"0\" cellpadding=\"0\"><tbody><tr><td width=\"260\"><a href=\"mailto:rpgprofresourcecenterchair@gmail.com\">rpgprofresourcecenterchair@gmail.com</a></td></tr></tbody></table></td></tr><tr align=\"left\" valign=\"top\"><td>Public Policy/MNT Chair</td><td><a href=\"/about-rpg/rpg-board.html#public\">Sarah Mott</a></td><td><table cellspacing=\"0\" cellpadding=\"0\"><tbody><tr><td width=\"260\"><a href=\"mailto:rpgpublicpolicychair@gmail.com\">rpgpublicpolicychair@gmail.com</a></td></tr></tbody></table></td></tr><tr align=\"left\" valign=\"top\"><td>Awards/Scholarship Chair</td><td><a href=\"/about-rpg/rpg-board.html#awards\">Sandy McDonald-Hangach</a></td><td><table cellspacing=\"0\" cellpadding=\"0\"><tbody><tr><td width=\"260\"><a href=\"mailto:rpgawardschair@gmail.com\">rpgawardschair@gmail.com</a></td></tr></tbody></table></td></tr><tr align=\"left\" valign=\"top\"><td>Mentor Chair</td><td>Open Position</td><td><table cellspacing=\"0\" cellpadding=\"0\"><tbody><tr><td><a href=\"mailto:rpgmentorchair@gmail.com\">rpgmentorchair@gmail.com</a></td></tr></tbody></table></td></tr><tr align=\"left\" valign=\"top\"><td>Nominating Chair</td><td><a href=\"/about-rpg/rpg-board.html#nominatingone\">Elizabeth Neumann</a></td><td><a href=\"mailto:rpgnominatingchair@gmail.com\">rpgnominatingchair@gmail.com</a></td></tr><tr align=\"left\" valign=\"top\"><td>Nominating Member</td><td><a href=\"/about-rpg/rpg-board.html#nominatingtwo\">Valarie Hannahs</a></td><td><a href=\"mailto:rpgnominatingcom2@gmail.com\">rpgnominatingcom2@gmail.com</a></td></tr><tr align=\"left\" valign=\"top\"><td>Nominating Member</td><td><a href=\"/about-rpg/rpg-board.html#nominatingthree\">Betty Parry Fisher</a></td><td><a href=\"mailto:rpgnominatingcom1@gmail.com\">rpgnominatingcom1@gmail.com</a></td></tr></tbody></table><h3>&nbsp;The Academy of Nutrition and Dietetics</h3><table style=\"width: 730px;\" border=\"1\" cellspacing=\"0\" cellpadding=\"4\"><tbody><tr align=\"left\"><td width=\"220\">&nbsp;Position</td><td width=\"250\">Name<em>(click for bio)</em></td><td width=\"260\">Email</td></tr><tr align=\"left\"><td>The Academy Manager<br /> DPG/MIG/Affiliate Relations</td><td><a href=\"/about-rpg/rpg-board.html#academy\">Susan Dupraw</a></td><td width=\"260\"><a href=\"mailto:sdupraw@eatright.org\">sdupraw@eatright.org</a></td></tr></tbody></table><div align=\"center\">&nbsp;</div><p><a href=\"#top\">top</a></p><h1 align=\"left\">&nbsp;</h1><!--?php   require_once \"../incl/main_footer.php\";?-->',4,'Officers\r\n\r\n\r\n\r\n&nbsp;Position\r\nName(click for bio)\r\nEmail\r\n\r\n\r\nChair\r\nSarah Kruger\r\n\r\n\r\n\r\n\r\nrpgchair@gmail.com\r\n\r\n\r\n\r\n\r\n\r\n\r\nChair-Elect\r\nMary Kay Hensley\r\n\r\n\r\n\r\n\r\nrpgchairelect@gmail.com\r\n\r\n\r\n\r\n\r\n\r\n\r\nImmediate Past Chair\r\nRachael R Majorowicz\r\n\r\n\r\n\r\n\r\nrpgimmediatepastchair@gmail.com\r\n\r\n\r\n\r\n\r\n\r\n\r\nSecretary\r\nJoAnn Randazzo\r\n\r\n\r\n\r\n\r\nrpgsecretary1@gmail.com\r\n\r\n\r\n\r\n\r\n\r\n\r\nTreasurer\r\nStacey C. Phillips\r\n\r\n\r\n\r\n\r\nrpgtreasurer@gmail.com\r\n\r\n\r\n\r\n\r\n\r\n\r\nHOD Member\r\nPamela Kent\r\n\r\n\r\n\r\n\r\nrpghodrepresentative@gmail.com\r\n\r\n\r\n\r\n\r\n\r\n\r\n\r\n&nbsp;Website &amp; Editorial Board\r\n\r\n\r\n\r\n&nbsp;Position\r\nName(click for bio)\r\nEmail\r\n\r\n\r\nForum Editor\r\nSara Erickson\r\n\r\n\r\n\r\n\r\nrpgforumeditor@gmail.com\r\n\r\n\r\n\r\n\r\n\r\n\r\nRNF Co-Editor\r\nAmy Tarpey\r\n\r\n\r\n\r\n\r\nrpgforumassistanteditor1@gmail.com\r\n\r\n\r\n\r\n\r\n\r\n\r\nRNF Co-Editor\r\nJackie Termont\r\n\r\n\r\n\r\n\r\nrpgforumassistanteditor2@gmail.com\r\n\r\n\r\n\r\n\r\n\r\n\r\nAdvertising Editor\r\nEmily Cutler\r\n\r\n\r\n\r\n\r\nrpgadvertisingeditor@gmail.com\r\n\r\n\r\n\r\n\r\n\r\n\r\nElectronic Media Manager\r\nCathy M. Goeddeke-Merickel\r\n\r\n\r\n\r\n\r\nmediamgr@renalnutrition.org\r\n\r\n\r\n\r\n\r\n\r\n\r\n\r\n&nbsp;Committee Chairs\r\n\r\n\r\n\r\n&nbsp;Position\r\nName(click for bio)\r\nEmail\r\n\r\n\r\nMembership Outreach Chair\r\nNilma Desai\r\nrpgmember.outreachchair@gmail.com\r\n\r\n\r\nWebinar Chair\r\nAnnamarie Rodriguez\r\n\r\n\r\n\r\n\r\nrpgwebinarchair@gmail.com\r\n\r\n\r\n\r\n\r\n\r\n\r\nSocial Media Chair\r\nSarah Coffin\r\n\r\n\r\n\r\n\r\nrpgsocialmediachair@gmail.com\r\n\r\n\r\n\r\n\r\n\r\n\r\nProjects Chair\r\nMeg McCartney\r\n\r\n\r\n\r\n\r\nrpgprojectschair@gmail.com\r\n\r\n\r\n\r\n\r\n\r\n\r\nKidney Friendly Food Shelf Chair\r\nLindsey Zirker\r\n\r\n\r\n\r\n\r\nrpgkidneyfriendlyfoodshelf@gmail.com\r\n\r\n\r\n\r\n\r\n\r\n\r\nWebsite Reviewer\r\nErin Nelson\r\n\r\n\r\n\r\n\r\nrpgwebsitereviewer@gmail.com\r\n\r\n\r\n\r\n\r\n\r\n\r\nHandouts Subcommittee Chair\r\nRita Milam\r\n\r\n\r\n\r\n\r\nrpghandoutschair@gmail.com\r\n\r\n\r\n\r\n\r\n\r\n\r\niPad Subcommittee Chair\r\nMelissa Prest\r\n\r\n\r\n\r\n\r\nrpgipadsubcommitteechair@gmail.com\r\n\r\n\r\n\r\n\r\n\r\n\r\nProfessional Resource Center Coordinator\r\nNadiya Lakhani\r\n\r\n\r\n\r\n\r\nrpgprofresourcecenterchair@gmail.com\r\n\r\n\r\n\r\n\r\n\r\n\r\nPublic Policy/MNT Chair\r\nSarah Mott\r\n\r\n\r\n\r\n\r\nrpgpublicpolicychair@gmail.com\r\n\r\n\r\n\r\n\r\n\r\n\r\nAwards/Scholarship Chair\r\nSandy McDonald-Hangach\r\n\r\n\r\n\r\n\r\nrpgawardschair@gmail.com\r\n\r\n\r\n\r\n\r\n\r\n\r\nMentor Chair\r\nOpen Position\r\n\r\n\r\n\r\n\r\nrpgmentorchair@gmail.com\r\n\r\n\r\n\r\n\r\n\r\n\r\nNominating Chair\r\nElizabeth Neumann\r\nrpgnominatingchair@gmail.com\r\n\r\n\r\nNominating Member\r\nValarie Hannahs\r\nrpgnominatingcom2@gmail.com\r\n\r\n\r\nNominating Member\r\nBetty Parry Fisher\r\nrpgnominatingcom1@gmail.com\r\n\r\n\r\n\r\n&nbsp;The Academy of Nutrition and Dietetics\r\n\r\n\r\n\r\n&nbsp;Position\r\nName(click for bio)\r\nEmail\r\n\r\n\r\nThe Academy Manager DPG/MIG/Affiliate Relations\r\nSusan Dupraw\r\nsdupraw@eatright.org\r\n\r\n\r\n\r\n&nbsp;\r\ntop\r\n&nbsp;\r\n','RPG Board Contact Information','rpg-board-contact-information'),
	(21,'4','2013-05-09 01:20:12',1,'2013-05-09 01:43:28','Public Policy, MNT & HOD Updates ',1,'<p>More general reimbursement resources in links/resources area. [link]</p><h3>Online Interactive Tools</h3><p>The Academy\'s Evidence Analysis Library and the Academy&rsquo;s Evidence-Based Nutrition Practice Guideline Toolkits: <a href=\"http://www.adaevidencelibrary.com/\" target=\"_blank\">www.adaevidencelibrary.com/</a></p><p>The Academy\'s Reimbursement Community of Interest (COI) is an interactive online tool that is available to Academy members who desire to learn more about coverage for medical nutrition therapy (MNT) and exchange best practices to help advance coverage of nutrition services with <a href=\"http://www.eatright.org/Members/content.aspx?id=7490\" target=\"_blank\">http://www.eatright.org/Members/content.aspx?id=7490</a></p><h3>House of Delegates (HOD) Updates</h3><p><a href=\"/files/uploads/HODFall2012FactSheet.pdf\" target=\"_blank\">RPG HOD Fall 2012 Fact Sheet</a><br /><a href=\"/files/uploads/HODFall2012FactSheet.pdf\" target=\"_blank\">(Council on Future Practice Visioning Report: Moving Forward-A Vision for Education, Credentialing, and Practice)</a></p><h3>The MNT Provider Newsletter</h3><p>The MNT Provider newsletter is an essential practice management resource for registered dietitians.<a href=\"http://www.eatright.org/mntprovider\" target=\"_blank\"> http://www.eatright.org/mntprovider</a></p><ul><li><a href=\"/files/uploads/RPGMNTProvider-April2013.pdf\" target=\"_blank\">MNT Provider current issue: MNT April 2013 Issue</a></li><li>MNT Provider Newsletter Archives - Click here [link]</li></ul><h3>The Academy of Nutrition and Dietetics MNT Information</h3><p><a href=\"/staff/files/uploads/CMS_Updates_ICD-9-CM_dx_codes_2007.doc\" target=\"_blank\">Updated ICD-9 codes </a>- Excerpt from the Academy Medicare MNT Provider Newsletter<br />The MNT Provider newsletter is a free resource for all the Academy members. It has information on Medicare, private insurance, practice management and more. Read it each month at <a href=\"http://www.eatright.org/mntprovider\" target=\"_blank\">www.eatright.org/mntprovider.</a></p><h3>CMS Issues Final 2011 Payment Policies For Medicare Advantage and Prescription Drug Plans</h3><p>The Rate Announcement also contains the following key changes in response to this new legislation: Click Here</p><p>In addition to changes resulting from new legislation, the following key changes or updates have been made to the Advance Notice and draft Call Letter in response to public comments received from beneficiary advocacy groups, associations, Congressional agencies, members of the public, and health plans: Click Here</p><p>The Final Rate Announcement and Call Letter can be viewed at: <a href=\"http://www.cms.gov/Medicare/Health-Plans/MedicareAdvtgSpecRateStats/index.html?redirect=/MedicareAdvtgSpecRateStats/\" target=\"_blank\">http://www.cms.hhs.gov/MedicareAdvtgSpecRateStats/</a> .</p><h3>Academy of Nutrition and Dietetics Legislative Contacts</h3><table style=\"width: 690px;\" border=\"1\" cellspacing=\"4\" cellpadding=\"4\" align=\"center\"><tbody><tr align=\"left\" valign=\"top\"><td width=\"220\">Congressional &amp; Political Affairs</td><td width=\"220\">Jeanne Blankenship</td><td width=\"250\"><a href=\"mailto:Govaffairs@eatright.org\">Govaffairs@eatright.org</a></td></tr><tr align=\"left\" valign=\"top\"><td>Strategic Policy/ Partnerships <br /> Regulatory Affairs</td><td><p>Mary Pat Raimondi<br /> Pepin Tuma</p></td><td><a href=\"mailto:Govaffairs@eatright.org\">Govaffairs@eatright.org </a></td></tr><tr align=\"left\" valign=\"top\"><td>Communications Manager</td><td>Jessica Larson</td><td><a href=\"mailto:Govaffairs@eatright.org\">Govaffairs@eatright.org</a></td></tr><tr align=\"left\" valign=\"top\"><td>Consumer Protection</td><td>Juliana Smith</td><td><a href=\"mailto:Govaffairs@eatright.org\">Govaffairs@eatright.org</a></td></tr><tr align=\"left\" valign=\"top\"><td>Informatics</td><td>Lindsey Hoggie</td><td><a href=\"mailto:Govaffairs@eatright.org\">Govaffairs@eatright.org</a></td></tr><tr align=\"left\" valign=\"top\"><td>USDA Legislation/Policy</td><td>Jennifer Noll Folliard</td><td><a href=\"mailto:Govaffairs@eatright.org\">Govaffairs@eatright.org </a></td></tr><tr align=\"left\" valign=\"top\"><td>HHS Legislation/Policy</td><td>Whitney Brown</td><td><a href=\"mailto:Govaffairs@eatright.org\">Govaffairs@eatright.org</a></td></tr><tr align=\"left\" valign=\"top\"><td>Grassroots Advocacy</td><td>Ben Timmins</td><td><a href=\"mailto:Govaffairs@eatright.org\">Govaffairs@eatright.org</a></td></tr><tr align=\"left\" valign=\"top\"><td>Nutrition Services <br /> Coverage/Reimbursement</td><td>Marsha Schofield, Director<br /> Mara Bujnowski, Manager</td><td><p><a href=\"mailto:REIMBURSE@eatright.org\">REIMBURSE@eatright.org</a> <a href=\"mailto:REIMBURSE@eatright.org\">REIMBURSE@eatright.org</a></p></td></tr></tbody></table>',4,'More general reimbursement resources in links/resources area. [link]\r\nOnline Interactive Tools\r\nThe Academy\'s Evidence Analysis Library and the Academy&rsquo;s Evidence-Based Nutrition Practice Guideline Toolkits: www.adaevidencelibrary.com/\r\nThe Academy\'s Reimbursement Community of Interest (COI) is an interactive online tool that is available to Academy members who desire to learn more about coverage for medical nutrition therapy (MNT) and exchange best practices to help advance coverage of nutrition services with http://www.eatright.org/Members/content.aspx?id=7490\r\nHouse of Delegates (HOD) Updates\r\nRPG HOD Fall 2012 Fact Sheet(Council on Future Practice Visioning Report: Moving Forward-A Vision for Education, Credentialing, and Practice)\r\nThe MNT Provider Newsletter\r\nThe MNT Provider newsletter is an essential practice management resource for registered dietitians. http://www.eatright.org/mntprovider\r\n\r\nMNT Provider current issue: MNT April 2013 Issue\r\nMNT Provider Newsletter Archives - Click here [link]\r\n\r\nThe Academy of Nutrition and Dietetics MNT Information\r\nUpdated ICD-9 codes - Excerpt from the Academy Medicare MNT Provider NewsletterThe MNT Provider newsletter is a free resource for all the Academy members. It has information on Medicare, private insurance, practice management and more. Read it each month at www.eatright.org/mntprovider.\r\nCMS Issues Final 2011 Payment Policies For Medicare Advantage and Prescription Drug Plans\r\nThe Rate Announcement also contains the following key changes in response to this new legislation: Click Here\r\nIn addition to changes resulting from new legislation, the following key changes or updates have been made to the Advance Notice and draft Call Letter in response to public comments received from beneficiary advocacy groups, associations, Congressional agencies, members of the public, and health plans: Click Here\r\nThe Final Rate Announcement and Call Letter can be viewed at: http://www.cms.hhs.gov/MedicareAdvtgSpecRateStats/ .\r\nAcademy of Nutrition and Dietetics Legislative Contacts\r\n\r\n\r\n\r\nCongressional &amp; Political Affairs\r\nJeanne Blankenship\r\nGovaffairs@eatright.org\r\n\r\n\r\nStrategic Policy/ Partnerships  Regulatory Affairs\r\n\r\nMary Pat Raimondi Pepin Tuma\r\n\r\nGovaffairs@eatright.org \r\n\r\n\r\nCommunications Manager\r\nJessica Larson\r\nGovaffairs@eatright.org\r\n\r\n\r\nConsumer Protection\r\nJuliana Smith\r\nGovaffairs@eatright.org\r\n\r\n\r\nInformatics\r\nLindsey Hoggie\r\nGovaffairs@eatright.org\r\n\r\n\r\nUSDA Legislation/Policy\r\nJennifer Noll Folliard\r\nGovaffairs@eatright.org \r\n\r\n\r\nHHS Legislation/Policy\r\nWhitney Brown\r\nGovaffairs@eatright.org\r\n\r\n\r\nGrassroots Advocacy\r\nBen Timmins\r\nGovaffairs@eatright.org\r\n\r\n\r\nNutrition Services  Coverage/Reimbursement\r\nMarsha Schofield, Director Mara Bujnowski, Manager\r\n\r\nREIMBURSE@eatright.org REIMBURSE@eatright.org\r\n\r\n\r\n\r\n','Public Policy, MNT, HOD Updates','public-policy-mnt-hod-updates'),
	(22,'4','2013-05-09 02:05:55',1,'2013-05-09 02:08:19','RPG Annual Report',1,'<p>&nbsp;</p><ul><li><a href=\"/files/uploads/RPG_Annual_Report_2011-12_5.pdf\" target=\"_blank\">RPG Annual Report 2011-2012 (PDF)</a></li><li><a href=\"/files/uploads/RPG_Annual_Report_2010-11.pdf\" target=\"_blank\">RPG Annual Report 2010-2011 (PDF)</a></li></ul>',4,'&nbsp;\r\n\r\nRPG Annual Report 2011-2012 (PDF)\r\nRPG Annual Report 2010-2011 (PDF)\r\n','RPG Annual Report','rpg-annual-report'),
	(23,'4','2013-05-09 02:21:00',1,'2013-05-09 03:31:38','Areas of Expertise',1,'<p>RPG is excited to provide this new section on our website.&nbsp; Please select from one of the areas below.</p><p>&nbsp;</p><table style=\"width: 750px;\" border=\"0\" cellspacing=\"4\" cellpadding=\"4\" bgcolor=\"#FFFFFF\"><tbody><tr><td width=\"250\"><h4 align=\"center\"><a href=\"/areas-of-expertise/transplant.html\"><br /><img src=\"/files/images/transplant.jpg\" alt=\"\" /></a><br /><a href=\"/areas-of-expertise/transplant.html\">Transplant</a></h4></td><td width=\"250\"><h4 align=\"center\"><a href=\"/areas-of-expertise/pediatrics.html\"><br /><img src=\"/files/images/pediatric_sample.jpg\" alt=\"\" /></a><br /><a href=\"/areas-of-expertise/pediatrics.html\">Pediatric</a></h4></td><td width=\"250\"><h4 align=\"center\"><a href=\"/areas-of-expertise/acute.html\"><br /><img src=\"/files/images/acute.jpg\" alt=\"\" /></a><br /><a href=\"/areas-of-expertise/acute.html\">Acute</a></h4></td></tr><tr><td><h4 align=\"center\"><a href=\"/areas-of-expertise/mnt.html\"><img src=\"/files/images/mnt.jpg\" alt=\"\" /></a><br /><a href=\"/areas-of-expertise/mnt.html\">MNT</a></h4></td><td><h4 align=\"center\"><a href=\"/areas-of-expertise/in-center.html\"><img src=\"/files/images/in-center.jpg\" alt=\"\" /></a><br /><a href=\"/areas-of-expertise/in-center.html\">In-Center</a></h4></td><td><h4 align=\"center\"><a href=\"/areas-of-expertise/at-home.html\"><img src=\"/files/images/home.jpg\" alt=\"\" /></a><br /><a href=\"/areas-of-expertise/at-home.html\">At Home</a></h4></td></tr><tr><td>&nbsp;</td><td><h4 align=\"center\"><a href=\"/areas-of-expertise/pd.html\"><img src=\"/files/images/pd.jpg\" alt=\"\" /></a><br /><a href=\"/areas-of-expertise/pd.html\">PD</a></h4></td><td>&nbsp;</td></tr></tbody></table>',4,'RPG is excited to provide this new section on our website.&nbsp; Please select from one of the areas below.\r\n&nbsp;\r\n\r\n\r\n\r\n\r\nTransplant\r\n\r\n\r\nPediatric\r\n\r\n\r\nAcute\r\n\r\n\r\n\r\n\r\nMNT\r\n\r\n\r\nIn-Center\r\n\r\n\r\nAt Home\r\n\r\n\r\n\r\n&nbsp;\r\n\r\nPD\r\n\r\n&nbsp;\r\n\r\n\r\n','Areas of Expertise, Transplant, Pediatric, Acute, MNT, In-center, home, PD','areas-of-expertise'),
	(24,'4','2013-05-09 03:08:05',1,'2013-05-09 03:32:40','Pediatric',1,'<h4>&nbsp;<img style=\"vertical-align: middle;\" title=\"Pediatrics\" src=\"/files/images/pediatric_sample.jpg\" alt=\"Pediatrics\" width=\"220\" height=\"163\" /></h4><h4>Information coming soon!</h4>',4,'&nbsp;\r\nInformation coming soon!','pediatric','pediatric'),
	(25,'4','2013-05-09 03:14:25',1,'2013-05-09 03:14:25','Transplant',1,'<h4><img style=\"vertical-align: middle;\" title=\"Transplant\" src=\"/files/images/transplant.jpg\" alt=\"Transplant\" width=\"220\" height=\"163\" /></h4><h4>Information coming soon!</h4>',0,'\r\nInformation coming soon!','Transplant','transplant'),
	(26,'4','2013-05-09 03:15:33',1,'2013-05-09 03:15:33','Acute',1,'<h4><img style=\"vertical-align: middle;\" title=\"Acute\" src=\"/files/images/acute.jpg\" alt=\"Acute\" width=\"220\" height=\"162\" /></h4><h4>Information coming soon!</h4>',0,'\r\nInformation coming soon!','Acute','acute'),
	(27,'4','2013-05-09 03:16:35',1,'2013-05-09 03:16:35','MNT',1,'<h4><img style=\"vertical-align: middle;\" title=\"MNT\" src=\"/files/images/mnt.jpg\" alt=\"MNT\" width=\"217\" height=\"165\" /></h4><h4>Information coming soon!</h4>',0,'\r\nInformation coming soon!','MNT','mnt'),
	(28,'4','2013-05-09 03:17:48',1,'2013-05-09 03:17:48','In-Center',1,'<h4><img style=\"vertical-align: middle;\" title=\"In-Center\" src=\"/files/images/in-center.jpg\" alt=\"In-Center\" width=\"220\" height=\"163\" /></h4><h4>Infomation coming soon!</h4>',0,'\r\nInfomation coming soon!','In-Center','in-center'),
	(29,'4','2013-05-09 03:19:19',1,'2013-05-09 03:26:34','At Home',1,'<h4><img style=\"vertical-align: middle;\" title=\"Home\" src=\"/files/images/home.jpg\" alt=\"Home\" width=\"220\" height=\"161\" /></h4><h4>Information coming soon!</h4>',4,'\r\nInformation coming soon!','Renal Nutrition at Home','at-home'),
	(30,'4','2013-05-09 03:20:10',1,'2013-05-09 03:20:10','PD',1,'<h4><img style=\"vertical-align: middle;\" title=\"PD\" src=\"/files/images/pd.jpg\" alt=\"PD\" width=\"215\" height=\"163\" /></h4><h4>Information coming soon!</h4>',0,'\r\nInformation coming soon!','PD','pd'),
	(31,'4','2013-05-09 11:41:12',1,'2013-05-09 11:51:27','FAQs',1,'<h3>Are you looking for a Renal Dietitian?</h3><p>Access <a href=\"http://www.eatright.org\" target=\"_blank\">eatright.org</a> and click on the link for the Find a Registered Dietitian and Select Kidney Disorders under expertise.</p><h3>I am a new renal dietitian or new to the field of renal nutrition and would like to access the latest renal, medical nutrition therapy information and related resources, where do I start?</h3><p>We have some great resources under the Links and Resources [link] section. Then in the members area there are additional resources [link] like links to</p><ul><li>renal professional associations</li><li>renal publications (free, fee-based and peer-reviewed journals)</li><li>professional education meetings</li><li>a renal nutrition listserv</li><li>lending library inventory of resources and request form for on-loan publications</li><li>numerous patient education tools and handouts</li><li>and many other website resources geared for the clinician</li></ul><p>For up to date, relevant topics and issues related to nutrition and nephrology, we publish a quarterly peer-reviewed publication, the Renal Nutrition Forum (RNF). It provides excellent clinical articles geared towards practicing nephrology and related dietitians. The RNF issues are archived in an electronic &amp; searchable database. There are also several patient education resources available for purchase from RPG. In addition, there are patient education handouts intended for patients and available for no fee. Some of the topics include: <em>Estimating the Size of Meat Servings and Orange Juice Alternatives for Treating Low Blood Sugar</em>.</p><h3>What is the Renal Dietitians Practice Group?</h3><p>The Renal Dietitians Dietetic Practice Group (RPG) consists of Registered Dietitians and other clinicians who provide nutrition therapy interventions and counseling for chronic kidney disease (CKD) patients in dialysis facilities, freestanding clinics, hospitals, and private practice. The Renal Practice Group is a dietetic practice group of the Academy of Nutrition and Dietetics. The purpose of RPG is to offer leadership, direction and education to help members provide quality nutrition therapy for CKD patients. RPG promotes continuing education programs for renal and nephrology dietitians and other health care professionals, and is an information resource for those who specialize in renal nutrition. RPG includes renal dietitians working with chronic kidney disease (stages 1-5), acute kidney injury, adult and pediatric dialysis, and kidney transplant patients. The RPG is governed by an Executive Board of elected officers, an editorial staff and appointed committee chairs.</p><h3>Is there a professional forum to post questions to a group of renal and nephrology dietitians?</h3><p>YES. RPG has a LinkedIn group. Please click on <a href=\"http://www.linkedin.com/groups?gid=4096393&amp;trk=hb_side_g\" target=\"_blank\">this link</a> to join.</p><h3>What are the benefits of being a member?</h3><p>There are many benefits to being a member of RPG:</p><ul><li>Receive the quarterly peer-reviewed publication, <em>Renal Nutrition Forum</em> (RNF) and access to the RNF Searchable Archives</li><li>Access to the members only area of RPG website.</li><li>Eligible to apply for stipends, scholarships, and grants.</li><li>Online CPEU opportunities offered and recording of CPEUs completed.</li><li>Access to the Professional Resource Center.</li><li>Benefit from publications, which advance technical and clinical skills enhancing professional and patient education.</li></ul><p>Detailed descriptions of these <strong>and more</strong> are under <a href=\"/about-rpg/join-or-renew-rpg.html\">join RPG</a>.</p><h3>The Academy\'s Find an Registered Dietitian</h3><p>The link to the Academy\'s Find an Registered Dietitian is: <a href=\"http://www.eatright.org/programs/rdfinder\" target=\"_blank\">http://www.eatright.org/programs/rdfinder</a>. Click on the link for the Find a Registered Dietitian and Select Kidney Disorders under area of expertise.</p><h3>How do I earn board certification as a specialist in renal nutrition?</h3><p>This is done through CDR (Commission on Dietetic Registration) and they have information on requirements and how to prepare for this specialty certifcation. <a href=\"http://www.cdrnet.org/certifications/spec/renal.cfm\" target=\"_blank\">View CDR site information</a></p><h4>Online Interactive Tool - The Academy&rsquo;s Reimbursement Community of Interest (COI)</h4><p>Online Interactive Tool - The Academy&rsquo;s Reimbursement Community of Interest (COI) is an interactive online tool that is available to Academy members who desire to learn more about coverage for medical nutrition therapy (MNT) and exchange best practices to help advance coverage of nutrition services with health plans, employers and third party payers. For more information about the COI access <a href=\"http://www.eatright.org/Members/content.aspx?id=7490.\">http://www.eatright.org/Members/content.aspx?id=7490.</a></p><h3>I am interested in joining the renal dietitians practice group. Could you let me know what I need to do (or what I need to fill out) to join?</h3><p>Here is the link from the Renal website. At the bottom of the page it explains how to join this group. You will actually join through the Academy either by web or phone.<br /><strong>Online</strong><br />To pay dues: www.eatright.org/dues<br />To join online: www.eatright.org/myada/join/find.aspx<br /><strong>By Phone</strong><br />Contact the Academy\'s Member Service Center at 1-800-877-1600 ext. 5000</p><h3>What are the Membership Options for International Individuals?</h3><p>Qualifications for this membership category are: An individual who has completed formal training in food, nutrition or dietetics received outside the United States and US Territories verified by the country&rsquo;s professional dietetic association and/or country&rsquo;s regulatory body.</p><p>Applications are accepted for the June 1 thru May 31 of a given year membership year. Membership dues are $170.00 US plus a $25.00 US application fee. Verification of country&rsquo;s professional dietetic association and/or national regulatory body is required for membership in this category. Dietetic Practice Groups (like the Renal Dietitians Practice Group) are also available for you to join. Information about the cost of these groups can be found on the reverse side of the International Membership Application.</p><p>For more information on the international category, please go to the following link on the Academy of Nutrition &amp; Dietetics web site: http://www.eatright.org/About/Content.aspx?id=10008 International Membership in the Academy provides a variety of programs, information, resources and networking opportunities to help continue your development as dietetics professional.</p><p>As part of the membership, you would receive membership in the American Overseas Dietetic Association (AODA). The AODA would be the organization to advise regarding country representatives. Membership in the Academy is separate and independent from registration with the Commission on Dietetic Registration.</p><h3>I recently joined this practice group, but wasn&rsquo;t able to access the member only sections of the website today.</h3><p>It can take a few weeks to be added to Renal Dietitians&rsquo; website after you pay your dues. Please contact us by sending a request to <a href=\"mailto:helpU@renalnutrition.org\">helpU@renalnutrition.org</a>.</p><h3>Are there archives for the Forum?</h3><p>The electronic archives of the Forum are posted on the website beginning with the RNF 2004 summer issue. RPG now offers a Searchable Database and Archives for the Renal Nutrition Forum! The Asst Editor maintains the full hard copy archives of the Forum from the inception of the peer-reviewed publication. Individuals may contact the Asst Editor for a specific article or it can be purchased via the website online store. Please email us at with any further questions at <a href=\"mailto:helpU@renalnutrition.org\">helpU@renalnutrition.org</a>.</p><h3>I am interested in becoming involved. Where can I find job descriptions for officer positions?</h3><p>The officer job descriptions are available to anyone interested in becoming involved or if you have someone in mind for a position and want to share a job description with them. We have a file storage system area to store all electronic files for Renal Nutrition. To obtain job descriptions, please email us at helpU@renalnutrition.org with list of those you would like to obtain.</p>',4,'Are you looking for a Renal Dietitian?\r\nAccess eatright.org and click on the link for the Find a Registered Dietitian and Select Kidney Disorders under expertise.\r\nI am a new renal dietitian or new to the field of renal nutrition and would like to access the latest renal, medical nutrition therapy information and related resources, where do I start?\r\nWe have some great resources under the Links and Resources [link] section. Then in the members area there are additional resources [link] like links to\r\n\r\nrenal professional associations\r\nrenal publications (free, fee-based and peer-reviewed journals)\r\nprofessional education meetings\r\na renal nutrition listserv\r\nlending library inventory of resources and request form for on-loan publications\r\nnumerous patient education tools and handouts\r\nand many other website resources geared for the clinician\r\n\r\nFor up to date, relevant topics and issues related to nutrition and nephrology, we publish a quarterly peer-reviewed publication, the Renal Nutrition Forum (RNF). It provides excellent clinical articles geared towards practicing nephrology and related dietitians. The RNF issues are archived in an electronic &amp; searchable database. There are also several patient education resources available for purchase from RPG. In addition, there are patient education handouts intended for patients and available for no fee. Some of the topics include: Estimating the Size of Meat Servings and Orange Juice Alternatives for Treating Low Blood Sugar.\r\nWhat is the Renal Dietitians Practice Group?\r\nThe Renal Dietitians Dietetic Practice Group (RPG) consists of Registered Dietitians and other clinicians who provide nutrition therapy interventions and counseling for chronic kidney disease (CKD) patients in dialysis facilities, freestanding clinics, hospitals, and private practice. The Renal Practice Group is a dietetic practice group of the Academy of Nutrition and Dietetics. The purpose of RPG is to offer leadership, direction and education to help members provide quality nutrition therapy for CKD patients. RPG promotes continuing education programs for renal and nephrology dietitians and other health care professionals, and is an information resource for those who specialize in renal nutrition. RPG includes renal dietitians working with chronic kidney disease (stages 1-5), acute kidney injury, adult and pediatric dialysis, and kidney transplant patients. The RPG is governed by an Executive Board of elected officers, an editorial staff and appointed committee chairs.\r\nIs there a professional forum to post questions to a group of renal and nephrology dietitians?\r\nYES. RPG has a LinkedIn group. Please click on this link to join.\r\nWhat are the benefits of being a member?\r\nThere are many benefits to being a member of RPG:\r\n\r\nReceive the quarterly peer-reviewed publication, Renal Nutrition Forum (RNF) and access to the RNF Searchable Archives\r\nAccess to the members only area of RPG website.\r\nEligible to apply for stipends, scholarships, and grants.\r\nOnline CPEU opportunities offered and recording of CPEUs completed.\r\nAccess to the Professional Resource Center.\r\nBenefit from publications, which advance technical and clinical skills enhancing professional and patient education.\r\n\r\nDetailed descriptions of these and more are under join RPG.\r\nThe Academy\'s Find an Registered Dietitian\r\nThe link to the Academy\'s Find an Registered Dietitian is: http://www.eatright.org/programs/rdfinder. Click on the link for the Find a Registered Dietitian and Select Kidney Disorders under area of expertise.\r\nHow do I earn board certification as a specialist in renal nutrition?\r\nThis is done through CDR (Commission on Dietetic Registration) and they have information on requirements and how to prepare for this specialty certifcation. View CDR site information\r\nOnline Interactive Tool - The Academy&rsquo;s Reimbursement Community of Interest (COI)\r\nOnline Interactive Tool - The Academy&rsquo;s Reimbursement Community of Interest (COI) is an interactive online tool that is available to Academy members who desire to learn more about coverage for medical nutrition therapy (MNT) and exchange best practices to help advance coverage of nutrition services with health plans, employers and third party payers. For more information about the COI access http://www.eatright.org/Members/content.aspx?id=7490.\r\nI am interested in joining the renal dietitians practice group. Could you let me know what I need to do (or what I need to fill out) to join?\r\nHere is the link from the Renal website. At the bottom of the page it explains how to join this group. You will actually join through the Academy either by web or phone.OnlineTo pay dues: www.eatright.org/duesTo join online: www.eatright.org/myada/join/find.aspxBy PhoneContact the Academy\'s Member Service Center at 1-800-877-1600 ext. 5000\r\nWhat are the Membership Options for International Individuals?\r\nQualifications for this membership category are: An individual who has completed formal training in food, nutrition or dietetics received outside the United States and US Territories verified by the country&rsquo;s professional dietetic association and/or country&rsquo;s regulatory body.\r\nApplications are accepted for the June 1 thru May 31 of a given year membership year. Membership dues are $170.00 US plus a $25.00 US application fee. Verification of country&rsquo;s professional dietetic association and/or national regulatory body is required for membership in this category. Dietetic Practice Groups (like the Renal Dietitians Practice Group) are also available for you to join. Information about the cost of these groups can be found on the reverse side of the International Membership Application.\r\nFor more information on the international category, please go to the following link on the Academy of Nutrition &amp; Dietetics web site: http://www.eatright.org/About/Content.aspx?id=10008 International Membership in the Academy provides a variety of programs, information, resources and networking opportunities to help continue your development as dietetics professional.\r\nAs part of the membership, you would receive membership in the American Overseas Dietetic Association (AODA). The AODA would be the organization to advise regarding country representatives. Membership in the Academy is separate and independent from registration with the Commission on Dietetic Registration.\r\nI recently joined this practice group, but wasn&rsquo;t able to access the member only sections of the website today.\r\nIt can take a few weeks to be added to Renal Dietitians&rsquo; website after you pay your dues. Please contact us by sending a request to helpU@renalnutrition.org.\r\nAre there archives for the Forum?\r\nThe electronic archives of the Forum are posted on the website beginning with the RNF 2004 summer issue. RPG now offers a Searchable Database and Archives for the Renal Nutrition Forum! The Asst Editor maintains the full hard copy archives of the Forum from the inception of the peer-reviewed publication. Individuals may contact the Asst Editor for a specific article or it can be purchased via the website online store. Please email us at with any further questions at helpU@renalnutrition.org.\r\nI am interested in becoming involved. Where can I find job descriptions for officer positions?\r\nThe officer job descriptions are available to anyone interested in becoming involved or if you have someone in mind for a position and want to share a job description with them. We have a file storage system area to store all electronic files for Renal Nutrition. To obtain job descriptions, please email us at helpU@renalnutrition.org with list of those you would like to obtain.','frequently asked questions, FAQs','faqs'),
	(32,'4','2013-05-10 11:28:24',1,'2013-05-10 01:43:03','Nutrition Info',1,'<p>What an exciting new area for RPG members!&nbsp; You will find the following information:</p><table style=\"width: 750px;\" border=\"0\" cellspacing=\"4\" cellpadding=\"4\" bgcolor=\"#FFFFFF\"><tbody><tr><td width=\"250\"><h4 align=\"center\"><a href=\"/nutrition-info/info-for-professionals.html\"><img style=\"vertical-align: middle; margin-right: 4px; margin-left: 4px;\" title=\"nutrition info for professionals\" src=\"/files/images/professional_resources.jpg\" alt=\"nutrition info for professionals\" width=\"200\" /></a><br /><a href=\"/nutrition-info/info-for-professionals.html\">Info for Professionals</a></h4></td><td width=\"250\"><h4 align=\"center\"><a href=\"/nutrition-info/links-resources.html\"><img style=\"vertical-align: middle; margin-right: 4px; margin-left: 4px;\" title=\"links and rexources\" src=\"/files/images/links_resources.jpg\" alt=\"links and resources\" width=\"200\" /></a><a href=\"/nutrition-info/links-resources.html\">Links &amp; Resources</a></h4></td><td width=\"250\"><h4 align=\"center\"><a href=\"/nutrition-info/info-for-consumers.html\"><img style=\"vertical-align: middle; margin-right: 4px; margin-left: 4px;\" title=\"nutrition info for consumers\" src=\"/files/images/consumer_resources.jpg\" alt=\"nutrition info for consumers\" width=\"200\" /></a><br /><a href=\"/nutrition-info/info-for-consumers.html\">Info for Consumers</a></h4></td></tr><tr><td><h4 align=\"center\">&nbsp;<a href=\"/nutrition-info/renal-disease-apps.html\"><img src=\"/files/images/renal_appl.jpg\" alt=\"\" /></a><br /><a href=\"/nutrition-info/renal-disease-apps.html\">Renal Disease Apps</a></h4></td><td><h4 align=\"center\">&nbsp;<a href=\"/nutrition-info/academy-updates.html\"><img style=\"vertical-align: middle; margin-right: 4px; margin-left: 4px;\" title=\"Academy Updates\" src=\"/files/images/academy.jpg\" alt=\"Academy Updates\" width=\"200\" /></a><a href=\"/nutrition-info/academy-updates.html\">Academy Updates</a></h4></td><td><h4 align=\"center\">&nbsp;</h4></td></tr></tbody></table>',4,'What an exciting new area for RPG members!&nbsp; You will find the following information:\r\n\r\n\r\n\r\n\r\nInfo for Professionals\r\n\r\n\r\nLinks &amp; Resources\r\n\r\n\r\nInfo for Consumers\r\n\r\n\r\n\r\n\r\n&nbsp;Renal Disease Apps\r\n\r\n\r\n&nbsp;Academy Updates\r\n\r\n\r\n&nbsp;\r\n\r\n\r\n\r\n','nutrition information, links and resources, renal cookbooks, recipes, nutrition info for food and nutrition professionals, publications, e-learning, nutrition info for consumers, renal disease apps, Academy updates','nutrition-info'),
	(33,'4','2013-05-10 01:19:52',1,'2013-05-10 09:43:02','Links and Resources',1,'<p>Do you know of a great renal resource that doesn\'t yet appear on our list? Please email us at <a href=\"mailto:rpgwebsitereviewer@gmail.com\">rpgwebsitereviewer@gmail.com</a> and tell us about it.</p><table style=\"width: 500px;\" border=\"1\" align=\"center\"><tbody><tr><td><div align=\"center\">Find a Registered Dietitian<br />Search on the Academy <a href=\"http://www.eatright.org\" target=\"_blank\">eatright.org</a> website. Individuals can search by zip code and area of expertise under \"KIDNEY DISORDERS\"</div></td></tr></tbody></table><p><a name=\"a\"></a></p><table style=\"width: 405px; height: 22px;\" border=\"1\" align=\"center\"><tbody><tr><td width=\"11\"><div align=\"center\"><a href=\"#a\">A</a></div></td><td width=\"14\"><div align=\"center\"><a href=\"#b\">B</a></div></td><td width=\"13\"><div align=\"center\"><a href=\"#c\">C</a></div></td><td width=\"13\"><div align=\"center\"><a href=\"#d\">D</a></div></td><td width=\"10\"><div align=\"center\"><a href=\"#e\">E</a></div></td><td width=\"10\"><div align=\"center\"><a href=\"#f\">F</a></div></td><td width=\"13\"><div align=\"center\"><a href=\"#g\">G</a></div></td><td width=\"13\"><div align=\"center\"><a href=\"#h\">H</a></div></td><td width=\"6\"><div align=\"center\"><a href=\"#i\">I</a></div></td><td width=\"7\"><div align=\"center\"><a href=\"#j\">J</a></div></td><td width=\"14\"><div align=\"center\"><a href=\"#k\">K</a></div></td><td width=\"10\"><div align=\"center\"><a href=\"#l\">L</a></div></td><td width=\"16\"><div align=\"center\"><a href=\"#m\">M</a></div></td><td width=\"14\"><div align=\"center\"><a href=\"#n\">N</a></div></td><td width=\"14\"><div align=\"center\"><a href=\"#o\">O</a></div></td><td width=\"10\"><div align=\"center\"><a href=\"#p\">P</a></div></td><td width=\"14\"><div align=\"center\"><a href=\"#q\">Q</a></div></td><td width=\"12\"><div align=\"center\"><a href=\"#r\">R</a></div></td><td width=\"10\"><div align=\"center\"><a href=\"#s\">S</a></div></td><td width=\"10\"><div align=\"center\"><a href=\"#t\">T</a></div></td><td width=\"13\"><div align=\"center\"><a href=\"#u\">U</a></div></td><td width=\"13\"><div align=\"center\"><a href=\"#v\">V</a></div></td><td width=\"18\"><div align=\"center\"><a href=\"#w\">W</a></div></td><td width=\"13\"><div align=\"center\"><a href=\"#x\">X</a></div></td><td width=\"24\"><div align=\"center\"><a href=\"#y\">Y</a></div></td><td width=\"29\"><div align=\"center\"><a href=\"#z\">Z</a></div></td></tr></tbody></table><p>&nbsp;</p><h4>Academy of Nutrition and Dietetics Evidence Analysis Library</h4><p>One of the many benefits of your membership in The Academy of Nutrition and Dietetics is the access to the Academy Evidence Analysis Library&reg;. The EAL&reg; is an online, user-friendly library featuring the best available research on important topics in the field of nutrition. All the information on the library is created through the efforts of hundreds of the Academy members who serve on expert panels and work as evidence analysts.</p><p><a href=\"http://www.adaevidencelibrary.com\" target=\"_blank\">www.adaevidencelibrary.com</a></p><h4>Academy of Nutrition and Dietetics Evidence Analysis Library -Chronic Kidney Disease Guideline &amp; Toolkit</h4><p>ADA Chronic Kidney Disease Evidence Based Nutrition Practice Guideline published in the Evidence Based Guidelines section of the ADA Evidence Analysis Library&reg; in 2010. Features of the guideline include:<br />&bull; A series of guiding recommendations for the practitioner<br />&bull; A summary of the supporting evidence and links to supporting materials<br />&bull; Step by step algorithms that illustrate the flow of care using the Nutrition Care Process</p><p><a href=\"http://www.bhndpg.org/publications/index.asp\" target=\"_blank\">http://www.bhndpg.org/publications/index.asp</a></p><h4>Academy of Nutrition and Dietetics Online Research Toolkit</h4><p>A new online Research Toolkit, developed by the Academy\'s Research Committee and supported in part by RPG is available free of charge to the Academy members. In addition to providing you with essential information on understanding and conducting research, continuing education credits are also available for some topics. The Toolkit consists of eight different topic content areas and includes text that summarizes important learning points, PowerPoint presentations, practice exercises to reinforce learning, and links to nutrition research articles that illustrate content learning objectives.</p><p><a href=\"http://www.adaevidencelibrary.com/store.cfm?category=13&amp;auth=1\" target=\"_blank\">www.adaevidencelibrary.com/store.cfm?category=13&amp;auth=1</a></p><h4>Academy of Nutrition and Dietetics Public Policy Information</h4><p>This site focuses on Public Policy. As experts in food, nutrition and health, members of the Academy of Nutrition and Dietetics work on a broad range of issues to advance the nutritional status of people here and around the world. We focus on seven priority areas: aging, child nutrition, food and food safety, health literacy and nutrition advancement, Medical Nutrition Therapy, nutrition research and monitoring, and weight management for health.</p><p><a href=\"http://www.eatright.org/advocacy/\" target=\"_blank\">http://www.eatright.org/advocacy/</a></p><h4>Alport Syndrome Foundation</h4><p>The mission of the Alport Syndrome Foundation, launched in 2007, is to educate and support patients and families that have been affected by this genetic kidney disease with the goal of funding research to find more effective treatment protocols and a cure. The website provides information on Alport Syndrome, medical resources, and a forum where patients can communicate with each other based on their experiences.</p><p><a href=\"http://www.alportsyndrome.org\" target=\"_blank\">www.alportsyndrome.org</a></p><h4>American Association of Kidney Patients (AAKP)</h4><p>The focus of the AAKP website is to inform patients and family members of the association and the programs that they offer to their members. It provides renal-specific information on patient education, conventions, and newsletters that assists patients in becoming active participants in planning and managing their disease state.</p><p><a href=\"http://www.aakp.org\" target=\"_blank\">www.aakp.org</a></p><h4>American Association of People with Disabilities (AAPD)</h4><p>AAPD is the largest nonprofit cross-disability member organization in the US. Its main goal is to ensure economic self-sufficiency and political empowerment for the more than 56 million Americans with disabilities. AAPD works in a coalition with other disability organizations for the full implementation and enforcement of disability nondiscrimination laws, particularly the Americans with Disabilities Act of 1990 and the Rehabilitation Act of 1973.</p><p><a href=\"http://www.aapd.com/\" target=\"_blank\">http://www.aapd.com/</a></p><h4>American Diabetes Association (ADA)</h4><p>The ADA is a nonprofit health organization providing diabetes research, information, and advocacy. It conducts programs in all 50 states and the District of Columbia. ADA&rsquo;s mission is to prevent and cure diabetes, the leading cause of kidney failure, and to improve the lives of everyone affected by the disease.</p><p><a href=\"http://www.diabetes.org\" target=\"_blank\">www.diabetes.org</a></p><h4>American Kidney Fund (AKF)</h4><p>The American Kidney Fund is the nation\'s #1 source of direct financial assistance to kidney patients, and is a leader in providing education and outreach to those who are at risk for kidney disease. Some AKF Programs include:<br /><strong>Nationwide toll-free HelpLine</strong> (866.300.2900)- This connects the public with English- and Spanish-speaking health educators who can answer questions about kidney health, and who can direct callers to appropriate resources in their communities.<br /><strong>Professional education learning opportunities</strong> - These include conferences, seminars and online CMEs.<br /><strong>Educational brochure and fact sheet series</strong> - Published by AKF, these pieces offer the public valuable information about kidney disease and its major risk factors.<br /><strong>The Minority Intervention and Kidney Education program</strong> (MIKE) -An educational program that includes free kidney health screenings and follow-up. Through MIKE, AKF is working to raise awareness of kidney disease risk factors, and to identify people who are at risk for kidney disease so new cases of kidney disease may be prevented.</p><p><a href=\"http://www.kidneyfund.org/\" target=\"_blank\">http://www.kidneyfund.org/</a></p><h4>American Overseas Dietetic Association (AODA)</h4><p>The American Overseas Dietetic Association (AODA) is the international affiliate of the Academy of Nutrition and Dietetics. AODA provides internationally-focused the Academy members, the Academy members living overseas, and other interested professionals an opportunity to establish professional contacts and obtain continuing education credits. Our members enjoy the same privileges as other Academy affiliates.</p><p><a href=\"http://eatrightoverseas.org/\" target=\"_blank\">http://eatrightoverseas.org/</a></p><h4>American Society of Hypertension (ASH)</h4><p>ASH is a forum to provide information on research and clinical developments regarding high blood pressure, the second leading cause of kidney failure, and related cardiovascular diseases.</p><p><a href=\"http://www.ash-us.org\" target=\"_blank\">www.ash-us.org</a></p><h4>American Society of Nephrology (ASN)</h4><p>The ASN was founded in 1967 as a nonprofit corporation to enhance and assist the study and practice of nephrology, to provide a forum for the promulgation of research, and to meet the professional and continuing education needs of its members.</p><p><a href=\"http://www.asn-online.org\" target=\"_blank\">www.asn-online.org</a></p><h4><a name=\"b\"></a>American Society of Pediatric Nephrology (ASPN)<a name=\"c\"></a></h4><p>The ASPN was founded in 1969 to promote optimal care for children with renal disease and to disseminate advances in the clinical practice and basic science of pediatric nephrology.</p><p><a href=\"http://www.aspneph.com\" target=\"_blank\">www.aspneph.com</a></p><h4>Centers for Disease Control and Prevention (CDC)</h4><p>The CDC serves as the national focus for developing and applying disease prevention and control, environmental health, and health promotion and education activities designed to improve the health of the people of the United States.</p><p><a href=\"http://www.cdc.gov\" target=\"_blank\">www.cdc.gov</a></p><p>Centers for Medicare &amp; Medicaid Services (CMS)</p><p>CMS is the federal agency that administers Medicare, Medicaid, and the State Children&rsquo;s Health Insurance Program (SCHIP) in the US.</p><p><a href=\"http://www.cms.gov\" target=\"_blank\">www.cms.gov</a></p><h4>Children&rsquo;s Organ Transplant Association, Inc. (COTA)</h4><p>COTA is designed for individuals and families who have children needing transplants and wish to obtain more information regarding financial assistance.</p><p><a href=\"http://www.cota.org\" target=\"_blank\">www.cota.org</a></p><h4>Culinary Kidney Cooks (CKS)<a name=\"d\"></a></h4><p>CKC has published Cooking for David: A Culinary Dialysis Cookbook and Food Pyramid for Healthy Eating with Kidney Disease. The site is run by Sara Colman, RD, DCE, Renal dietitian, and nutrition educator, and Dorothy Gordon, BS, RN, whose husband was diagnosed with end-stage renal disease in 1997 and immediately began a renal diet.</p><p><a href=\"http://www.culinarykidneycooks.com\">www.culinarykidneycooks.com</a></p><h4>DaVita</h4><p>This large dialysis provider website provides excellent educational pages on dialysis, kidney disease, diabetes, diet and nutrition, recipes, and online seminars. There are also online tools for finding a dialysis center, a glomerular filtration rate (GFR) calculator, a discussion forum, and insurance advice.</p><p><a href=\"http://www.davita.com\" target=\"_blank\">www.davita.com</a></p><h4>Dialysis at Sea Cruises</h4><p>Since 1977, this largest provider of dialysis services aboard cruise ships has provided treatment and services to thousands of travelers. Each cruise has a nephrologist and one or more dialysis nurses. Patients can \"beep\" the shipboard dialysis staff 24 hours a day. Book early for best cabin selection and dialysis treatment time.</p><p><a href=\"http://www.dialysisatsea.com\" target=\"_blank\">www.dialysisatsea.com</a></p><h4>Dialysis Patient Citizens</h4><p>DPC is an independent, nationwide, non-profit, patient-governed dialysis patient organization. We are dedicated to improving dialysis patients\' quality of life by developing awareness of dialysis-related issues, advocating for dialysis and pre-dialysis patients, improving the partnership between patients and caregivers, and promoting favorable public policy.</p><p><a href=\"http://www.dialysispatients.org\" target=\"_blank\">www.dialysispatients.org</a></p><h4><a name=\"e\"></a>Donate<a name=\"f\"></a></h4><p>Organ donation registration page</p><p><a href=\"http://donatelife.net/\" target=\"_blank\">http://donatelife.net/</a></p><h4>Forum of ESRD Networks<a name=\"g\"></a></h4><p>The ESRD Networks provide a mechanism to ensure the most efficient use of Medicare dollars for dialysis treatment and kidney transplantation through monitoring quality of care indicators and maintaining data on the ESRD program. These functions are administered at the regional level through the 18 networks, providing direct and immediate access from the treatment provider to CMS.</p><p><a href=\"http://www.esrdnetworks.org\" target=\"_blank\">www.esrdnetworks.org</a></p><h4>Gift of Life: Inside Look to Organ Donation</h4><p>Resources for organ donation. Includes:<br />Click here to view the resources to learn more about organ donation and how to register.</p><h4>Global Dialysis<a name=\"h\"></a></h4><p>Global Dialysis is a resource for dialysis patients who want to travel nationally and internationally. Its aim is to collect and provide as much travel information as possible for dialysis patients, including details on nearly 12,000 dialysis facilities in 127 countries.</p><p><a href=\"http://www.globaldialysis.com\" target=\"_blank\">www.globaldialysis.com</a></p><h4>Home Dialysis Central</h4><p>Learn about all the options for home dialysis, including a listing of every center in the US offering this modality of treatment, equipment and new technology, patient profiles, Medicare reimbursement, discussion boards, and how pending laws may affect dialyzing at home.</p><p><a href=\"http://www.homedialysis.org\" target=\"_blank\">www.homedialysis.org</a></p><h4>Hypertension, Dialysis, and Clinical Nephrology (HDCN)<a name=\"i\"></a></h4><p>HDCN is aimed primarily at physicians and nurses who treat patients with renal disease. It provides selected information on renal disorders and their treatment, hypertension, dialysis, and clinical nephrology topics.</p><p><a href=\"http://www.hdcn.com\" target=\"_blank\">www.hdcn.com</a></p><h4>IgA Nephropathy Support Group</h4><p>A comprehensive and informative website about IgA nephropathy from the perspective of what IgAN patients can expect to encounter throughout the course of their disease, from initial diagnosis to End-Stage Renal Disease (ESRD), and beyond. The focus is on IgAN as conventional treatment. This is the companion information website to a very large and active IgAN discussion forum.</p><p><a href=\"http://www.igan.ca\" target=\"_blank\">www.igan.ca</a></p><h4>International Society for Peritoneal Dialysis (ISPD)</h4><p>The Canadian-based ISPD was formed to promote the clinical application and scientific investigation of PD for treating renal failure. Society membership is open to medical, scientific, nursing, nutrition, social work, and business professionals. The society achieves its goals through triennial Congresses and its bi-monthly publication, Peritoneal Dialysis International.</p><p><a href=\"http://www.ispd.org\" target=\"_blank\">www.ispd.org</a></p><h4><a name=\"j\"></a>International Society of Nephrology (ISN)<a name=\"k\"></a></h4><p>This is the official site of the ISN. It contains information on the ISN&rsquo;s programs, congresses, officers and commissions, as well as information on their journal, Kidney International, and its contents.</p><p><a href=\"http://www.isn-online.org\" target=\"_blank\">www.isn-online.org</a></p><h4>KDOQI Clinical Practice Guidelines</h4><p>The Kidney Disease Outcomes Quality Initiative (KDOQI) is the National Kidney Foundation&rsquo;s (NKF) dialysis-specific section of its website, containing clinical practice guidelines and detailed information about dialysis methods.</p><p><a href=\"http://www.kidney.org\">www.kidney.org</a></p><h4>Kidney &amp; Urology Foundation of America (KUFA)</h4><p>KUFA is dedicated to helping the more than 70 million Americans who suffer from the debilitating effects of kidney, urologic, and related diseases, and to promoting ground-breaking research that will result in new and better treatments. This website is filled with information to assist the patient and resources such as emergency grants, scholarships and awards information.</p><p><a href=\"http://www.kidneyurology.org\" target=\"_blank\">www.kidneyurology.org</a></p><h4>Kidney End-of-Life Coalition</h4><p>The Kidney End-of-Life Coalition promotes effective interchange between patients, families, caregivers, payers, and providers in support of integrated patient-centered end-of-life care for chronic kidney disease (CKD) patients.</p><p><a href=\"http://www.kidneyeol.org/Home.aspx\" target=\"_blank\">http://www.kidneyeol.org/Home.aspx</a></p><h4>Kidney Kids</h4><p>Kidney Kids, inc. is a non-profit 501(c)(3) organization devoted to supporting children with kidney diseases and illnesses as well as their families. We are striving to lessen the physical, emotional and financial impacts of living with a kidney disease or illness.</p><p><a href=\"http://www.kidneykids.org\" target=\"_blank\">www.kidneykids.org</a></p><h4>Kidney Options (supported by Fresenius Medical Care)</h4><p>An educational website supported by Fresenius Medical Care North America for those with kidney disease and their healthcare professionals. It provides information aimed at empowering patients with the knowledge they need to make informed decisions about their healthcare. It offers a free Kidney Options package with information patients need to know about kidney disease.</p><p><a href=\"http://www.kidneyoptions.com\" target=\"_blank\">www.kidneyoptions.com</a></p><h4>Kidney Patient Guide</h4><p>The Kidney Patient Guide is a renal website published in the United Kingdom. It includes information on the physical aspects of kidney failure, including how the kidneys function, what happens when they don&rsquo;t, the treatments available, and the emotional, social, and financial implications of kidney failure. There are also excellent animations for kidney transplants, hemodialysis, and peritoneal dialysis (PD).</p><p><a href=\"http://www.kidneypatientguide.org.uk\" target=\"_blank\">www.kidneypatientguide.org.uk</a></p><h4>Kidney School</h4><p>Kidney School is an interactive, web-based learning program in 20-minute modules. It was designed to help people learn what they need to know to understand kidney disease and its treatment, adjust to kidney disease, make good medical choices, and live as fully as possible.</p><p><a href=\"http://www.kidneyschool.org\" target=\"_blank\">www.kidneyschool.org</a></p><h4>Kidney Transplant/Dialysis Association, Inc. (KT/DA)<a name=\"l\"></a></h4><p>KT/DA is an organization of dialysis and kidney transplant patients, their families and friends, and health professionals. The KT/DA officers are kidney patients. The association is dedicated to providing financial aid, information, and emotional support to chronic renal disease patients and their families.</p><p><a href=\"http://www.ktda.org\" target=\"_blank\">www.ktda.org</a></p><h4>Living Well With Kidney Disease: A Handbook for Patients and Their Families<a name=\"m\"></a></h4><p>The first edition of Living Well with Kidney Disease, previously titled When Your Kidneys Fail, was developed and published by the National Kidney Foundation of Southern California to provide information for people with kidney disease. Among the topics covered are the principles of kidney function, methods of treatment, and financial resources available to patients. The question and answer format, written in non-technical language, is designed to facilitate easy-reading. The handbook will help meet the educational needs of the growing population of people afflicted with kidney failure. Family members, friends and health care professionals will also find it a valuable resource.</p><p>Flyer<br />Order Form</p><h4>Medicare Prescription Drug Coverage</h4><p>Offers basic information about prescription drug coverage, what it is, how you can get it, and why you should get it. Everyone with Medicare can qualify for coverage, which took effect on January 1, 2006.</p><p><a href=\"http://www.medicare.gov\" target=\"_blank\">www.medicare.gov</a></p><h4>Memorial Sloan-Kettering Cancer Center: Integrative Medicine<a name=\"n\"></a></h4><p>Provides a search feature to find information on herbs, botanicals and other products.</p><p><a href=\"http://www.mskcc.org/cancer-care/integrative-medicine/about-herbs\" target=\"_blank\"> http://www.mskcc.org/cancer-care/integrative-medicine/about-herbs</a></p><h4>National Foundation for Transplants (NFT)</h4><p>This organization&rsquo;s mission is to provide financial support and assistance for transplant patients and their families. They also provide information about organ donor awareness.</p><p><a href=\"http://www.transplants.org/\" target=\"_blank\">www.transplants.org/</a></p><h4>National Institute of Diabetes &amp; Digestive &amp; Kidney Diseases (NIDDK)</h4><p>This National Institutes of Health (NIH) website contains a wealth of information ranging from health-related issues, clinical trial studies, health education program information, and research funding opportunities and resources.</p><p><a href=\"http://www.niddk.nih.gov\">www.niddk.nih.gov</a></p><h4>National Kidney and Urologic Diseases Information Clearinghouse (NKUDIC)</h4><p>The NKUDIC is an information dissemination service of the NIH&rsquo;s NIDDK (see entry above). It was established to increase knowledge and understanding about kidney and urologic diseases among patients, their families, healthcare professionals, and the general public.</p><p><a href=\"http://kidney.niddk.nih.gov\" target=\"_blank\">http://kidney.niddk.nih.gov</a></p><h4>National Kidney Disease Education Program</h4><p>NKDEP has copyright-free materials in up to 20 adaptations. The consumer diabetes materials are culturally tailored for high-risk audiences in Spanish and 15 Asian and Pacific Islander languages, and adaptations of these materials have been made for African Americans, American Indians and Alaska Natives. Free resources are also available for health care professionals. For most publications, commercial, printer-ready CDs are available. To get your free copies, visit www.ndep.nih.gov or call 1-800-438-5383.</p><p>CKD Quick Reference Cardfor testing and treating patients at risk for kidney disease</p><p><a href=\"http://www.nkdep.nih.gov/\" target=\"_blank\">http://www.nkdep.nih.gov/</a></p><h4>National Kidney Foundation (NKF)</h4><p>The NKF is a voluntary health organization that seeks to prevent kidney and urinary tract diseases, improve the health and well-being of individuals and families affected by these diseases, and increase the availability of all organs for transplantation.</p><p><a href=\"http://www.kidney.org\" target=\"_blank\">www.kidney.org</a></p><h4>National Kidney Registry</h4><p>Facilitating Living Donor Transplants</p><p><a href=\"http://www.kidneyregistry.org\" target=\"_blank\">www.kidneyregistry.org</a></p><h4>Nephrogenic Diabetes Insipidus Foundation (NDIF)</h4><p>The NDIF is a community website for patients and their families, researchers, physicians, and other healthcare providers. Contains information about NDI, which includes:</p><ul><li>Nutrition guidelines;</li><li>Facts and statistics;</li><li>Research directories; and</li><li>Journal articles</li></ul><p><a href=\"http://www.ndif.org\">www.ndif.org</a></p><h4>Nephrology Channel (NeC)</h4><p>NeC is an educational and community-based website for patients, family members, and healthcare professionals to learn more about a variety of conditions related to kidney disease. The site features an MD Locator, which can help find a nephrologist near you and teach you how to carefully choose a physician. It has good interactive features such as the live chat and alternative treatment and nephrology forums.</p><p><a href=\"http://www.nephrologychannel.com\" target=\"_blank\">www.nephrologychannel.com</a></p><h4>Nephron Information Center (NIC)</h4><p>Developed by Steve Fadem, MD, a nephrologist practicing in Texas, NIC is a comprehensive, well-organized, renal-specific site.</p><p><a href=\"http://www.nephron.com\" target=\"_blank\">www.nephron.com</a></p><h4>Nepro Kidney Club</h4><p>Free nutritional support program for people on dialysis. The Nepro&reg; Kidney Club helps people on dialysis take it one day, one number, and one meal at a time so health and nutrition goals are easier to reach. Presented by Abbott Nutrition, the Kidney Club helps members learn more about the relationship between nutrition and the ability to do the things they want to do every day. People who sign up for the Kidney Club receive support materials like coupons, recipes, and educational brochures.</p><p><a href=\"http://nepro.com/kidney-club\">http://nepro.com/kidney-club</a></p><h4>NIH National Kidney Disease Education Program</h4><p>Making the Kidney Connection<br />Patient education brochure by the National Kidney Disease Education Program (NKDEP). Brochure discusses tests for kidney disease, risk factors, and steps to protect kidneys. Brochure (PDF)<br /><br />Help Your Patients Make the Kidney Connection<br />The National Kidney Disease Education Program (NKDEP) has developed a Family Reunion Initiative aimed at helping African-American families make the connection between diabetes, hypertension, and kidney disease. They created a toolkit to share with renal patients filled with helps<br />View guide overview PDF</p><p><a href=\"http://www.nkdep.nih.gov/\" target=\"_blank\">http://www.nkdep.nih.gov/</a></p><h4>NIH National Kidney Disease Education Program: CKD &amp; Nutrition</h4><p><strong>CKD Nutrition Management Training Program</strong><br />Series of five training modules that use engaging activities and case studies to prepare registered dietitians (RDs) for counseling patients who have CKD. Each module focuses on a specific area of nutrition management for kidney disease patients, including background information on CKD, slowing the progression of CKD, CKD complications, the CKD \"diet,\" and the transition from CKD to kidney failure. The modules also demonstrate how NKDEP\'s <a href=\"http://www.nkdep.nih.gov/resources.shtml\" target=\"_blank\">free resources</a> can be used to counsel patients with CKD. <a href=\"http://www.nkdep.nih.gov/identify-manage/ckd-nutrition/training-modules.shtml\" target=\"_blank\">Learn more and download the modules</a>.<br /><br /><strong>Educational Materials</strong><br />NKDEP has developed a suite of materials to help general practice registered dietitians (RDs) provide effective medical nutrition therapy (MNT) to CKD patients who are not on dialysis. These free, downloadable, and reproducible materials are designed to distill key information about CKD and diet for RDs and patients</p><p><a href=\"http://www.nkdep.nih.gov/identify-manage/ckd-nutrition.shtml\" target=\"_blank\">http://www.nkdep.nih.gov/identify-manage/ckd-nutrition.shtml</a></p><h4><a name=\"o\"></a>NKF-CRN: Council of Renal Nutrition (CRN) of the National Kidney Foundation (NKF)<a name=\"p\"></a></h4><p>CRN is an association of renal dietitians that is one of the professional councils of the NKF. The Journal of Renal Nutrition, an every other month peer-reviewed publication, is a member benefit of CRN. The NKF Clinical Meetings are multidisciplinary annual meetings that offer CPEUs for clinical nephrology professionals.<a name=\"q\"></a></p><p><a href=\"http://www.kidney.org\">www.kidney.org</a></p><h4><a name=\"r\"></a>PKD Foundation</h4><p>The Polycystic Kidney Disease (PKD) Foundation is a worldwide organization devoted to determining the cause, improving clinical treatment, and discovering a cure for PKD. This is the official site of the Polycystic Kidney Research Foundation.</p><p><a href=\"http://www.pkdcure.org\" target=\"_blank\">www.pkdcure.org</a></p><h4>Renal Related Cookbooks</h4><p>List of Cookbooks for Kidney Patients.</p><p><a href=\"http://www.kidney.org/professionals/crn/cookbooks.cfm\" target=\"_blank\">www.kidney.org/professionals/crn/cookbooks.cfm</a></p><h4>Renal Support Network (RSN)</h4><p>The Renal Support Network (RSN) is a nonprofit, patient-focused, patient-run organization that provides non-medical services to those affected by chronic kidney disease (CKD). RSN strives to help patients develop their personal coping skills, special talents, and employability by educating and empowering them (and their family members) to take control of the course and management of the disease</p><p><a href=\"http://www.rsnhope.org/\" target=\"_blank\">http://www.rsnhope.org/</a></p><h4>Renal Support Network Health Library</h4><p>A service provided by Renal Support Network. It covers lifestyle and health topics intended for patients with kidney disease and their care-givers and family members. They have a positive themed message throughout the site - Hope - Happiness and Health.</p><p><a href=\"http://www.rsnhope.org/health-library/\" target=\"_blank\">http://www.rsnhope.org/health-library/</a></p><h4>Renalinfo</h4><p><a name=\"s\"></a>A project of Baxter International, Renalinfo offers information, support and resources for those with kidney failure, including causes, symptoms, tests, ideas for maintaining health, and a comprehensive presentation of treatment choices..</p><p><a href=\"http://www.renalinfo.com\" target=\"_blank\">www.renalinfo.com</a></p><h4><a name=\"t\"></a>Scientific Registry of Transplant Recipients</h4><p><a href=\"http://www.srtr.org/csr/current/Centers/Default.aspx\" target=\"_blank\">Transplant Program Reports</a> that describe the activity and outcomes at each transplant center in the US.</p><p><a href=\"http://www.srtr.org/\" target=\"_blank\">http://www.srtr.org/</a></p><h4>The Academy\'s Find an RD</h4><p>The Academy\'s Find an RD</p><p><a href=\"http://www.eatright.org/programs/rdfinder\" target=\"_blank\">http://www.eatright.org/programs/rdfinder</a></p><h4>The Adult with Intellectual and Developmental Disabilities</h4><p>This resource tool is designed to provide an overview of nutrition in individuals with intellectual and developmental disabilities. The resource guide is contained on one CD-ROM as a 209 page PDF file.</p><p><a href=\"http://www.bhndpg.org/publications/index.asp\" target=\"_blank\">http://www.bhndpg.org/publications/index.asp</a></p><h4>The MNT Provider Newsletter</h4><p>The MNT Provider newsletter is an essential practice management resource for registered dietitians</p><p><a href=\"http://www.eatright.org/mntprovider/\" target=\"_blank\">http://www.eatright.org/mntprovider/</a></p><h4>The National Institute of Diabetes and Digestive and Kidney Diseases Website</h4><p>Wealth of information on kidney diseases including health information, research, patient materials, funding, publications, news and more</p><p><a href=\"http://www2.niddk.nih.gov/\" target=\"_blank\">http://www2.niddk.nih.gov/</a></p><h4>The NephCure Foundation</h4><p>The NephCure Foundation is the only organization solely committed to seeking a cause and cure for two potentially devastating kidney conditions, Nephrotic Syndrome and Focal Segmental Glomerulosclerosis (FSGS). NephCure is made up of patients, their families and friends, researchers, physicians and other healthcare professionals joining forces to create awareness and generate funding for research.</p><p><a href=\"http://www.NephCure.org\" target=\"_blank\">www.NephCure.org</a></p><h4>Toolkit for Healthcare Professionals: Medicare Prescription Drug Coverage</h4><p>Downloadable educational materials specifically for physicians and other healthcare professionals and their staff to learn the basics about Medicare Prescription Drug Coverage. It also includes materials to distribute to their Medicare patients. The kit contains reproducible artwork, a letter from the CMS Administrator, a fact sheet (English and Spanish), a brochure, an article, and a list of other resources.<br /><br />Physicians and other healthcare professionals and their staff, partner organizations, social workers, financial counselors, and discharge planners will find this toolkit a valuable resource to get information to people with Medicare. You may add your logo and business information to these materials and copy freely, if you wish</p><p><a href=\"http://www.cms.gov/Outreach-and-Education/Medicare-Learning-Network-MLN/MLNProducts/downloads/MLNCatalog.pdf\" target=\"_blank\">http://www.cms.gov/Outreach-and-Education/Medicare-Learning-Network-MLN/MLNProducts/downloads/MLNCatalog.pdf</a></p><h4>Transplant Living</h4><p>This site has a wealth of information for transplant recipients, family members and healthcare professionals. Transplant Living is a project of the United Network for Organ Sharing (UNOS), a nonprofit organization (see entry below) that maintains the national Organ Procurement and Transplantation Network (OPTN).</p><p><a href=\"http://www.TransplantLiving.org\" target=\"_blank\">www.TransplantLiving.org</a></p><h4>TransWeb</h4><p><a name=\"u\"></a>TransWeb: All About Transplantation and Donation is a nonprofit education site serving the world transplant community. It features news and events, patient experiences, the top 10 myths about donation, a donation quiz, questions and answers, and a reference area.</p><p><a href=\"http://www.transweb.org\">www.transweb.org</a></p><h4>UKidney.com - Internet School of Nephrology</h4><p>Provides many educational tools for the study and practice of nephrology, hypertension, and kidney transplantation. This site features essential contributions from members of the University of Toronto\'s Division of Nephrology. We hope that you will return to this site as an emerging internet school for nephrology education and kidney information.</p><p><a href=\"http://www.ukidney.com\">www.ukidney.com</a></p><h4>United Network for Organ Sharing (UNOS)</h4><p>Brings together medicine, science, public policy and technology to facilitate every organ transplant performed in the United States. UNOS is a nonprofit organization that maintains the national Organ Procurement and Transplantation Network (OPTN).</p><p><a href=\"http://www.unos.org\" target=\"_blank\">www.unos.org</a></p><h4>United States Renal Data System (USRDS)</h4><p>This is a national data system, which collects, analyzes, and distributes information about EDRD disease in the US. Visit this very informative website to find more information on the incidence and prevalence of ESRD, preventative health care measures, and treatment modalities.</p><p><a href=\"http://www.usrds.org\" target=\"_blank\">www.usrds.org</a></p><h4>USDA Choosemyplate.gov</h4><p>The Center for Nutrition Policy and Promotion, an organization of the U.S. Department of Agriculture, was established in 1994 to improve the nutrition and well-being of Americans. Toward this goal, the Center focuses its efforts on two primary objectives:</p><p><em>1. Advance and promote dietary guidance for all Americans, and</em><br /><em>2. Conduct applied research and analyses in nutrition and consumer economics.</em></p><p>The Center\'s core projects to support its objectives are the following:<br />&bull; Dietary Guidelines for Americans<br />&bull; USDA Food Guidance System (MyPlate, MyPyramid, Food Guide Pyramid)<br />&bull; Healthy Eating Index<br />&bull; U.S. Food Plans<br />&bull; Nutrient Content of the U.S. Food Supply<br />&bull; Expenditures on Children by Families</p><p><a href=\"http://www.choosemyplate.gov/\">http://www.choosemyplate.gov/</a></p><h4><a name=\"v\"></a>USDA Nutrient Data Laboratory (NDL)<a name=\"x\"></a></h4><p>The NDL provides information on the nutrient content of foods. The searchable database is useful in determining calorie, protein, phosphorus, potassium, and sodium information on over 6,200 <a name=\"y\"></a>different foods.<a name=\"z\"></a></p><p><a href=\"http://www.ars.usda.gov/nutrientdata\" target=\"_blank\">www.ars.usda.gov/nutrientdata</a></p><p><a href=\"http://www.ars.usda.gov/Services/docs.htm?docid=22114\" target=\"_blank\">http://www.ars.usda.gov/Services/docs.htm?docid=22114</a></p>',4,'Do you know of a great renal resource that doesn\'t yet appear on our list? Please email us at rpgwebsitereviewer@gmail.com and tell us about it.\r\n\r\n\r\n\r\n\r\nFind a Registered DietitianSearch on the Academy eatright.org website. Individuals can search by zip code and area of expertise under \"KIDNEY DISORDERS\"\r\n\r\n\r\n\r\n\r\n\r\n\r\n\r\n\r\n\r\nA\r\n\r\n\r\nB\r\n\r\n\r\nC\r\n\r\n\r\nD\r\n\r\n\r\nE\r\n\r\n\r\nF\r\n\r\n\r\nG\r\n\r\n\r\nH\r\n\r\n\r\nI\r\n\r\n\r\nJ\r\n\r\n\r\nK\r\n\r\n\r\nL\r\n\r\n\r\nM\r\n\r\n\r\nN\r\n\r\n\r\nO\r\n\r\n\r\nP\r\n\r\n\r\nQ\r\n\r\n\r\nR\r\n\r\n\r\nS\r\n\r\n\r\nT\r\n\r\n\r\nU\r\n\r\n\r\nV\r\n\r\n\r\nW\r\n\r\n\r\nX\r\n\r\n\r\nY\r\n\r\n\r\nZ\r\n\r\n\r\n\r\n\r\n&nbsp;\r\nAcademy of Nutrition and Dietetics Evidence Analysis Library\r\nOne of the many benefits of your membership in The Academy of Nutrition and Dietetics is the access to the Academy Evidence Analysis Library&reg;. The EAL&reg; is an online, user-friendly library featuring the best available research on important topics in the field of nutrition. All the information on the library is created through the efforts of hundreds of the Academy members who serve on expert panels and work as evidence analysts.\r\nwww.adaevidencelibrary.com\r\nAcademy of Nutrition and Dietetics Evidence Analysis Library -Chronic Kidney Disease Guideline &amp; Toolkit\r\nADA Chronic Kidney Disease Evidence Based Nutrition Practice Guideline published in the Evidence Based Guidelines section of the ADA Evidence Analysis Library&reg; in 2010. Features of the guideline include:&bull; A series of guiding recommendations for the practitioner&bull; A summary of the supporting evidence and links to supporting materials&bull; Step by step algorithms that illustrate the flow of care using the Nutrition Care Process\r\nhttp://www.bhndpg.org/publications/index.asp\r\nAcademy of Nutrition and Dietetics Online Research Toolkit\r\nA new online Research Toolkit, developed by the Academy\'s Research Committee and supported in part by RPG is available free of charge to the Academy members. In addition to providing you with essential information on understanding and conducting research, continuing education credits are also available for some topics. The Toolkit consists of eight different topic content areas and includes text that summarizes important learning points, PowerPoint presentations, practice exercises to reinforce learning, and links to nutrition research articles that illustrate content learning objectives.\r\nwww.adaevidencelibrary.com/store.cfm?category=13&amp;auth=1\r\nAcademy of Nutrition and Dietetics Public Policy Information\r\nThis site focuses on Public Policy. As experts in food, nutrition and health, members of the Academy of Nutrition and Dietetics work on a broad range of issues to advance the nutritional status of people here and around the world. We focus on seven priority areas: aging, child nutrition, food and food safety, health literacy and nutrition advancement, Medical Nutrition Therapy, nutrition research and monitoring, and weight management for health.\r\nhttp://www.eatright.org/advocacy/\r\nAlport Syndrome Foundation\r\nThe mission of the Alport Syndrome Foundation, launched in 2007, is to educate and support patients and families that have been affected by this genetic kidney disease with the goal of funding research to find more effective treatment protocols and a cure. The website provides information on Alport Syndrome, medical resources, and a forum where patients can communicate with each other based on their experiences.\r\nwww.alportsyndrome.org\r\nAmerican Association of Kidney Patients (AAKP)\r\nThe focus of the AAKP website is to inform patients and family members of the association and the programs that they offer to their members. It provides renal-specific information on patient education, conventions, and newsletters that assists patients in becoming active participants in planning and managing their disease state.\r\nwww.aakp.org\r\nAmerican Association of People with Disabilities (AAPD)\r\nAAPD is the largest nonprofit cross-disability member organization in the US. Its main goal is to ensure economic self-sufficiency and political empowerment for the more than 56 million Americans with disabilities. AAPD works in a coalition with other disability organizations for the full implementation and enforcement of disability nondiscrimination laws, particularly the Americans with Disabilities Act of 1990 and the Rehabilitation Act of 1973.\r\nhttp://www.aapd.com/\r\nAmerican Diabetes Association (ADA)\r\nThe ADA is a nonprofit health organization providing diabetes research, information, and advocacy. It conducts programs in all 50 states and the District of Columbia. ADA&rsquo;s mission is to prevent and cure diabetes, the leading cause of kidney failure, and to improve the lives of everyone affected by the disease.\r\nwww.diabetes.org\r\nAmerican Kidney Fund (AKF)\r\nThe American Kidney Fund is the nation\'s #1 source of direct financial assistance to kidney patients, and is a leader in providing education and outreach to those who are at risk for kidney disease. Some AKF Programs include:Nationwide toll-free HelpLine (866.300.2900)- This connects the public with English- and Spanish-speaking health educators who can answer questions about kidney health, and who can direct callers to appropriate resources in their communities.Professional education learning opportunities - These include conferences, seminars and online CMEs.Educational brochure and fact sheet series - Published by AKF, these pieces offer the public valuable information about kidney disease and its major risk factors.The Minority Intervention and Kidney Education program (MIKE) -An educational program that includes free kidney health screenings and follow-up. Through MIKE, AKF is working to raise awareness of kidney disease risk factors, and to identify people who are at risk for kidney disease so new cases of kidney disease may be prevented.\r\nhttp://www.kidneyfund.org/\r\nAmerican Overseas Dietetic Association (AODA)\r\nThe American Overseas Dietetic Association (AODA) is the international affiliate of the Academy of Nutrition and Dietetics. AODA provides internationally-focused the Academy members, the Academy members living overseas, and other interested professionals an opportunity to establish professional contacts and obtain continuing education credits. Our members enjoy the same privileges as other Academy affiliates.\r\nhttp://eatrightoverseas.org/\r\nAmerican Society of Hypertension (ASH)\r\nASH is a forum to provide information on research and clinical developments regarding high blood pressure, the second leading cause of kidney failure, and related cardiovascular diseases.\r\nwww.ash-us.org\r\nAmerican Society of Nephrology (ASN)\r\nThe ASN was founded in 1967 as a nonprofit corporation to enhance and assist the study and practice of nephrology, to provide a forum for the promulgation of research, and to meet the professional and continuing education needs of its members.\r\nwww.asn-online.org\r\nAmerican Society of Pediatric Nephrology (ASPN)\r\nThe ASPN was founded in 1969 to promote optimal care for children with renal disease and to disseminate advances in the clinical practice and basic science of pediatric nephrology.\r\nwww.aspneph.com\r\nCenters for Disease Control and Prevention (CDC)\r\nThe CDC serves as the national focus for developing and applying disease prevention and control, environmental health, and health promotion and education activities designed to improve the health of the people of the United States.\r\nwww.cdc.gov\r\nCenters for Medicare &amp; Medicaid Services (CMS)\r\nCMS is the federal agency that administers Medicare, Medicaid, and the State Children&rsquo;s Health Insurance Program (SCHIP) in the US.\r\nwww.cms.gov\r\nChildren&rsquo;s Organ Transplant Association, Inc. (COTA)\r\nCOTA is designed for individuals and families who have children needing transplants and wish to obtain more information regarding financial assistance.\r\nwww.cota.org\r\nCulinary Kidney Cooks (CKS)\r\nCKC has published Cooking for David: A Culinary Dialysis Cookbook and Food Pyramid for Healthy Eating with Kidney Disease. The site is run by Sara Colman, RD, DCE, Renal dietitian, and nutrition educator, and Dorothy Gordon, BS, RN, whose husband was diagnosed with end-stage renal disease in 1997 and immediately began a renal diet.\r\nwww.culinarykidneycooks.com\r\nDaVita\r\nThis large dialysis provider website provides excellent educational pages on dialysis, kidney disease, diabetes, diet and nutrition, recipes, and online seminars. There are also online tools for finding a dialysis center, a glomerular filtration rate (GFR) calculator, a discussion forum, and insurance advice.\r\nwww.davita.com\r\nDialysis at Sea Cruises\r\nSince 1977, this largest provider of dialysis services aboard cruise ships has provided treatment and services to thousands of travelers. Each cruise has a nephrologist and one or more dialysis nurses. Patients can \"beep\" the shipboard dialysis staff 24 hours a day. Book early for best cabin selection and dialysis treatment time.\r\nwww.dialysisatsea.com\r\nDialysis Patient Citizens\r\nDPC is an independent, nationwide, non-profit, patient-governed dialysis patient organization. We are dedicated to improving dialysis patients\' quality of life by developing awareness of dialysis-related issues, advocating for dialysis and pre-dialysis patients, improving the partnership between patients and caregivers, and promoting favorable public policy.\r\nwww.dialysispatients.org\r\nDonate\r\nOrgan donation registration page\r\nhttp://donatelife.net/\r\nForum of ESRD Networks\r\nThe ESRD Networks provide a mechanism to ensure the most efficient use of Medicare dollars for dialysis treatment and kidney transplantation through monitoring quality of care indicators and maintaining data on the ESRD program. These functions are administered at the regional level through the 18 networks, providing direct and immediate access from the treatment provider to CMS.\r\nwww.esrdnetworks.org\r\nGift of Life: Inside Look to Organ Donation\r\nResources for organ donation. Includes:Click here to view the resources to learn more about organ donation and how to register.\r\nGlobal Dialysis\r\nGlobal Dialysis is a resource for dialysis patients who want to travel nationally and internationally. Its aim is to collect and provide as much travel information as possible for dialysis patients, including details on nearly 12,000 dialysis facilities in 127 countries.\r\nwww.globaldialysis.com\r\nHome Dialysis Central\r\nLearn about all the options for home dialysis, including a listing of every center in the US offering this modality of treatment, equipment and new technology, patient profiles, Medicare reimbursement, discussion boards, and how pending laws may affect dialyzing at home.\r\nwww.homedialysis.org\r\nHypertension, Dialysis, and Clinical Nephrology (HDCN)\r\nHDCN is aimed primarily at physicians and nurses who treat patients with renal disease. It provides selected information on renal disorders and their treatment, hypertension, dialysis, and clinical nephrology topics.\r\nwww.hdcn.com\r\nIgA Nephropathy Support Group\r\nA comprehensive and informative website about IgA nephropathy from the perspective of what IgAN patients can expect to encounter throughout the course of their disease, from initial diagnosis to End-Stage Renal Disease (ESRD), and beyond. The focus is on IgAN as conventional treatment. This is the companion information website to a very large and active IgAN discussion forum.\r\nwww.igan.ca\r\nInternational Society for Peritoneal Dialysis (ISPD)\r\nThe Canadian-based ISPD was formed to promote the clinical application and scientific investigation of PD for treating renal failure. Society membership is open to medical, scientific, nursing, nutrition, social work, and business professionals. The society achieves its goals through triennial Congresses and its bi-monthly publication, Peritoneal Dialysis International.\r\nwww.ispd.org\r\nInternational Society of Nephrology (ISN)\r\nThis is the official site of the ISN. It contains information on the ISN&rsquo;s programs, congresses, officers and commissions, as well as information on their journal, Kidney International, and its contents.\r\nwww.isn-online.org\r\nKDOQI Clinical Practice Guidelines\r\nThe Kidney Disease Outcomes Quality Initiative (KDOQI) is the National Kidney Foundation&rsquo;s (NKF) dialysis-specific section of its website, containing clinical practice guidelines and detailed information about dialysis methods.\r\nwww.kidney.org\r\nKidney &amp; Urology Foundation of America (KUFA)\r\nKUFA is dedicated to helping the more than 70 million Americans who suffer from the debilitating effects of kidney, urologic, and related diseases, and to promoting ground-breaking research that will result in new and better treatments. This website is filled with information to assist the patient and resources such as emergency grants, scholarships and awards information.\r\nwww.kidneyurology.org\r\nKidney End-of-Life Coalition\r\nThe Kidney End-of-Life Coalition promotes effective interchange between patients, families, caregivers, payers, and providers in support of integrated patient-centered end-of-life care for chronic kidney disease (CKD) patients.\r\nhttp://www.kidneyeol.org/Home.aspx\r\nKidney Kids\r\nKidney Kids, inc. is a non-profit 501(c)(3) organization devoted to supporting children with kidney diseases and illnesses as well as their families. We are striving to lessen the physical, emotional and financial impacts of living with a kidney disease or illness.\r\nwww.kidneykids.org\r\nKidney Options (supported by Fresenius Medical Care)\r\nAn educational website supported by Fresenius Medical Care North America for those with kidney disease and their healthcare professionals. It provides information aimed at empowering patients with the knowledge they need to make informed decisions about their healthcare. It offers a free Kidney Options package with information patients need to know about kidney disease.\r\nwww.kidneyoptions.com\r\nKidney Patient Guide\r\nThe Kidney Patient Guide is a renal website published in the United Kingdom. It includes information on the physical aspects of kidney failure, including how the kidneys function, what happens when they don&rsquo;t, the treatments available, and the emotional, social, and financial implications of kidney failure. There are also excellent animations for kidney transplants, hemodialysis, and peritoneal dialysis (PD).\r\nwww.kidneypatientguide.org.uk\r\nKidney School\r\nKidney School is an interactive, web-based learning program in 20-minute modules. It was designed to help people learn what they need to know to understand kidney disease and its treatment, adjust to kidney disease, make good medical choices, and live as fully as possible.\r\nwww.kidneyschool.org\r\nKidney Transplant/Dialysis Association, Inc. (KT/DA)\r\nKT/DA is an organization of dialysis and kidney transplant patients, their families and friends, and health professionals. The KT/DA officers are kidney patients. The association is dedicated to providing financial aid, information, and emotional support to chronic renal disease patients and their families.\r\nwww.ktda.org\r\nLiving Well With Kidney Disease: A Handbook for Patients and Their Families\r\nThe first edition of Living Well with Kidney Disease, previously titled When Your Kidneys Fail, was developed and published by the National Kidney Foundation of Southern California to provide information for people with kidney disease. Among the topics covered are the principles of kidney function, methods of treatment, and financial resources available to patients. The question and answer format, written in non-technical language, is designed to facilitate easy-reading. The handbook will help meet the educational needs of the growing population of people afflicted with kidney failure. Family members, friends and health care professionals will also find it a valuable resource.\r\nFlyerOrder Form\r\nMedicare Prescription Drug Coverage\r\nOffers basic information about prescription drug coverage, what it is, how you can get it, and why you should get it. Everyone with Medicare can qualify for coverage, which took effect on January 1, 2006.\r\nwww.medicare.gov\r\nMemorial Sloan-Kettering Cancer Center: Integrative Medicine\r\nProvides a search feature to find information on herbs, botanicals and other products.\r\n http://www.mskcc.org/cancer-care/integrative-medicine/about-herbs\r\nNational Foundation for Transplants (NFT)\r\nThis organization&rsquo;s mission is to provide financial support and assistance for transplant patients and their families. They also provide information about organ donor awareness.\r\nwww.transplants.org/\r\nNational Institute of Diabetes &amp; Digestive &amp; Kidney Diseases (NIDDK)\r\nThis National Institutes of Health (NIH) website contains a wealth of information ranging from health-related issues, clinical trial studies, health education program information, and research funding opportunities and resources.\r\nwww.niddk.nih.gov\r\nNational Kidney and Urologic Diseases Information Clearinghouse (NKUDIC)\r\nThe NKUDIC is an information dissemination service of the NIH&rsquo;s NIDDK (see entry above). It was established to increase knowledge and understanding about kidney and urologic diseases among patients, their families, healthcare professionals, and the general public.\r\nhttp://kidney.niddk.nih.gov\r\nNational Kidney Disease Education Program\r\nNKDEP has copyright-free materials in up to 20 adaptations. The consumer diabetes materials are culturally tailored for high-risk audiences in Spanish and 15 Asian and Pacific Islander languages, and adaptations of these materials have been made for African Americans, American Indians and Alaska Natives. Free resources are also available for health care professionals. For most publications, commercial, printer-ready CDs are available. To get your free copies, visit www.ndep.nih.gov or call 1-800-438-5383.\r\nCKD Quick Reference Cardfor testing and treating patients at risk for kidney disease\r\nhttp://www.nkdep.nih.gov/\r\nNational Kidney Foundation (NKF)\r\nThe NKF is a voluntary health organization that seeks to prevent kidney and urinary tract diseases, improve the health and well-being of individuals and families affected by these diseases, and increase the availability of all organs for transplantation.\r\nwww.kidney.org\r\nNational Kidney Registry\r\nFacilitating Living Donor Transplants\r\nwww.kidneyregistry.org\r\nNephrogenic Diabetes Insipidus Foundation (NDIF)\r\nThe NDIF is a community website for patients and their families, researchers, physicians, and other healthcare providers. Contains information about NDI, which includes:\r\n\r\nNutrition guidelines;\r\nFacts and statistics;\r\nResearch directories; and\r\nJournal articles\r\n\r\nwww.ndif.org\r\nNephrology Channel (NeC)\r\nNeC is an educational and community-based website for patients, family members, and healthcare professionals to learn more about a variety of conditions related to kidney disease. The site features an MD Locator, which can help find a nephrologist near you and teach you how to carefully choose a physician. It has good interactive features such as the live chat and alternative treatment and nephrology forums.\r\nwww.nephrologychannel.com\r\nNephron Information Center (NIC)\r\nDeveloped by Steve Fadem, MD, a nephrologist practicing in Texas, NIC is a comprehensive, well-organized, renal-specific site.\r\nwww.nephron.com\r\nNepro Kidney Club\r\nFree nutritional support program for people on dialysis. The Nepro&reg; Kidney Club helps people on dialysis take it one day, one number, and one meal at a time so health and nutrition goals are easier to reach. Presented by Abbott Nutrition, the Kidney Club helps members learn more about the relationship between nutrition and the ability to do the things they want to do every day. People who sign up for the Kidney Club receive support materials like coupons, recipes, and educational brochures.\r\nhttp://nepro.com/kidney-club\r\nNIH National Kidney Disease Education Program\r\nMaking the Kidney ConnectionPatient education brochure by the National Kidney Disease Education Program (NKDEP). Brochure discusses tests for kidney disease, risk factors, and steps to protect kidneys. Brochure (PDF)Help Your Patients Make the Kidney ConnectionThe National Kidney Disease Education Program (NKDEP) has developed a Family Reunion Initiative aimed at helping African-American families make the connection between diabetes, hypertension, and kidney disease. They created a toolkit to share with renal patients filled with helpsView guide overview PDF\r\nhttp://www.nkdep.nih.gov/\r\nNIH National Kidney Disease Education Program: CKD &amp; Nutrition\r\nCKD Nutrition Management Training ProgramSeries of five training modules that use engaging activities and case studies to prepare registered dietitians (RDs) for counseling patients who have CKD. Each module focuses on a specific area of nutrition management for kidney disease patients, including background information on CKD, slowing the progression of CKD, CKD complications, the CKD \"diet,\" and the transition from CKD to kidney failure. The modules also demonstrate how NKDEP\'s free resources can be used to counsel patients with CKD. Learn more and download the modules.Educational MaterialsNKDEP has developed a suite of materials to help general practice registered dietitians (RDs) provide effective medical nutrition therapy (MNT) to CKD patients who are not on dialysis. These free, downloadable, and reproducible materials are designed to distill key information about CKD and diet for RDs and patients\r\nhttp://www.nkdep.nih.gov/identify-manage/ckd-nutrition.shtml\r\nNKF-CRN: Council of Renal Nutrition (CRN) of the National Kidney Foundation (NKF)\r\nCRN is an association of renal dietitians that is one of the professional councils of the NKF. The Journal of Renal Nutrition, an every other month peer-reviewed publication, is a member benefit of CRN. The NKF Clinical Meetings are multidisciplinary annual meetings that offer CPEUs for clinical nephrology professionals.\r\nwww.kidney.org\r\nPKD Foundation\r\nThe Polycystic Kidney Disease (PKD) Foundation is a worldwide organization devoted to determining the cause, improving clinical treatment, and discovering a cure for PKD. This is the official site of the Polycystic Kidney Research Foundation.\r\nwww.pkdcure.org\r\nRenal Related Cookbooks\r\nList of Cookbooks for Kidney Patients.\r\nwww.kidney.org/professionals/crn/cookbooks.cfm\r\nRenal Support Network (RSN)\r\nThe Renal Support Network (RSN) is a nonprofit, patient-focused, patient-run organization that provides non-medical services to those affected by chronic kidney disease (CKD). RSN strives to help patients develop their personal coping skills, special talents, and employability by educating and empowering them (and their family members) to take control of the course and management of the disease\r\nhttp://www.rsnhope.org/\r\nRenal Support Network Health Library\r\nA service provided by Renal Support Network. It covers lifestyle and health topics intended for patients with kidney disease and their care-givers and family members. They have a positive themed message throughout the site - Hope - Happiness and Health.\r\nhttp://www.rsnhope.org/health-library/\r\nRenalinfo\r\nA project of Baxter International, Renalinfo offers information, support and resources for those with kidney failure, including causes, symptoms, tests, ideas for maintaining health, and a comprehensive presentation of treatment choices..\r\nwww.renalinfo.com\r\nScientific Registry of Transplant Recipients\r\nTransplant Program Reports that describe the activity and outcomes at each transplant center in the US.\r\nhttp://www.srtr.org/\r\nThe Academy\'s Find an RD\r\nThe Academy\'s Find an RD\r\nhttp://www.eatright.org/programs/rdfinder\r\nThe Adult with Intellectual and Developmental Disabilities\r\nThis resource tool is designed to provide an overview of nutrition in individuals with intellectual and developmental disabilities. The resource guide is contained on one CD-ROM as a 209 page PDF file.\r\nhttp://www.bhndpg.org/publications/index.asp\r\nThe MNT Provider Newsletter\r\nThe MNT Provider newsletter is an essential practice management resource for registered dietitians\r\nhttp://www.eatright.org/mntprovider/\r\nThe National Institute of Diabetes and Digestive and Kidney Diseases Website\r\nWealth of information on kidney diseases including health information, research, patient materials, funding, publications, news and more\r\nhttp://www2.niddk.nih.gov/\r\nThe NephCure Foundation\r\nThe NephCure Foundation is the only organization solely committed to seeking a cause and cure for two potentially devastating kidney conditions, Nephrotic Syndrome and Focal Segmental Glomerulosclerosis (FSGS). NephCure is made up of patients, their families and friends, researchers, physicians and other healthcare professionals joining forces to create awareness and generate funding for research.\r\nwww.NephCure.org\r\nToolkit for Healthcare Professionals: Medicare Prescription Drug Coverage\r\nDownloadable educational materials specifically for physicians and other healthcare professionals and their staff to learn the basics about Medicare Prescription Drug Coverage. It also includes materials to distribute to their Medicare patients. The kit contains reproducible artwork, a letter from the CMS Administrator, a fact sheet (English and Spanish), a brochure, an article, and a list of other resources.Physicians and other healthcare professionals and their staff, partner organizations, social workers, financial counselors, and discharge planners will find this toolkit a valuable resource to get information to people with Medicare. You may add your logo and business information to these materials and copy freely, if you wish\r\nhttp://www.cms.gov/Outreach-and-Education/Medicare-Learning-Network-MLN/MLNProducts/downloads/MLNCatalog.pdf\r\nTransplant Living\r\nThis site has a wealth of information for transplant recipients, family members and healthcare professionals. Transplant Living is a project of the United Network for Organ Sharing (UNOS), a nonprofit organization (see entry below) that maintains the national Organ Procurement and Transplantation Network (OPTN).\r\nwww.TransplantLiving.org\r\nTransWeb\r\nTransWeb: All About Transplantation and Donation is a nonprofit education site serving the world transplant community. It features news and events, patient experiences, the top 10 myths about donation, a donation quiz, questions and answers, and a reference area.\r\nwww.transweb.org\r\nUKidney.com - Internet School of Nephrology\r\nProvides many educational tools for the study and practice of nephrology, hypertension, and kidney transplantation. This site features essential contributions from members of the University of Toronto\'s Division of Nephrology. We hope that you will return to this site as an emerging internet school for nephrology education and kidney information.\r\nwww.ukidney.com\r\nUnited Network for Organ Sharing (UNOS)\r\nBrings together medicine, science, public policy and technology to facilitate every organ transplant performed in the United States. UNOS is a nonprofit organization that maintains the national Organ Procurement and Transplantation Network (OPTN).\r\nwww.unos.org\r\nUnited States Renal Data System (USRDS)\r\nThis is a national data system, which collects, analyzes, and distributes information about EDRD disease in the US. Visit this very informative website to find more information on the incidence and prevalence of ESRD, preventative health care measures, and treatment modalities.\r\nwww.usrds.org\r\nUSDA Choosemyplate.gov\r\nThe Center for Nutrition Policy and Promotion, an organization of the U.S. Department of Agriculture, was established in 1994 to improve the nutrition and well-being of Americans. Toward this goal, the Center focuses its efforts on two primary objectives:\r\n1. Advance and promote dietary guidance for all Americans, and2. Conduct applied research and analyses in nutrition and consumer economics.\r\nThe Center\'s core projects to support its objectives are the following:&bull; Dietary Guidelines for Americans&bull; USDA Food Guidance System (MyPlate, MyPyramid, Food Guide Pyramid)&bull; Healthy Eating Index&bull; U.S. Food Plans&bull; Nutrient Content of the U.S. Food Supply&bull; Expenditures on Children by Families\r\nhttp://www.choosemyplate.gov/\r\nUSDA Nutrient Data Laboratory (NDL)\r\nThe NDL provides information on the nutrient content of foods. The searchable database is useful in determining calorie, protein, phosphorus, potassium, and sodium information on over 6,200 different foods.\r\nwww.ars.usda.gov/nutrientdata\r\nhttp://www.ars.usda.gov/Services/docs.htm?docid=22114','Links and Resources, Recipes, Cookbooks','links-and-resources'),
	(34,'4','2013-05-10 01:27:42',1,'2013-05-10 10:00:08','Academy Updates',1,'<p>More professional resources available to members in members area. [link]</p><h3>Analysts needed for EAL</h3><p>The Scientific Affairs and Research Team is searching for the Academy members interested in becoming analysts for the Academy Evidence Analysis Library. For a job description and information on how to apply, visit the \"Get Involved\" section of the Evidence Analysis Library at:<a href=\"http://www.adaevidencelibrary.com/content.cfm?content_code=about:involved\" target=\"_blank\"> http://www.adaevidencelibrary.com/content.cfm?content_code=about:involved</a></p><h3>The Academy Hypertension Evidence Based Nutrition Practice Guideline</h3><p>The Academy Hypertension evidence based nutrition practice guideline was published online in April 2008. This presentation is available for online purchase (members: $8.00/ non-members: $20.00). To purchase, visit the Academy Evidence Analysis Library online Store: <a href=\"https://www.adaevidencelibrary.com/store.cfm\" target=\"_blank\">https://www.adaevidencelibrary.com/store.cfm</a>. Academy Hypertension Evidence Based Nutrition Practice Guideline powerpoint presentation: Includes all recommendations and ratings! 48 slides ready for you to use for meetings, in-service presentations, and classes. (online electronic download purchase only) Similar powerpoint presentations are also available for Adult Weight Management, Critical Illness and Diabetes.</p><h3>Research your value with the Academy&rsquo;s new salary survey</h3><p>Based on the third nationwide survey of dietetics practitioners, the Academy&rsquo;s latest salary survey results are in. An easy to use summation of the findings, entitled the Compensation and Benefits Survey of the Dietetics Profession 2007, is now available for purchase, at the member price of $20.</p><p>Practitioners can use this expansive salary data to better understand the market as it relates to the salary and benefits compensation for a variety of dietetics positions. Know your compensation package and what is negotiable. If your organization is not able to provide salary or performance increases, it may provide professional development benefits, such as reimbursement for association dues or funding to attend continuing education programs. Use the survey to research your market value and investigate the factors that lead to higher salaries. For example, salaries increased in proportion to number of years of experience, level of supervisory responsibility, budget responsibility, and practice area (consultation and business paying more than clinical). The Compensation and Benefits Survey of the Dietetics Profession 2007 is available now through the Academy catalog online or call 800/877-1600, ext. 5000, and ask for Publication #356808.<br /><br /></p>',4,'More professional resources available to members in members area. [link]\r\nAnalysts needed for EAL\r\nThe Scientific Affairs and Research Team is searching for the Academy members interested in becoming analysts for the Academy Evidence Analysis Library. For a job description and information on how to apply, visit the \"Get Involved\" section of the Evidence Analysis Library at: http://www.adaevidencelibrary.com/content.cfm?content_code=about:involved\r\nThe Academy Hypertension Evidence Based Nutrition Practice Guideline\r\nThe Academy Hypertension evidence based nutrition practice guideline was published online in April 2008. This presentation is available for online purchase (members: $8.00/ non-members: $20.00). To purchase, visit the Academy Evidence Analysis Library online Store: https://www.adaevidencelibrary.com/store.cfm. Academy Hypertension Evidence Based Nutrition Practice Guideline powerpoint presentation: Includes all recommendations and ratings! 48 slides ready for you to use for meetings, in-service presentations, and classes. (online electronic download purchase only) Similar powerpoint presentations are also available for Adult Weight Management, Critical Illness and Diabetes.\r\nResearch your value with the Academy&rsquo;s new salary survey\r\nBased on the third nationwide survey of dietetics practitioners, the Academy&rsquo;s latest salary survey results are in. An easy to use summation of the findings, entitled the Compensation and Benefits Survey of the Dietetics Profession 2007, is now available for purchase, at the member price of $20.\r\nPractitioners can use this expansive salary data to better understand the market as it relates to the salary and benefits compensation for a variety of dietetics positions. Know your compensation package and what is negotiable. If your organization is not able to provide salary or performance increases, it may provide professional development benefits, such as reimbursement for association dues or funding to attend continuing education programs. Use the survey to research your market value and investigate the factors that lead to higher salaries. For example, salaries increased in proportion to number of years of experience, level of supervisory responsibility, budget responsibility, and practice area (consultation and business paying more than clinical). The Compensation and Benefits Survey of the Dietetics Profession 2007 is available now through the Academy catalog online or call 800/877-1600, ext. 5000, and ask for Publication #356808.','Academy Updates','academy-updates'),
	(35,'4','2013-05-10 01:30:06',1,'2013-05-10 01:30:06','Nutrition Info for Professionals',1,'<p><img title=\"nutrition info for professionals\" src=\"/files/images/professional_resources.jpg\" alt=\"Nutrition Info for Professionals\" width=\"245\" height=\"250\" /></p><p>&nbsp;</p><p>Information coming soon.</p><p>&nbsp;</p><p>Nutrition Info for Food &amp; Nutrition Professionals (Goes to &ldquo;RPG Materials in the Academy Product Marketplace, publications: http://www.renalnutrition.org/publications/index.php - in the E-Learning section)</p>',0,'\r\n&nbsp;\r\nInformation coming soon.\r\n&nbsp;\r\nNutrition Info for Food &amp; Nutrition Professionals (Goes to &ldquo;RPG Materials in the Academy Product Marketplace, publications: http://www.renalnutrition.org/publications/index.php - in the E-Learning section)','nutrition info form food and nutrition professionals','nutrition-info-for-professionals'),
	(36,'4','2013-05-10 01:31:38',1,'2013-05-10 01:31:38','Nutrition Info for Consumers',1,'<p><img src=\"/files/images/consumer_resources.jpg\" alt=\"\" width=\"254\" height=\"249\" /></p><p>&nbsp;</p><p>info coming soon</p>',0,'\r\n&nbsp;\r\ninfo coming soon','nutrition info for consumers','nutrition-info-for-consumers'),
	(37,'4','2013-05-10 01:33:17',1,'2013-05-10 01:33:17','Renal Disease Apps',1,'<p><img src=\"/files/images/renal_appl.jpg\" alt=\"\" width=\"200\" height=\"198\" /></p><p>information coming soon</p>',0,'\r\ninformation coming soon','renal disease apps','renal-disease-apps'),
	(38,'4','2013-05-10 10:25:01',1,'2013-05-11 08:18:52','Sponsors',1,'<p>Thank you to our current sponsors! If yo u are interested in becoming an RPG sponsor, please go to the <a href=\"/content/sponsorship-opportunities.html\">Sponsorship Opportunities</a> page.</p><h3>Current Sponsors</h3><p align=\"center\"><a href=\"http://abbottnutrition.com/\" target=\"_blank\"><img style=\"vertical-align: middle;\" title=\"Abbott Nutrition\" src=\"/files/images/abbott_nutrition.jpg\" alt=\"Abbott Nutrition\" /></a></p><h4 align=\"center\">&nbsp;<a href=\"http://abbottnutrition.com/\" target=\"_blank\">Abbott Nutrition</a></h4><p>&nbsp;</p><p>&nbsp;</p><p align=\"center\"><a href=\"http://www.fmcna.com/fmcna/index.htm\" target=\"_blank\"><img title=\"Fresenius Medical Care\" src=\"/files/images/fresenui_medical_care.jpg\" alt=\"Fresenius Medical Care\" /></a></p><h4 align=\"center\"><a href=\"http://www.fmcna.com/fmcna/index.htm\" target=\"_blank\">Fresenius Medical Care</a></h4><p>&nbsp;</p><p>&nbsp;</p><p>&nbsp;</p><p>&nbsp;</p>',4,'Thank you to our current sponsors! If yo u are interested in becoming an RPG sponsor, please go to the Sponsorship Opportunities page.\r\nCurrent Sponsors\r\n\r\n&nbsp;Abbott Nutrition\r\n&nbsp;\r\n&nbsp;\r\n\r\nFresenius Medical Care\r\n&nbsp;\r\n&nbsp;\r\n&nbsp;\r\n&nbsp;','sponsorship, sponsor, advertiser, adverstisng','sponsors'),
	(39,'4','2013-05-11 07:56:43',1,'2013-05-11 09:35:07','Sponsorship Opportunities',1,'<h3>Current Print Ad Rates for the Renal Nutrition Forum</h3><p>The <em><strong>Renal Nutrition Forum (RNF)</strong></em>is a quarterly peer-reviewed publication of the Renal Dietitians Practice Group of the American Dietetic Association. It reaches approximately 2500 renal and related nutrition professional members every issue. These nephrology and nutrition professionals influence the nutrition management and care of patients and clients in all stages of chronic kidney disease. They utilize their expertise and skills in many different settings which may include: hospitals, specialty clinics, outpatient clinics, and private practice and interact with primary care physicians, nephrologists, nurses and other medical professionals every day.</p><p>The <em><strong>Renal Nutrition Forum</strong></em> has been a vital tool for renal professionals and patients since 1980. It is an excellent publication venue for advertising the products of your company to focus on the target audience. It&rsquo;s the &ldquo;Go To&rdquo; publication for the latest in clinical, patient and product information when it comes to managing chronic kidney disease, diabetes, cardiovascular disease, etc.</p><h3>Do you want to advertise on the RPG website?</h3><p>Please contact <a href=\"mailto:helpU@renalnutrition.org\">helpU@renalnutrition.org</a> for more information. RPG is creating some new exciting sponsorship opportunities on their new website.</p><p><strong>For Additional Information</strong><br />Emily Cutler, MS, RD, Advertising Editor<br />Renal Nutrition Forum<br /><a href=\"mailto:emilycreamer@aol.com\">emilycreamer@aol.com</a></p>',4,'Current Print Ad Rates for the Renal Nutrition Forum\r\nThe Renal Nutrition Forum (RNF)is a quarterly peer-reviewed publication of the Renal Dietitians Practice Group of the American Dietetic Association. It reaches approximately 2500 renal and related nutrition professional members every issue. These nephrology and nutrition professionals influence the nutrition management and care of patients and clients in all stages of chronic kidney disease. They utilize their expertise and skills in many different settings which may include: hospitals, specialty clinics, outpatient clinics, and private practice and interact with primary care physicians, nephrologists, nurses and other medical professionals every day.\r\nThe Renal Nutrition Forum has been a vital tool for renal professionals and patients since 1980. It is an excellent publication venue for advertising the products of your company to focus on the target audience. It&rsquo;s the &ldquo;Go To&rdquo; publication for the latest in clinical, patient and product information when it comes to managing chronic kidney disease, diabetes, cardiovascular disease, etc.\r\nDo you want to advertise on the RPG website?\r\nPlease contact helpU@renalnutrition.org for more information. RPG is creating some new exciting sponsorship opportunities on their new website.\r\nFor Additional InformationEmily Cutler, MS, RD, Advertising EditorRenal Nutrition Forumemilycreamer@aol.com','sponsors, sponsorship opportunities, advertising, advertiser','sponsorship-opportunities'),
	(40,'4','2013-05-11 10:52:54',1,'2013-05-11 10:53:52','Board',1,'<p>For the board members\' contact information, you must login to the <strong><a href=\"/about-rpg/rpg-board-contact-information.html\">members area</a></strong>. [link]&nbsp;</p><h3><a name=\"chair\"></a>Officers</h3><h4><img style=\"float: left; margin-left: 4px; margin-right: 4px;\" title=\"Chair\" src=\"/files/images/Sarah_Kruger_106x133.jpg\" alt=\"Sarah Kruger, MS, RD, CSR\" />Sarah Kruger, MS, RD, CSR<br />Chair</h4><p>Sarah has a BS from Michigan State University and a MS from Case Western Reserve University, both in nutrition. She is currently a CKD Sales Specialist for Abbott Renal Care. Sarah has experience working at Renal Advantage Inc and started her own practice consulting CKD stage 3/4 patients. Sarah is also involved with other professional organizations including Chair for Michigan CRN.<a name=\"pastchair\"></a></p><p>&nbsp;</p><h4><img style=\"float: left; margin-left: 4px; margin-right: 4px;\" title=\"Immediate Past Chair\" src=\"/files/images/rachel_m.jpg\" alt=\"Rachel R Majorowicz, RD, LD\" />Rachael R Majorowicz, RD, LD<br />Immediate Past Chair</h4><p>Rachael has worked at Mayo Clinic outpatient hemodialysis providing patient care, creating educational materials, and providing nutrition education for medical students, nephrology fellows, nurses, and dietetic interns. She remains active in CRN-Minnesota planning numerous educational events for renal professionals and promoting patient programs.<a name=\"chairelect\"></a></p><p>&nbsp;</p><h4><img style=\"float: left; margin-left: 4px; margin-right: 4px;\" title=\"Chair-Elect\" src=\"/files/images/mary_kay_hensley_new.jpg\" alt=\"Mary Kay Hensley, MS, RD, CSR\" />Mary Kay Hensley, MS, RD, CSR<br />Chair-Elect</h4><p>Mary Kay Hensley has provided renal nutrition therapy for many years starting in Nebraska &amp; then in Indiana (IN). She is employed by Davita, Inc. in IN. She has served as the NKF-CRN Chair. She was instrumental in the launch of JREN during her tenure &amp; served on the first editorial board. She serves on the Board of Directors for NKF of Indiana &amp; is a past-President. She is an active member of the International Congress of Renal Nutrition &amp; Metabolism. Mary Kay served on the Academy Specialty Practice Board and was a member of the work group to develop the Renal Specialty Certification exam.<a name=\"sec\"></a></p><p>&nbsp;</p><h4><img style=\"float: left; margin-left: 4px; margin-right: 4px;\" title=\"Secretary\" src=\"/files/images/RPGJoAnnR_sm.jpg\" alt=\"JoAnn Randazzo, RD, CDN\" />JoAnn Randazzo, RD, CDN<br />Secretary</h4><p>JoAnn is employed as an outpatient dialysis dietitian and co-owner of a private practice, with a primary focus on corporate wellness programs. She is currently pursuing completion of her Master\'s Degree. In addition to being a member of the Academy of Nutrition &amp; Dietetics, she is affiliated with CRN-LI and the NYSDA. JoAnn is looking forward to being a Board Member of the Renal Dietitians Practice Group.<a name=\"treas\"></a></p><p>&nbsp;</p><h4><img style=\"float: left; margin-left: 4px; margin-right: 4px;\" title=\"Treasurer, Renal Nutrition Forum\" src=\"/files/images/stacey_phillips.gif\" alt=\"Stacey C. Phillips, RD, LD\" />Stacey C. Phillips, RD, LD<br />Treasurer, Renal Nutrition Forum</h4><p>Stacey is excited to continue on the RPG EC committee in the role of treasurer. She has been a dietitian for the last seven years and gets to work with patients in early CKD to transplantation. One of the highlights of being involved with RPG has been getting to know other dietitians and promoting our profession.<a name=\"hod\"></a></p><p>&nbsp;</p><h4><img style=\"float: left; margin-left: 4px; margin-right: 4px;\" title=\"HOD Member\" src=\"/files/images/RPG-Pam-Kent_sm.jpg\" alt=\"Pamela Kent\" />Pamela Kent<br />HOD Member</h4><p>Pam has been a renal dietitian for over 25 years. She has been an invited speaker at regional &amp; national conferences. Her publications include articles and book chapters focusing on obesity, medical nutrition therapy, IDPN, DM, liver disease, CKD and acute kidney injury. Pam has held several positions within RPG including Chair, Treasurer and Editor. In addition, she is the past NKF-CRN Spring Clinical Meetings Chair.<a name=\"media\"></a></p><p>&nbsp;</p><h3>Website &amp; Editorial Board</h3><h4><img style=\"float: left; margin-left: 4px; margin-right: 4px;\" title=\"Electronic Media Manager\" src=\"/files/images/cathy_g_m.jpg\" alt=\"Cathy M. Goeddke-Merickel, MS, RD, LD\" />Cathy M. Goeddeke-Merickel, MS, RD, LD<br />Electronic Media Manager</h4><p>Cathy is a Nephrology Dietitian &amp; Independent Clinical Consultant. She has clinical &amp; research experience in diabetes, obesity, CKD stages 1-5. She was a member of the Committee for Standards of Practice and Standards of Professional Performance for Nephrology Care; published in JADA &amp; JREN. Cathy has authored peer-reviewed journal articles, book chapters &amp; is an an invited speaker on topics such as botanical medicine, CKD diabetes, obesity/weight management, low literacy education &amp; nutrition/wellness. She has been a contributor for professional and patient education publications. She enjoys doing anything active outdoors!<a name=\"forumeditor\"></a></p><p>&nbsp;</p><h4><img style=\"float: left; margin-left: 4px; margin-right: 4px;\" title=\"Forum Editor, Renal Nutrition Forum\" src=\"/files/images/Sara_Erickson.jpg\" alt=\"Sara Erickson RD, CSR, LDN, CNSC\" />Sara Erickson RD, CSR, LDN, CNSC<br />Forum Editor, Renal Nutrition Forum</h4><p>Sara is the Pediatric Renal Dietitian for Levine Children&rsquo;s Hospital and Specialty Center in Charlotte, NC. She has worked in pediatrics for over 10 years &amp; transitioned to pediatric nephrology 2 yrs ago where she manages the nutrition care of patients at an outpatient clinic, dialysis unit, and transplant program. She received her BS from the U of North Carolina &ndash; Greensboro and completed her internship at East Carolina University at New Hanover Regional Medical Center in Wilmington, NC.<a name=\"coeditorone\"></a></p><p>&nbsp;</p><h4><img style=\"float: left; margin-left: 4px; margin-right: 4px;\" title=\"Co-Editor, Renal Nutrition Forum\" src=\"/files/images/amy_tarpey_new.jpg\" alt=\"Amy Tarpey\" />Amy Tarpey<br />Co-Editor, Renal Nutrition Forum</h4><p>Amy is employed as a renal nutrition sales executive at Pentec Health and has had a small private practice for patients with CKD stages 1-4 since 2004. Previously, she worked as a renal dietitian in acute care, chronic ambulatory, nutrition support and research settings. She received a BA in Psychology from the U of Arizona and an MS in Nutritional Science from California State University, Long Beach. She is looking forward to a new challenge as part of the Renal Nutrition Forum Editorial team, but hopes she will still have time for her long runs.<a name=\"coeditortwo\"></a></p><p>&nbsp;</p><h4><img style=\"float: left; margin-left: 4px; margin-right: 4px;\" title=\"Co-Editor, Renal Nutrition Forum\" src=\"/files/images/Jackie_Tremont.jpg\" alt=\"Jackie Termont\" />Jackie Termont<br />Co-Editor, Renal Nutrition Forum</h4><p>Jackie has been a renal dietitian for DaVita Dialysis in Richmond, VA since 2008. Originally from Indiana, she earned her undergraduate degree in dietetics at Purdue University. She previously worked for a small hospital in southern Michigan before moving with her husband to Richmond. She was the co-chair for the Virginia CRN and has recently accepted the position of the RNF Co-Editor. She still finds time to bake which makes her co-workers very happy!<a name=\"advertising\"></a></p><p>&nbsp;</p><h4><img style=\"float: left; margin-left: 4px; margin-right: 4px;\" title=\"Advertising Editor, Renal Nutrition Forum\" src=\"/files/images/Emily_Cutler.jpg\" alt=\"Emily Cutler, MS, RD, LDN\" />Emily Cutler, MS, RD, LDN<br />Adversting Editor, Renal Nutrition Forum</h4><p>She has experience working with nutrition support, renal nutrition, and health/wellness. She enjoys educating &amp; caring for dialysis patients, while working in outpatient dialysis (FMS) on Chicago\'s southside. She recently worked at a facility with a focus on nutrition support/critical illness, and continued to educate and care for CKD and HD patients. In addition to renal nutrition, she continues to pursue a passion of promoting health and wellness. She loves to cook, run, travel, and spend time with her husband and toddler daughter.<a name=\"membership\"></a></p><p><br /><br /></p><h3>Committee Chairs</h3><h4><img style=\"float: left; margin-left: 4px; margin-right: 4px;\" title=\"Membership Outreach Chair\" src=\"/files/images/Nilma_Desai_103x125.jpg\" alt=\"Nilma Desai, MS, BS, RD\" />Nilma Desai, MS, BS, RD<br />Membership Outreach Chair</h4><p>Nilma received her B.S. in Nutrition and Dietetics from California State University, Long Beach and M.S. in Public Health Nutrition degree from Loma Linda University. She has over 6 years of experience in renal nutrition working for Abbott Pharmaceuticals and DaVita dialysis center. She currently works as a consulting dietitian counseling CKD Stage 3/4 patients and writes continuing education modules for Gannett Education. She also previously served on the Ex Boards for the Southern California NKF and CRN.<a name=\"webinar\"></a></p><p>&nbsp;</p><h4><img style=\"float: left; margin-left: 4px; margin-right: 4px;\" title=\"Webinar Chair\" src=\"/files/images/annamarie_rodriguez.jpg\" alt=\"Annamarie Rodriguez\" />Annamarie Rodriguez<br />Webinar Chair</h4><p>Annamarie is employed by Sanofi Renal as a Renal Clinical consultant. Her work experience encompasses renal nutrition and pharmaceuticals in both sales, education and as an account manager with oral/injectable drug therapies and IDPN. She has served in a variety of committees with local NKF and CRN chapters in San Antonio and currently in WI, and is presently serving as chair for WI CRN. Personal interests include football, gardening, volunteer activities, cooking, antiquing and \'one day\' will learn to speak Spanish and play the violin.<a name=\"social\"></a></p><p>&nbsp;</p><h4><img style=\"float: left; margin-left: 4px; margin-right: 4px;\" title=\"Social Media Chair\" src=\"/files/images/RPG-Sarah-Coffin_sm.jpg\" alt=\"Sarah Coffin\" />Sarah Coffin<br />Social Media Chair</h4><p>Sarah Coffin career began as a hospital dietitian in La Jolla Ca, and transitioned into 15+ years of renal nutrition at various dialysis clinics, and nutrition instructor at local colleges. She later expanded into pharmaceutical sales with Abbott Renal Care. With Coffin\'s motivation to help and educate others about the importance of nutrition, she is currently teaching at Palomar College, a health writer for Gannett Education, and has served on various educational symposia committees with the NKF &amp; CRN of Southern California.<a name=\"project\"></a></p><p>&nbsp;</p><h4><img style=\"float: left; margin-left: 4px; margin-right: 4px;\" title=\"Project Chair\" src=\"/files/images/Meg_McCartney.jpg\" alt=\"Meg McCartney, RD, LDN\" />Meg McCartney, RD, LDN<br />Project Chair</h4><p>For the past five years, Meg has found her niche in renal nutrition, where she enjoys bridging the clinical and relational aspects of dialysis care for patients. Prior to that, her experience was in nutrition support and hospital food service, after earning her BS from Michigan State University. She has also been involved with the Chicago Dietetics Association and volunteering for NKF in Chicago.<a name=\"kidney\"></a></p><p>&nbsp;</p><h4><img style=\"float: left; margin-left: 4px; margin-right: 4px;\" title=\"Kidney Friendly Food Shelf Chair\" src=\"/files/images/RPGLindseyZ.jpg\" alt=\"Lindsey Zirker RD, LD\" />Lindsey Zirker RD, LD<br />Kidney Friendly Food Shelf Chair</h4><p>Lindsey has a BS from Brigham Young University. She has a varied background with experience in eating disorders, research/development, health/wellness programs, and teaching community cooking and nutrition classes. She currently works at an outpatient dialysis clinic with hemo and peritoneal dialysis patients. Lindsey has served on the NKF Education Committee and as the Chair for the West Division Regional Dietitian Conference for Liberty Dialysis.<a name=\"website\"></a></p><p>&nbsp;</p><h4><img style=\"float: left; margin-left: 4px; margin-right: 4px;\" title=\"Website Reviewer Subcommittee Chair\" src=\"/files/images/erin_nelson_new.jpg\" alt=\"Erin Nelson\" />Erin Nelson<br />Website Reviewer Subcommittee Chair</h4><p>Erin earned her B.S. in Nutritional Sciences from Texas A&amp;M University and completed her internship &amp; M.S. of Public Health in Health Promotion &amp; Behavioral Sciences from the U of Texas School of Public Health. She currently works for Aramark at St. Luke\'s Episcopal Hospital. She has been working with Kidney &amp; Pancreas Transplant patients since 2009. Prior to that she covered general medicine patients and previously served on the Houston Academy of Nutrition and Dietetics Board of Directors.<a name=\"ipad\"></a></p><p>&nbsp;</p><h4><img style=\"float: left; margin-left: 4px; margin-right: 4px;\" title=\"iPad Subcommittee Chair\" src=\"/files/images/MelissaPrest.jpg\" alt=\"Melissa Prest\" />Melissa Prest<br />iPad Subcommittee Chair</h4><p>Melissa has her MS in Clinical Nutrition from the University of Medicine and Dentistry of New Jersey. Her thesis research focused on nutrition assessment in hemodialysis patients. She has worked in clinical dietetics with a focus on cardiology &amp; rehab/diabetes/physical rehab, &amp; long-term care. For the past 4 yrs she has provided MNT therapy for in-center hemodialysis &amp; peritoneal dialysis patients. Melissa is an active board member for NKF-CRN Illinois chapter &amp; local dietetic association.<a name=\"handout\"></a></p><p>&nbsp;</p><h4><img style=\"float: left; margin-left: 4px; margin-right: 4px;\" title=\"Handouts Subcommittee Chair\" src=\"/files/images/Rita_Milam_new.jpg\" alt=\"Rita Milam\" />Rita Milam<br />Handouts Subcommittee Chair</h4><p>Rita is a clinical dietitian at Central Arkansas Veterans Healthcare System. She works with the MOVE weight management program &amp; veterans with CKD on hemodialysis &amp; peritoneal dialysis. Previously she was a renal dietitian in a local dialysis clinic &amp; started her career as a clinical dietitian after completing her dietetic internship. She has a Masters of Arts in English-technical and expository writing. Rita enjoys cooking, flower gardening, &amp; traveling with her husband and 3 dogs.<a name=\"prc\"></a></p><p>&nbsp;</p><h4><img style=\"float: left; margin-left: 4px; margin-right: 4px;\" title=\"Professional Resource Center Coordinator\" src=\"/files/images/nadiya.gif\" alt=\"Nadiya Lakhani\" />Nadiya Lakhani<br />Professional Resource Center Coordinator</h4><p>Nadiya graduated from UT Southwestern Medical Center in Dallas and found her passion in renal nutrition. She is working for FMC and also works as a Clinical Dietitian for HCA hospitals and as a Private Consultant in the community. Nadiya recently assisted with a study for Protocol Management with Dallas Nephrology Associates. Nadiya has been a Legislative Co-Chair for Dallas Dietetic Association, actively involved with NKF Spring Seminar and is currently serving as the Chair for North Texas CRN.<a name=\"public\"></a></p><p>&nbsp;</p><h4><img style=\"float: left; margin-left: 4px; margin-right: 4px;\" title=\"Public Policy/MNT Chair\" src=\"/files/images/RPG-Sarah-Mott_sm.jpg\" alt=\"Sarah Mott, MS, RD, LDN\" />Sarah Mott MS, RD, LDN<br />Public Policy/MNT Chair</h4><p>Sarah has spent 6 years working in outpatient dialysis clinics and provided care for in-center hemodialysis, peritoneal dialysis, and home hemodialysis patients. She received her BS degree from Central Michigan University and her MS from Mount Mary College. Sarah is now working towards a Master\'s in Public Health at the University of Michigan with a focus on health management &amp; policy. Sarah is currently serving as a National Kidney Disease Education Program Coordinating Panel member.<a name=\"awards\"></a></p><p>&nbsp;</p><h4><img style=\"float: left; margin-left: 4px; margin-right: 4px;\" title=\"Awards/Scholarship Chair\" src=\"/files/images/sandy_sm.jpg\" alt=\"Sandy McDonald-Hangach, RD\" />Sandy McDonald-Hangach, RD<br />Awards/Scholarshp Chair</h4><p>Sandy is currently employed at Davita . She works at 2 facilities in Detroit Mich and has been a Renal Dietitian for the past 12 yrs. She belongs to the following professional organizations Academy of Nutrition and Dietetics, RPG, CRN of Michigan, and Southeastern Michigan Dietetic Association, and MDA. When she is not working or volunteering for professional organizations she travels, exercises, reads, eats out, shops, attends movies and spends time with family &amp; friends!<a name=\"mentor\"></a></p><p>&nbsp;</p><h4>OPEN POSITION<br />Mentor Chair<a name=\"nominatingone\"></a></h4><p>&nbsp;</p><h4><img style=\"float: left; margin-left: 4px; margin-right: 4px;\" title=\"Nominating Chair\" src=\"/files/images/RPG-Elizabeth-Neumann_sm.jpg\" alt=\"Elizabeth Neumann\" />Elizabeth Neumann<br />Nominating Chair</h4><p>Elizabeth Neumann has been an outpatient Renal Dietitian at US Renal Care for the past 5 years. She covers 3 clinics &amp; manages the nutritional care of over 100 patients. She serves as Treasurer for CRN-Fort Worth &amp; is past President of Fort Worth Dietitic Association. Her work experience includes pediatrics, geriatrics, pharmaceutical sales and Clinical Instructor at the U of Texas Dental School. She is an avid scuba diver, gardener and snow skier.<a name=\"nominatingtwo\"></a></p><p>&nbsp;</p><h4><img style=\"float: left; margin-left: 4px; margin-right: 4px;\" title=\"Nominating Chair\" src=\"/files/images/RPG-Valerie-Hannah_sm.jpg\" alt=\"Valarie Hannah\" />Valarie Hannahs<br />Nominating Member</h4><p>Valarie has worked in renal since 2007 as an outpatient renal dietitian &amp; now as the Corporate Manager of Renal Nutrition with American Renal Associates. She earned her B.S. in Medical Dietetics from Ohio State University and M.S. in Exercise Science &amp; Health Promotion from California University of Pennsylvania. Valarie is a member of RPG, &amp; SCAN and NKF &amp; CRN of Ohio. Motivating dietitians to be more involved &amp; creating educational opportunities are a few of the many goals she hopes to achieve with RPG. Valarie also provides nutrition counseling &amp; in her spare time competes in a variety of outdoor events.<a name=\"nominatingthree\"></a></p><p>&nbsp;</p><h4>Betty Parry Fisher, MS, RD<br />Nominating Member</h4><p>Bio coming soon...</p><h4><a name=\"academy\"></a></h4><p><br /><br /></p><h3>Academy of Nutrition and Dietetics</h3><h4><img style=\"float: left; margin-left: 4px; margin-right: 4px;\" title=\"Academy of Nutrition and Dietetics Team\" src=\"/files/images/susan.jpg\" alt=\"Susan Dupraw, MPH, RD\" />Susan Dupraw, MPH, RD<br />Academy of Nutrition and Dietetics Manager, Practice Team</h4><p>Susan works on the Practice Team at the Academy of Nutrition and Dietetics in Chicago, IL. My role at the Academy is to promote and assist in coordinating activities of five dietetic practice groups. My previous positions included clinical nutrition, nutrition education and nutrition marketing.</p>',4,'For the board members\' contact information, you must login to the members area. [link]&nbsp;\r\nOfficers\r\nSarah Kruger, MS, RD, CSRChair\r\nSarah has a BS from Michigan State University and a MS from Case Western Reserve University, both in nutrition. She is currently a CKD Sales Specialist for Abbott Renal Care. Sarah has experience working at Renal Advantage Inc and started her own practice consulting CKD stage 3/4 patients. Sarah is also involved with other professional organizations including Chair for Michigan CRN.\r\n&nbsp;\r\nRachael R Majorowicz, RD, LDImmediate Past Chair\r\nRachael has worked at Mayo Clinic outpatient hemodialysis providing patient care, creating educational materials, and providing nutrition education for medical students, nephrology fellows, nurses, and dietetic interns. She remains active in CRN-Minnesota planning numerous educational events for renal professionals and promoting patient programs.\r\n&nbsp;\r\nMary Kay Hensley, MS, RD, CSRChair-Elect\r\nMary Kay Hensley has provided renal nutrition therapy for many years starting in Nebraska &amp; then in Indiana (IN). She is employed by Davita, Inc. in IN. She has served as the NKF-CRN Chair. She was instrumental in the launch of JREN during her tenure &amp; served on the first editorial board. She serves on the Board of Directors for NKF of Indiana &amp; is a past-President. She is an active member of the International Congress of Renal Nutrition &amp; Metabolism. Mary Kay served on the Academy Specialty Practice Board and was a member of the work group to develop the Renal Specialty Certification exam.\r\n&nbsp;\r\nJoAnn Randazzo, RD, CDNSecretary\r\nJoAnn is employed as an outpatient dialysis dietitian and co-owner of a private practice, with a primary focus on corporate wellness programs. She is currently pursuing completion of her Master\'s Degree. In addition to being a member of the Academy of Nutrition &amp; Dietetics, she is affiliated with CRN-LI and the NYSDA. JoAnn is looking forward to being a Board Member of the Renal Dietitians Practice Group.\r\n&nbsp;\r\nStacey C. Phillips, RD, LDTreasurer, Renal Nutrition Forum\r\nStacey is excited to continue on the RPG EC committee in the role of treasurer. She has been a dietitian for the last seven years and gets to work with patients in early CKD to transplantation. One of the highlights of being involved with RPG has been getting to know other dietitians and promoting our profession.\r\n&nbsp;\r\nPamela KentHOD Member\r\nPam has been a renal dietitian for over 25 years. She has been an invited speaker at regional &amp; national conferences. Her publications include articles and book chapters focusing on obesity, medical nutrition therapy, IDPN, DM, liver disease, CKD and acute kidney injury. Pam has held several positions within RPG including Chair, Treasurer and Editor. In addition, she is the past NKF-CRN Spring Clinical Meetings Chair.\r\n&nbsp;\r\nWebsite &amp; Editorial Board\r\nCathy M. Goeddeke-Merickel, MS, RD, LDElectronic Media Manager\r\nCathy is a Nephrology Dietitian &amp; Independent Clinical Consultant. She has clinical &amp; research experience in diabetes, obesity, CKD stages 1-5. She was a member of the Committee for Standards of Practice and Standards of Professional Performance for Nephrology Care; published in JADA &amp; JREN. Cathy has authored peer-reviewed journal articles, book chapters &amp; is an an invited speaker on topics such as botanical medicine, CKD diabetes, obesity/weight management, low literacy education &amp; nutrition/wellness. She has been a contributor for professional and patient education publications. She enjoys doing anything active outdoors!\r\n&nbsp;\r\nSara Erickson RD, CSR, LDN, CNSCForum Editor, Renal Nutrition Forum\r\nSara is the Pediatric Renal Dietitian for Levine Children&rsquo;s Hospital and Specialty Center in Charlotte, NC. She has worked in pediatrics for over 10 years &amp; transitioned to pediatric nephrology 2 yrs ago where she manages the nutrition care of patients at an outpatient clinic, dialysis unit, and transplant program. She received her BS from the U of North Carolina &ndash; Greensboro and completed her internship at East Carolina University at New Hanover Regional Medical Center in Wilmington, NC.\r\n&nbsp;\r\nAmy TarpeyCo-Editor, Renal Nutrition Forum\r\nAmy is employed as a renal nutrition sales executive at Pentec Health and has had a small private practice for patients with CKD stages 1-4 since 2004. Previously, she worked as a renal dietitian in acute care, chronic ambulatory, nutrition support and research settings. She received a BA in Psychology from the U of Arizona and an MS in Nutritional Science from California State University, Long Beach. She is looking forward to a new challenge as part of the Renal Nutrition Forum Editorial team, but hopes she will still have time for her long runs.\r\n&nbsp;\r\nJackie TermontCo-Editor, Renal Nutrition Forum\r\nJackie has been a renal dietitian for DaVita Dialysis in Richmond, VA since 2008. Originally from Indiana, she earned her undergraduate degree in dietetics at Purdue University. She previously worked for a small hospital in southern Michigan before moving with her husband to Richmond. She was the co-chair for the Virginia CRN and has recently accepted the position of the RNF Co-Editor. She still finds time to bake which makes her co-workers very happy!\r\n&nbsp;\r\nEmily Cutler, MS, RD, LDNAdversting Editor, Renal Nutrition Forum\r\nShe has experience working with nutrition support, renal nutrition, and health/wellness. She enjoys educating &amp; caring for dialysis patients, while working in outpatient dialysis (FMS) on Chicago\'s southside. She recently worked at a facility with a focus on nutrition support/critical illness, and continued to educate and care for CKD and HD patients. In addition to renal nutrition, she continues to pursue a passion of promoting health and wellness. She loves to cook, run, travel, and spend time with her husband and toddler daughter.\r\n\r\nCommittee Chairs\r\nNilma Desai, MS, BS, RDMembership Outreach Chair\r\nNilma received her B.S. in Nutrition and Dietetics from California State University, Long Beach and M.S. in Public Health Nutrition degree from Loma Linda University. She has over 6 years of experience in renal nutrition working for Abbott Pharmaceuticals and DaVita dialysis center. She currently works as a consulting dietitian counseling CKD Stage 3/4 patients and writes continuing education modules for Gannett Education. She also previously served on the Ex Boards for the Southern California NKF and CRN.\r\n&nbsp;\r\nAnnamarie RodriguezWebinar Chair\r\nAnnamarie is employed by Sanofi Renal as a Renal Clinical consultant. Her work experience encompasses renal nutrition and pharmaceuticals in both sales, education and as an account manager with oral/injectable drug therapies and IDPN. She has served in a variety of committees with local NKF and CRN chapters in San Antonio and currently in WI, and is presently serving as chair for WI CRN. Personal interests include football, gardening, volunteer activities, cooking, antiquing and \'one day\' will learn to speak Spanish and play the violin.\r\n&nbsp;\r\nSarah CoffinSocial Media Chair\r\nSarah Coffin career began as a hospital dietitian in La Jolla Ca, and transitioned into 15+ years of renal nutrition at various dialysis clinics, and nutrition instructor at local colleges. She later expanded into pharmaceutical sales with Abbott Renal Care. With Coffin\'s motivation to help and educate others about the importance of nutrition, she is currently teaching at Palomar College, a health writer for Gannett Education, and has served on various educational symposia committees with the NKF &amp; CRN of Southern California.\r\n&nbsp;\r\nMeg McCartney, RD, LDNProject Chair\r\nFor the past five years, Meg has found her niche in renal nutrition, where she enjoys bridging the clinical and relational aspects of dialysis care for patients. Prior to that, her experience was in nutrition support and hospital food service, after earning her BS from Michigan State University. She has also been involved with the Chicago Dietetics Association and volunteering for NKF in Chicago.\r\n&nbsp;\r\nLindsey Zirker RD, LDKidney Friendly Food Shelf Chair\r\nLindsey has a BS from Brigham Young University. She has a varied background with experience in eating disorders, research/development, health/wellness programs, and teaching community cooking and nutrition classes. She currently works at an outpatient dialysis clinic with hemo and peritoneal dialysis patients. Lindsey has served on the NKF Education Committee and as the Chair for the West Division Regional Dietitian Conference for Liberty Dialysis.\r\n&nbsp;\r\nErin NelsonWebsite Reviewer Subcommittee Chair\r\nErin earned her B.S. in Nutritional Sciences from Texas A&amp;M University and completed her internship &amp; M.S. of Public Health in Health Promotion &amp; Behavioral Sciences from the U of Texas School of Public Health. She currently works for Aramark at St. Luke\'s Episcopal Hospital. She has been working with Kidney &amp; Pancreas Transplant patients since 2009. Prior to that she covered general medicine patients and previously served on the Houston Academy of Nutrition and Dietetics Board of Directors.\r\n&nbsp;\r\nMelissa PrestiPad Subcommittee Chair\r\nMelissa has her MS in Clinical Nutrition from the University of Medicine and Dentistry of New Jersey. Her thesis research focused on nutrition assessment in hemodialysis patients. She has worked in clinical dietetics with a focus on cardiology &amp; rehab/diabetes/physical rehab, &amp; long-term care. For the past 4 yrs she has provided MNT therapy for in-center hemodialysis &amp; peritoneal dialysis patients. Melissa is an active board member for NKF-CRN Illinois chapter &amp; local dietetic association.\r\n&nbsp;\r\nRita MilamHandouts Subcommittee Chair\r\nRita is a clinical dietitian at Central Arkansas Veterans Healthcare System. She works with the MOVE weight management program &amp; veterans with CKD on hemodialysis &amp; peritoneal dialysis. Previously she was a renal dietitian in a local dialysis clinic &amp; started her career as a clinical dietitian after completing her dietetic internship. She has a Masters of Arts in English-technical and expository writing. Rita enjoys cooking, flower gardening, &amp; traveling with her husband and 3 dogs.\r\n&nbsp;\r\nNadiya LakhaniProfessional Resource Center Coordinator\r\nNadiya graduated from UT Southwestern Medical Center in Dallas and found her passion in renal nutrition. She is working for FMC and also works as a Clinical Dietitian for HCA hospitals and as a Private Consultant in the community. Nadiya recently assisted with a study for Protocol Management with Dallas Nephrology Associates. Nadiya has been a Legislative Co-Chair for Dallas Dietetic Association, actively involved with NKF Spring Seminar and is currently serving as the Chair for North Texas CRN.\r\n&nbsp;\r\nSarah Mott MS, RD, LDNPublic Policy/MNT Chair\r\nSarah has spent 6 years working in outpatient dialysis clinics and provided care for in-center hemodialysis, peritoneal dialysis, and home hemodialysis patients. She received her BS degree from Central Michigan University and her MS from Mount Mary College. Sarah is now working towards a Master\'s in Public Health at the University of Michigan with a focus on health management &amp; policy. Sarah is currently serving as a National Kidney Disease Education Program Coordinating Panel member.\r\n&nbsp;\r\nSandy McDonald-Hangach, RDAwards/Scholarshp Chair\r\nSandy is currently employed at Davita . She works at 2 facilities in Detroit Mich and has been a Renal Dietitian for the past 12 yrs. She belongs to the following professional organizations Academy of Nutrition and Dietetics, RPG, CRN of Michigan, and Southeastern Michigan Dietetic Association, and MDA. When she is not working or volunteering for professional organizations she travels, exercises, reads, eats out, shops, attends movies and spends time with family &amp; friends!\r\n&nbsp;\r\nOPEN POSITIONMentor Chair\r\n&nbsp;\r\nElizabeth NeumannNominating Chair\r\nElizabeth Neumann has been an outpatient Renal Dietitian at US Renal Care for the past 5 years. She covers 3 clinics &amp; manages the nutritional care of over 100 patients. She serves as Treasurer for CRN-Fort Worth &amp; is past President of Fort Worth Dietitic Association. Her work experience includes pediatrics, geriatrics, pharmaceutical sales and Clinical Instructor at the U of Texas Dental School. She is an avid scuba diver, gardener and snow skier.\r\n&nbsp;\r\nValarie HannahsNominating Member\r\nValarie has worked in renal since 2007 as an outpatient renal dietitian &amp; now as the Corporate Manager of Renal Nutrition with American Renal Associates. She earned her B.S. in Medical Dietetics from Ohio State University and M.S. in Exercise Science &amp; Health Promotion from California University of Pennsylvania. Valarie is a member of RPG, &amp; SCAN and NKF &amp; CRN of Ohio. Motivating dietitians to be more involved &amp; creating educational opportunities are a few of the many goals she hopes to achieve with RPG. Valarie also provides nutrition counseling &amp; in her spare time competes in a variety of outdoor events.\r\n&nbsp;\r\nBetty Parry Fisher, MS, RDNominating Member\r\nBio coming soon...\r\n\r\n\r\nAcademy of Nutrition and Dietetics\r\nSusan Dupraw, MPH, RDAcademy of Nutrition and Dietetics Manager, Practice Team\r\nSusan works on the Practice Team at the Academy of Nutrition and Dietetics in Chicago, IL. My role at the Academy is to promote and assist in coordinating activities of five dietetic practice groups. My previous positions included clinical nutrition, nutrition education and nutrition marketing.','renal board, board, executive committee, rpg board, renal dietitians practice group board','board'),
	(41,'4','2013-05-11 11:02:30',1,'2013-05-11 11:02:30','Social Media',1,'<p>Social Media: o Brief description of LinkedIn and how to Join<br /> o Brief description of Listserv and how to join <br /> o Onine Poll &ndash;the online survey monkey poll we discussed ( I think this needs to be somewhere else</p><p>&nbsp;</p>',0,'Social Media: o Brief description of LinkedIn and how to Join o Brief description of Listserv and how to join  o Onine Poll &ndash;the online survey monkey poll we discussed ( I think this needs to be somewhere else\r\n&nbsp;','social media, LinkedIn, LinkedIn Group, RPG LinkedIn Group','social-media');

/*!40000 ALTER TABLE `content` ENABLE KEYS */;
UNLOCK TABLES;


# Dump of table frontPage
# ------------------------------------------------------------

DROP TABLE IF EXISTS `frontPage`;

CREATE TABLE `frontPage` (
  `front_id` int(11) unsigned NOT NULL AUTO_INCREMENT,
  `image_url` varchar(200) DEFAULT NULL,
  `published` tinyint(3) NOT NULL DEFAULT '1',
  `link` varchar(200) DEFAULT NULL,
  `content` text,
  `position` int(11) DEFAULT NULL,
  `title` varchar(600) DEFAULT NULL,
  PRIMARY KEY (`front_id`)
) ENGINE=InnoDB DEFAULT CHARSET=latin1;

LOCK TABLES `frontPage` WRITE;
/*!40000 ALTER TABLE `frontPage` DISABLE KEYS */;

INSERT INTO `frontPage` (`front_id`, `image_url`, `published`, `link`, `content`, `position`, `title`)
VALUES
	(1,'/images/front_page/fp_1.jpg',1,'','<p>Check out this new hot topic at FNCE</p>',1,'Phosphorus the new Trans Fat? '),
	(2,'/images/front_page/fp_2.jpg',1,'#','<p>Lorem ipsum dolor sit amet, consectetuer adipiscing\n              elit. Aenean commodo ligula eget dolor. Aenean massa</p>',2,'Tab Numero Dos'),
	(3,'/images/front_page/fp_3.jpg',1,'#','<p>Lorem ipsum dolor sit amet, consectetuer adipiscing\n              elit. Aenean commodo ligula eget dolor. Aenean massa</p>',3,'Third Time is the Charm');

/*!40000 ALTER TABLE `frontPage` ENABLE KEYS */;
UNLOCK TABLES;


# Dump of table keywords
# ------------------------------------------------------------

DROP TABLE IF EXISTS `keywords`;

CREATE TABLE `keywords` (
  `keyword_id` int(11) unsigned NOT NULL AUTO_INCREMENT,
  `keyword` varchar(200) DEFAULT NULL,
  PRIMARY KEY (`keyword_id`)
) ENGINE=InnoDB DEFAULT CHARSET=latin1;

LOCK TABLES `keywords` WRITE;
/*!40000 ALTER TABLE `keywords` DISABLE KEYS */;

INSERT INTO `keywords` (`keyword_id`, `keyword`)
VALUES
	(1,'keywords'),
	(2,'hello'),
	(3,'Black Ink'),
	(4,'Content Management System'),
	(5,'This si a keyword'),
	(6,'Content Mangament System'),
	(7,'Welcome'),
	(9,'2012 - 2013 Officers'),
	(10,''),
	(11,'RPG Executive Committee'),
	(12,'Benefits of Membership'),
	(13,'About RPG'),
	(14,'How to Join RPG or Renew RPG Membership'),
	(15,'RPG Awards'),
	(16,'Scholarships'),
	(17,'Stipends'),
	(18,'Grants'),
	(19,'RPG Board'),
	(20,'RPG Board Contact Information'),
	(21,'Public Policy'),
	(22,'MNT'),
	(23,'HOD Updates'),
	(24,'RPG Annual Report'),
	(25,'Areas of Expertise'),
	(26,'Transplant'),
	(27,'Pediatric'),
	(28,'Acute'),
	(29,'In-center'),
	(30,'home'),
	(31,'PD'),
	(32,'pediatric'),
	(33,'In-Center'),
	(34,'Renal Nutrition at Home'),
	(35,'frequently asked questions'),
	(36,'FAQs'),
	(37,'nutrition information'),
	(38,'links and resources'),
	(39,'renal cookbooks'),
	(40,'recipes'),
	(41,'nutrition info for food and nutrition professionals'),
	(42,'publications'),
	(43,'e-learning'),
	(44,'nutrition info for consumers'),
	(45,'renal disease apps'),
	(46,'Academy updates'),
	(47,'Links and Resources'),
	(48,'Recipes'),
	(49,'Cookbooks'),
	(50,'Academy Updates'),
	(51,'nutrition info form food and nutrition professionals'),
	(52,'sponsorship'),
	(53,'sponsor'),
	(54,'advertiser'),
	(55,'adverstisng'),
	(56,'sponsors'),
	(57,'sponsorship opportunities'),
	(58,'advertising'),
	(59,'renal board'),
	(60,'board'),
	(61,'executive committee'),
	(62,'rpg board'),
	(63,'renal dietitians practice group board'),
	(64,'social media'),
	(65,'LinkedIn'),
	(66,'LinkedIn Group'),
	(67,'RPG LinkedIn Group');

/*!40000 ALTER TABLE `keywords` ENABLE KEYS */;
UNLOCK TABLES;


# Dump of table keywordsForContent
# ------------------------------------------------------------

DROP TABLE IF EXISTS `keywordsForContent`;

CREATE TABLE `keywordsForContent` (
  `keyword_id` int(11) NOT NULL,
  `content_id` int(11) DEFAULT NULL
) ENGINE=InnoDB DEFAULT CHARSET=latin1;

LOCK TABLES `keywordsForContent` WRITE;
/*!40000 ALTER TABLE `keywordsForContent` DISABLE KEYS */;

INSERT INTO `keywordsForContent` (`keyword_id`, `content_id`)
VALUES
	(1,13),
	(2,13),
	(2,7),
	(3,1),
	(4,1),
	(5,1),
	(3,14),
	(6,14),
	(7,14),
	(9,15),
	(10,15),
	(11,15),
	(12,16),
	(13,17),
	(14,18),
	(15,19),
	(16,19),
	(17,19),
	(18,19),
	(19,15),
	(20,20),
	(21,21),
	(22,21),
	(23,21),
	(24,22),
	(25,23),
	(26,23),
	(27,23),
	(28,23),
	(22,23),
	(29,23),
	(30,23),
	(31,23),
	(32,24),
	(26,25),
	(28,26),
	(22,27),
	(33,28),
	(34,29),
	(31,30),
	(35,31),
	(36,31),
	(37,32),
	(38,32),
	(39,32),
	(40,32),
	(41,32),
	(42,32),
	(43,32),
	(44,32),
	(45,32),
	(46,32),
	(47,33),
	(48,33),
	(49,33),
	(50,34),
	(51,35),
	(44,36),
	(45,37),
	(52,38),
	(53,38),
	(54,38),
	(55,38),
	(56,39),
	(57,39),
	(58,39),
	(54,39),
	(59,40),
	(60,40),
	(61,40),
	(62,40),
	(63,40),
	(64,41),
	(65,41),
	(66,41),
	(67,41);

/*!40000 ALTER TABLE `keywordsForContent` ENABLE KEYS */;
UNLOCK TABLES;


# Dump of table media
# ------------------------------------------------------------

DROP TABLE IF EXISTS `media`;

CREATE TABLE `media` (
  `media_id` int(11) unsigned NOT NULL AUTO_INCREMENT,
  `file_name` varchar(250) DEFAULT NULL,
  `file_link` varchar(250) DEFAULT NULL,
  PRIMARY KEY (`media_id`)
) ENGINE=InnoDB DEFAULT CHARSET=latin1;

LOCK TABLES `media` WRITE;
/*!40000 ALTER TABLE `media` DISABLE KEYS */;

INSERT INTO `media` (`media_id`, `file_name`, `file_link`)
VALUES
	(7,'pwords.docx','/files/products/pwords.docx'),
	(8,'Sarah_Kruger_106x133.jpg','/files/images/Sarah_Kruger_106x133.jpg'),
	(9,'rachel_m.jpg','/files/images/rachel_m.jpg'),
	(10,'mary_kay_hensley_new.jpg','/files/images/mary_kay_hensley_new.jpg'),
	(11,'j_louis.jpg','/files/images/j_louis.jpg'),
	(12,'RPGJoAnnR_sm.jpg','/files/images/RPGJoAnnR_sm.jpg'),
	(13,'stacey_phillips.gif','/files/images/stacey_phillips.gif'),
	(14,'RPG_Pam_Kent.jpg','/files/images/RPG_Pam_Kent.jpg'),
	(15,'RPG-Pam-Kent_sm.jpg','/files/images/RPG-Pam-Kent_sm.jpg'),
	(16,'cathy_g_m.jpg','/files/images/cathy_g_m.jpg'),
	(17,'Sara_Erickson.jpg','/files/images/Sara_Erickson.jpg'),
	(18,'amy_tarpey_new.jpg','/files/images/amy_tarpey_new.jpg'),
	(19,'Jackie_Tremont.jpg','/files/images/Jackie_Tremont.jpg'),
	(20,'Emily_Cutler.jpg','/files/images/Emily_Cutler.jpg'),
	(21,'RPG-Elizabeth-Neumann_sm.jpg','/files/images/RPG-Elizabeth-Neumann_sm.jpg'),
	(22,'RPG-Valerie-Hannah_sm.jpg','/files/images/RPG-Valerie-Hannah_sm.jpg'),
	(23,'susan.jpg','/files/images/susan.jpg'),
	(24,'sandy_sm.jpg','/files/images/sandy_sm.jpg'),
	(25,'RPG-Sarah-Mott_sm.jpg','/files/images/RPG-Sarah-Mott_sm.jpg'),
	(26,'nadiya.gif','/files/images/nadiya.gif'),
	(27,'Rita_Milam_new.jpg','/files/images/Rita_Milam_new.jpg'),
	(28,'MelissaPrest.jpg','/files/images/MelissaPrest.jpg'),
	(29,'erin_nelson_new.jpg','/files/images/erin_nelson_new.jpg'),
	(30,'RPGLindseyZ.jpg','/files/images/RPGLindseyZ.jpg'),
	(31,'Meg_McCartney.jpg','/files/images/Meg_McCartney.jpg'),
	(32,'RPG-Sarah-Coffin_sm.jpg','/files/images/RPG-Sarah-Coffin_sm.jpg'),
	(33,'annamarie_rodriguez.jpg','/files/images/annamarie_rodriguez.jpg'),
	(34,'Nilma_Desai_103x125.jpg','/files/images/Nilma_Desai_103x125.jpg'),
	(35,'Sarah_Kruger_100.jpg','/files/images/Sarah_Kruger_100.jpg'),
	(36,'rachel_majorowicz_101.jpg','/files/images/rachel_majorowicz_101.jpg'),
	(37,'mary_kay_hensley_98.jpg','/files/images/mary_kay_hensley_98.jpg'),
	(38,'RPGJoAnnRandazzo_sm_100.jpg','/files/images/RPGJoAnnRandazzo_sm_100.jpg'),
	(39,'stacey_phillips_101.jpg','/files/images/stacey_phillips_101.jpg'),
	(40,'RPG_Pam_Kent_102.jpg','/files/images/RPG_Pam_Kent_102.jpg'),
	(41,'RPGMNTProvider-April2013.pdf','/files/uploads/RPGMNTProvider-April2013.pdf'),
	(42,'HODFall2012FactSheet.pdf','/files/uploads/HODFall2012FactSheet.pdf'),
	(43,'CMS_Updates_ICD-9-CM_dx_codes_2007.doc','/files/uploads/CMS_Updates_ICD-9-CM_dx_codes_2007.doc'),
	(44,'RPG_Annual_Report_2010-11.pdf','/files/uploads/RPG_Annual_Report_2010-11.pdf'),
	(45,'RPG_Annual_Report_2011-12_5.pdf','/files/uploads/RPG_Annual_Report_2011-12_5.pdf'),
	(47,'transplant.jpg','/files/images/transplant.jpg'),
	(48,'pediatric_sample.jpg','/files/images/pediatric_sample.jpg'),
	(49,'acute.jpg','/files/images/acute.jpg'),
	(50,'home.jpg','/files/images/home.jpg'),
	(51,'in-center.jpg','/files/images/in-center.jpg'),
	(52,'mnt.jpg','/files/images/mnt.jpg'),
	(53,'pd.jpg','/files/images/pd.jpg'),
	(55,'links_resources.jpg','/files/images/links_resources.jpg'),
	(56,'professional_resources.jpg','/files/images/professional_resources.jpg'),
	(57,'consumer_resources.jpg','/files/images/consumer_resources.jpg'),
	(58,'academy.jpg','/files/images/academy.jpg'),
	(59,'renal_appl.jpg','/files/images/renal_appl.jpg'),
	(60,'abbott_nutrition.jpg','/files/images/abbott_nutrition.jpg'),
	(61,'fresenui_medical_care.jpg','/files/images/fresenui_medical_care.jpg'),
	(62,'abbott_nepro.jpg','/files/ads/abbott_nepro.jpg'),
	(63,'fresenius_phoslyra.jpg','/files/ads/fresenius_phoslyra.jpg');

/*!40000 ALTER TABLE `media` ENABLE KEYS */;
UNLOCK TABLES;


# Dump of table memberUpdateErrors
# ------------------------------------------------------------

DROP TABLE IF EXISTS `memberUpdateErrors`;

CREATE TABLE `memberUpdateErrors` (
  `ErrorId` int(11) NOT NULL AUTO_INCREMENT,
  `MemberUpdateId` int(11) NOT NULL,
  `ErrorDetails` varchar(1000) NOT NULL,
  `CreateDate` datetime NOT NULL,
  PRIMARY KEY (`ErrorId`)
) ENGINE=InnoDB DEFAULT CHARSET=latin1;

LOCK TABLES `memberUpdateErrors` WRITE;
/*!40000 ALTER TABLE `memberUpdateErrors` DISABLE KEYS */;

INSERT INTO `memberUpdateErrors` (`ErrorId`, `MemberUpdateId`, `ErrorDetails`, `CreateDate`)
VALUES
	(1,1,'Failed in saving member with ADA number = 00422830, Firstname = Ann Watts, Lastname = Abbott. Error details: DB error [00000, ]: ','2013-05-29 15:44:32'),
	(2,1,'Failed in saving member with ADA number = 00707585, Firstname = Catherine, Lastname = Akridge. Error details: DB error [00000, ]: ','2013-05-29 15:44:32'),
	(3,1,'Failed in saving member with ADA number = 01081157, Firstname = Lyutha, Lastname = Al Subhi. Error details: DB error [00000, ]: ','2013-05-29 15:44:32'),
	(4,1,'Failed in saving member with ADA number = 00979061, Firstname = Eri, Lastname = Alcntara. Error details: DB error [00000, ]: ','2013-05-29 15:44:32'),
	(5,1,'Failed in saving member with ADA number = 00396761, Firstname = Ann, Lastname = Allison. Error details: DB error [00000, ]: ','2013-05-29 15:44:32'),
	(6,1,'Failed in saving member with ADA number = 00652305, Firstname = Ann, Lastname = Andrew. Error details: DB error [00000, ]: ','2013-05-29 15:44:32'),
	(7,1,'Failed in saving member with ADA number = 00958674, Firstname = Gina, Lastname = Angay. Error details: DB error [00000, ]: ','2013-05-29 15:44:32'),
	(8,1,'Failed in saving member with ADA number = 00722220, Firstname = Deborah, Lastname = Askine. Error details: DB error [00000, ]: ','2013-05-29 15:44:32'),
	(9,1,'Failed in saving member with ADA number = 00922891, Firstname = Hina, Lastname = Aujla. Error details: DB error [00000, ]: ','2013-05-29 15:44:32'),
	(10,1,'Failed in saving member with ADA number = 00605642, Firstname = Theresa, Lastname = Averbeck. Error details: DB error [00000, ]: ','2013-05-29 15:44:32'),
	(11,1,'Failed in saving member with ADA number = 01026265, Firstname = Carole, Lastname = Bader. Error details: DB error [00000, ]: ','2013-05-29 15:44:32'),
	(12,1,'Failed in saving member with ADA number = 00942862, Firstname = Christi, Lastname = Bailey. Error details: DB error [00000, ]: ','2013-05-29 15:44:32'),
	(13,1,'Failed in saving member with ADA number = 00981017, Firstname = Michelle, Lastname = Baker. Error details: DB error [00000, ]: ','2013-05-29 15:44:32'),
	(14,1,'Failed in saving member with ADA number = 00982009, Firstname = Nicole, Lastname = Baker. Error details: DB error [00000, ]: ','2013-05-29 15:44:32'),
	(15,1,'Failed in saving member with ADA number = 00491300, Firstname = Thelma, Lastname = Baker. Error details: DB error [00000, ]: ','2013-05-29 15:44:32'),
	(16,1,'Failed in saving member with ADA number = 00727226, Firstname = Beth, Lastname = Ballard. Error details: DB error [00000, ]: ','2013-05-29 15:44:32'),
	(17,1,'Failed in saving member with ADA number = 00956691, Firstname = Lisa, Lastname = Baloun. Error details: DB error [00000, ]: ','2013-05-29 15:44:32'),
	(18,1,'Failed in saving member with ADA number = 00813228, Firstname = April, Lastname = Barron. Error details: DB error [00000, ]: ','2013-05-29 15:44:32'),
	(19,1,'Failed in saving member with ADA number = 00825856, Firstname = Jill, Lastname = Bartelt. Error details: DB error [00000, ]: ','2013-05-29 15:44:32'),
	(20,1,'Failed in saving member with ADA number = 00996408, Firstname = Paula, Lastname = Beer. Error details: DB error [00000, ]: ','2013-05-29 15:44:32'),
	(21,1,'Failed in saving member with ADA number = 00710870, Firstname = Caroll, Lastname = Belew. Error details: DB error [00000, ]: ','2013-05-29 15:44:32'),
	(22,1,'Failed in saving member with ADA number = 00895495, Firstname = Susan, Lastname = Bell. Error details: DB error [00000, ]: ','2013-05-29 15:44:32'),
	(23,1,'Failed in saving member with ADA number = 00588581, Firstname = Leah, Lastname = Bennett. Error details: DB error [00000, ]: ','2013-05-29 15:44:32'),
	(24,1,'Failed in saving member with ADA number = 00382909, Firstname = Barbara, Lastname = Benson. Error details: DB error [00000, ]: ','2013-05-29 15:44:32'),
	(25,1,'Failed in saving member with ADA number = 00959073, Firstname = Gretchen, Lastname = Bergdolt. Error details: DB error [00000, ]: ','2013-05-29 15:44:32'),
	(26,1,'Failed in saving member with ADA number = 00712389, Firstname = Shirley, Lastname = Berue. Error details: DB error [00000, ]: ','2013-05-29 15:44:32'),
	(27,1,'Failed in saving member with ADA number = 00802348, Firstname = Bonnie, Lastname = Birnbaum. Error details: DB error [00000, ]: ','2013-05-29 15:44:32'),
	(28,1,'Failed in saving member with ADA number = 00876969, Firstname = Louise, Lastname = Bongiorno. Error details: DB error [00000, ]: ','2013-05-29 15:44:32'),
	(29,1,'Failed in saving member with ADA number = 00690336, Firstname = Joey, Lastname = Borenstein. Error details: DB error [00000, ]: ','2013-05-29 15:44:32'),
	(30,1,'Failed in saving member with ADA number = 00711988, Firstname = Tanya, Lastname = Bowden. Error details: DB error [00000, ]: ','2013-05-29 15:44:32'),
	(31,1,'Failed in saving member with ADA number = 00886401, Firstname = Carlene, Lastname = Bowen. Error details: DB error [00000, ]: ','2013-05-29 15:44:32'),
	(32,1,'Failed in saving member with ADA number = 00403254, Firstname = Mary, Lastname = Brabec. Error details: DB error [00000, ]: ','2013-05-29 15:44:32'),
	(33,1,'Failed in saving member with ADA number = 00711665, Firstname = Marybeth, Lastname = Bradford. Error details: DB error [00000, ]: ','2013-05-29 15:44:32'),
	(34,1,'Failed in saving member with ADA number = 00355680, Firstname = Rebecca, Lastname = Bradley. Error details: DB error [00000, ]: ','2013-05-29 15:44:32'),
	(35,1,'Failed in saving member with ADA number = 00883044, Firstname = Kathleen, Lastname = Bray. Error details: DB error [00000, ]: ','2013-05-29 15:44:32'),
	(36,1,'Failed in saving member with ADA number = 00712823, Firstname = Kathleen, Lastname = Brink. Error details: DB error [00000, ]: ','2013-05-29 15:44:32'),
	(37,1,'Failed in saving member with ADA number = 00946947, Firstname = Jennifer, Lastname = Brisken. Error details: DB error [00000, ]: ','2013-05-29 15:44:32'),
	(38,1,'Failed in saving member with ADA number = 00455689, Firstname = Beatrice, Lastname = Brown. Error details: DB error [00000, ]: ','2013-05-29 15:44:32'),
	(39,1,'Failed in saving member with ADA number = 01074447, Firstname = Stephanie, Lastname = Brumfield. Error details: DB error [00000, ]: ','2013-05-29 15:44:32'),
	(40,1,'Failed in saving member with ADA number = 00386031, Firstname = Joanna, Lastname = Bruns. Error details: DB error [00000, ]: ','2013-05-29 15:44:32'),
	(41,1,'Failed in saving member with ADA number = 00848136, Firstname = Virgith, Lastname = Buena. Error details: DB error [00000, ]: ','2013-05-29 15:44:32'),
	(42,1,'Failed in saving member with ADA number = 00806302, Firstname = Patrice, Lastname = Buisson. Error details: DB error [00000, ]: ','2013-05-29 15:44:32'),
	(43,1,'Failed in saving member with ADA number = 00418783, Firstname = Dora, Lastname = Burke. Error details: DB error [00000, ]: ','2013-05-29 15:44:32'),
	(44,1,'Failed in saving member with ADA number = 00620858, Firstname = Evelyn, Lastname = Bussan. Error details: DB error [00000, ]: ','2013-05-29 15:44:32'),
	(45,1,'Failed in saving member with ADA number = 01004640, Firstname = Shannon, Lastname = Butler. Error details: DB error [00000, ]: ','2013-05-29 15:44:32'),
	(46,1,'Failed in saving member with ADA number = 00605303, Firstname = Mamie, Lastname = Byrd. Error details: DB error [00000, ]: ','2013-05-29 15:44:32'),
	(47,1,'Failed in saving member with ADA number = 00897267, Firstname = Beverly, Lastname = Caldwell. Error details: DB error [00000, ]: ','2013-05-29 15:44:32'),
	(48,1,'Failed in saving member with ADA number = 00800667, Firstname = Rebecca, Lastname = Caldwell. Error details: DB error [00000, ]: ','2013-05-29 15:44:32'),
	(49,1,'Failed in saving member with ADA number = 00934537, Firstname = Linda, Lastname = Campbell. Error details: DB error [00000, ]: ','2013-05-29 15:44:32'),
	(50,1,'Failed in saving member with ADA number = 00573784, Firstname = Marianne, Lastname = Campbell. Error details: DB error [00000, ]: ','2013-05-29 15:44:32'),
	(51,1,'Failed in saving member with ADA number = 00835670, Firstname = Lorraine, Lastname = Canter. Error details: DB error [00000, ]: ','2013-05-29 15:44:32'),
	(52,1,'Failed in saving member with ADA number = 00953027, Firstname = Maegan, Lastname = Capasso. Error details: DB error [00000, ]: ','2013-05-29 15:44:32'),
	(53,1,'Failed in saving member with ADA number = 01025517, Firstname = Maureen, Lastname = Cartoon. Error details: DB error [00000, ]: ','2013-05-29 15:44:32'),
	(54,1,'Failed in saving member with ADA number = 00168516, Firstname = Presentacion, Lastname = Catarroja. Error details: DB error [00000, ]: ','2013-05-29 15:44:32'),
	(55,1,'Failed in saving member with ADA number = 00561519, Firstname = Joan, Lastname = Celuzza. Error details: DB error [00000, ]: ','2013-05-29 15:44:32'),
	(56,1,'Failed in saving member with ADA number = 00711877, Firstname = Vicky, Lastname = Chaffin. Error details: DB error [00000, ]: ','2013-05-29 15:44:32'),
	(57,1,'Failed in saving member with ADA number = 00382099, Firstname = Holly, Lastname = Channell. Error details: DB error [00000, ]: ','2013-05-29 15:44:32'),
	(58,1,'Failed in saving member with ADA number = 01013142, Firstname = Elizabeth, Lastname = Chmel. Error details: DB error [00000, ]: ','2013-05-29 15:44:32'),
	(59,1,'Failed in saving member with ADA number = 00804945, Firstname = Theresa, Lastname = Churillo. Error details: DB error [00000, ]: ','2013-05-29 15:44:32'),
	(60,1,'Failed in saving member with ADA number = 00503716, Firstname = Louise, Lastname = Clement. Error details: DB error [00000, ]: ','2013-05-29 15:44:32'),
	(61,1,'Failed in saving member with ADA number = 00677299, Firstname = Joyce, Lastname = Clouser. Error details: DB error [00000, ]: ','2013-05-29 15:44:32'),
	(62,1,'Failed in saving member with ADA number = 00803261, Firstname = Mary, Lastname = Conran. Error details: DB error [00000, ]: ','2013-05-29 15:44:32'),
	(63,1,'Failed in saving member with ADA number = 00659219, Firstname = Joanne, Lastname = Cooke. Error details: DB error [00000, ]: ','2013-05-29 15:44:32'),
	(64,1,'Failed in saving member with ADA number = 00858284, Firstname = Julie, Lastname = Cooper. Error details: DB error [00000, ]: ','2013-05-29 15:44:32'),
	(65,1,'Failed in saving member with ADA number = 01003330, Firstname = Dana, Lastname = Cooreman. Error details: DB error [00000, ]: ','2013-05-29 15:44:32'),
	(66,1,'Failed in saving member with ADA number = 00876684, Firstname = Jessica, Lastname = Coy. Error details: DB error [00000, ]: ','2013-05-29 15:44:32'),
	(67,1,'Failed in saving member with ADA number = 00800211, Firstname = Patricia, Lastname = Craig. Error details: DB error [00000, ]: ','2013-05-29 15:44:32'),
	(68,1,'Failed in saving member with ADA number = 00361888, Firstname = Mary, Lastname = Cullen. Error details: DB error [00000, ]: ','2013-05-29 15:44:32'),
	(69,1,'Failed in saving member with ADA number = 00804327, Firstname = Janelle, Lastname = Currey. Error details: DB error [00000, ]: ','2013-05-29 15:44:32'),
	(70,1,'Failed in saving member with ADA number = 00972314, Firstname = Amy, Lastname = Dahl. Error details: DB error [00000, ]: ','2013-05-29 15:44:32'),
	(71,1,'Failed in saving member with ADA number = 00407143, Firstname = Susann, Lastname = Dahlquist. Error details: DB error [00000, ]: ','2013-05-29 15:44:32'),
	(72,1,'Failed in saving member with ADA number = 00343729, Firstname = Karan, Lastname = Dalgas. Error details: DB error [00000, ]: ','2013-05-29 15:44:32'),
	(73,1,'Failed in saving member with ADA number = 00847942, Firstname = Brian, Lastname = Daly. Error details: DB error [00000, ]: ','2013-05-29 15:44:32'),
	(74,1,'Failed in saving member with ADA number = 00326258, Firstname = Paula, Lastname = Davis. Error details: DB error [00000, ]: ','2013-05-29 15:44:32'),
	(75,1,'Failed in saving member with ADA number = 00628379, Firstname = Martha, Lastname = Demaree. Error details: DB error [00000, ]: ','2013-05-29 15:44:32'),
	(76,1,'Failed in saving member with ADA number = 00806213, Firstname = Rita, Lastname = Desai. Error details: DB error [00000, ]: ','2013-05-29 15:44:32'),
	(77,1,'Failed in saving member with ADA number = 00989086, Firstname = Lindsay, Lastname = DeSimon. Error details: DB error [00000, ]: ','2013-05-29 15:44:32'),
	(78,1,'Failed in saving member with ADA number = 00318659, Firstname = Patricia, Lastname = DiBenedetto Barba. Error details: DB error [00000, ]: ','2013-05-29 15:44:32'),
	(79,1,'Failed in saving member with ADA number = 00893615, Firstname = Erin, Lastname = Dickerson. Error details: DB error [00000, ]: ','2013-05-29 15:44:32'),
	(80,1,'Failed in saving member with ADA number = 00933438, Firstname = Gemma, Lastname = Dimaano. Error details: DB error [00000, ]: ','2013-05-29 15:44:32'),
	(81,1,'Failed in saving member with ADA number = 00710674, Firstname = Mary Ellen, Lastname = DiPaola. Error details: DB error [00000, ]: ','2013-05-29 15:44:32'),
	(82,1,'Failed in saving member with ADA number = 00583504, Firstname = Marcia, Lastname = Doran. Error details: DB error [00000, ]: ','2013-05-29 15:44:32'),
	(83,1,'Failed in saving member with ADA number = 00394610, Firstname = Susan, Lastname = Doran. Error details: DB error [00000, ]: ','2013-05-29 15:44:32'),
	(84,1,'Failed in saving member with ADA number = 00695340, Firstname = Nadine, Lastname = Dorosa. Error details: DB error [00000, ]: ','2013-05-29 15:44:32'),
	(85,1,'Failed in saving member with ADA number = 00389804, Firstname = Julie, Lastname = Dostal. Error details: DB error [00000, ]: ','2013-05-29 15:44:32'),
	(86,1,'Failed in saving member with ADA number = 00726427, Firstname = Ann, Lastname = Drake. Error details: DB error [00000, ]: ','2013-05-29 15:44:32'),
	(87,1,'Failed in saving member with ADA number = 00712837, Firstname = Barbara, Lastname = Dromazos. Error details: DB error [00000, ]: ','2013-05-29 15:44:32'),
	(88,1,'Failed in saving member with ADA number = 00818436, Firstname = Sheri, Lastname = Dubinsky. Error details: DB error [00000, ]: ','2013-05-29 15:44:32'),
	(89,1,'Failed in saving member with ADA number = 00963292, Firstname = Misty, Lastname = Duchnik. Error details: DB error [00000, ]: ','2013-05-29 15:44:32'),
	(90,1,'Failed in saving member with ADA number = 00632514, Firstname = Robbin, Lastname = Dungy. Error details: DB error [00000, ]: ','2013-05-29 15:44:32'),
	(91,1,'Failed in saving member with ADA number = 00824143, Firstname = Barbara, Lastname = Edgar. Error details: DB error [00000, ]: ','2013-05-29 15:44:32'),
	(92,1,'Failed in saving member with ADA number = 00929347, Firstname = Marsha, Lastname = Edwards. Error details: DB error [00000, ]: ','2013-05-29 15:44:32'),
	(93,1,'Failed in saving member with ADA number = 00379094, Firstname = Elizabeth, Lastname = Emison. Error details: DB error [00000, ]: ','2013-05-29 15:44:32'),
	(94,1,'Failed in saving member with ADA number = 00844615, Firstname = Jacqueline, Lastname = Enlund. Error details: DB error [00000, ]: ','2013-05-29 15:44:32'),
	(95,1,'Failed in saving member with ADA number = 00877400, Firstname = Sara, Lastname = Erickson. Error details: DB error [00000, ]: ','2013-05-29 15:44:32'),
	(96,1,'Failed in saving member with ADA number = 00469399, Firstname = Marcia, Lastname = Eston-Lester. Error details: DB error [00000, ]: ','2013-05-29 15:44:32'),
	(97,1,'Failed in saving member with ADA number = 00332866, Firstname = Joyce, Lastname = Ezaki-Yamaguchi. Error details: DB error [00000, ]: ','2013-05-29 15:44:32'),
	(98,1,'Failed in saving member with ADA number = 00720863, Firstname = Karen, Lastname = Factor. Error details: DB error [00000, ]: ','2013-05-29 15:44:32'),
	(99,1,'Failed in saving member with ADA number = 00383356, Firstname = Jane, Lastname = Faith. Error details: DB error [00000, ]: ','2013-05-29 15:44:32'),
	(100,1,'Failed in saving member with ADA number = 00547705, Firstname = Sandra, Lastname = Fishman. Error details: DB error [00000, ]: ','2013-05-29 15:44:32'),
	(101,1,'Failed in saving member with ADA number = 00561877, Firstname = Della, Lastname = Flanagan. Error details: DB error [00000, ]: ','2013-05-29 15:44:32'),
	(102,1,'Failed in saving member with ADA number = 00862689, Firstname = Rachel, Lastname = Folse. Error details: DB error [00000, ]: ','2013-05-29 15:44:32'),
	(103,1,'Failed in saving member with ADA number = 00835227, Firstname = Edwina, Lastname = Forrest. Error details: DB error [00000, ]: ','2013-05-29 15:44:32'),
	(104,1,'Failed in saving member with ADA number = 00541417, Firstname = Terri, Lastname = Fox. Error details: DB error [00000, ]: ','2013-05-29 15:44:32'),
	(105,1,'Failed in saving member with ADA number = 00554572, Firstname = Judith, Lastname = Frank. Error details: DB error [00000, ]: ','2013-05-29 15:44:32'),
	(106,1,'Failed in saving member with ADA number = 00876902, Firstname = Rita, Lastname = Frank. Error details: DB error [00000, ]: ','2013-05-29 15:44:32'),
	(107,1,'Failed in saving member with ADA number = 00626371, Firstname = Catherine, Lastname = Franklin. Error details: DB error [00000, ]: ','2013-05-29 15:44:32'),
	(108,1,'Failed in saving member with ADA number = 00469424, Firstname = Barbara, Lastname = Freedland. Error details: DB error [00000, ]: ','2013-05-29 15:44:32'),
	(109,1,'Failed in saving member with ADA number = 00706950, Firstname = Trisha, Lastname = Fuhrman. Error details: DB error [00000, ]: ','2013-05-29 15:44:32'),
	(110,1,'Failed in saving member with ADA number = 00931241, Firstname = Valentina, Lastname = Galust. Error details: DB error [00000, ]: ','2013-05-29 15:44:32'),
	(111,1,'Failed in saving member with ADA number = 00694653, Firstname = Rebecca, Lastname = Galvin. Error details: DB error [00000, ]: ','2013-05-29 15:44:32'),
	(112,1,'Failed in saving member with ADA number = 00711774, Firstname = Janet, Lastname = Garnett. Error details: DB error [00000, ]: ','2013-05-29 15:44:32'),
	(113,1,'Failed in saving member with ADA number = 01039596, Firstname = Jennifer, Lastname = Gebhard. Error details: DB error [00000, ]: ','2013-05-29 15:44:32'),
	(114,1,'Failed in saving member with ADA number = 00391178, Firstname = Kittie, Lastname = Govreau. Error details: DB error [00000, ]: ','2013-05-29 15:44:32'),
	(115,1,'Failed in saving member with ADA number = 00431269, Firstname = Sharon, Lastname = Gowing. Error details: DB error [00000, ]: ','2013-05-29 15:44:32'),
	(116,1,'Failed in saving member with ADA number = 00720731, Firstname = Frances, Lastname = Graczyk. Error details: DB error [00000, ]: ','2013-05-29 15:44:32'),
	(117,1,'Failed in saving member with ADA number = 00701342, Firstname = Karen, Lastname = Greathouse. Error details: DB error [00000, ]: ','2013-05-29 15:44:32'),
	(118,1,'Failed in saving member with ADA number = 00406634, Firstname = Royanne, Lastname = Greenwood. Error details: DB error [00000, ]: ','2013-05-29 15:44:32'),
	(119,1,'Failed in saving member with ADA number = 00885441, Firstname = Mary, Lastname = Gregory. Error details: DB error [00000, ]: ','2013-05-29 15:44:32'),
	(120,1,'Failed in saving member with ADA number = 00373198, Firstname = Sharron, Lastname = Grenley. Error details: DB error [00000, ]: ','2013-05-29 15:44:32'),
	(121,1,'Failed in saving member with ADA number = 01034644, Firstname = Shana, Lastname = Griffin. Error details: DB error [00000, ]: ','2013-05-29 15:44:32'),
	(122,1,'Failed in saving member with ADA number = 00812127, Firstname = Rose, Lastname = Guidry. Error details: DB error [00000, ]: ','2013-05-29 15:44:32'),
	(123,1,'Failed in saving member with ADA number = 00394004, Firstname = Barbara, Lastname = Gutenkunst. Error details: DB error [00000, ]: ','2013-05-29 15:44:32'),
	(124,1,'Failed in saving member with ADA number = 00708185, Firstname = Patricia, Lastname = Handley. Error details: DB error [00000, ]: ','2013-05-29 15:44:32'),
	(125,1,'Failed in saving member with ADA number = 00531570, Firstname = Susan, Lastname = Hanekamp. Error details: DB error [00000, ]: ','2013-05-29 15:44:32'),
	(126,1,'Failed in saving member with ADA number = 00717190, Firstname = Jacqueline, Lastname = Hankins. Error details: DB error [00000, ]: ','2013-05-29 15:44:32'),
	(127,1,'Failed in saving member with ADA number = 00650076, Firstname = Lorraine, Lastname = Hanna. Error details: DB error [00000, ]: ','2013-05-29 15:44:32'),
	(128,1,'Failed in saving member with ADA number = 00722579, Firstname = Maureen, Lastname = Hanna. Error details: DB error [00000, ]: ','2013-05-29 15:44:32'),
	(129,1,'Failed in saving member with ADA number = 00417427, Firstname = Catherine, Lastname = Harrison. Error details: DB error [00000, ]: ','2013-05-29 15:44:32'),
	(130,1,'Failed in saving member with ADA number = 00471812, Firstname = Jean, Lastname = Hartl. Error details: DB error [00000, ]: ','2013-05-29 15:44:32'),
	(131,1,'Failed in saving member with ADA number = 00407447, Firstname = Ida, Lastname = Hawkins. Error details: DB error [00000, ]: ','2013-05-29 15:44:32'),
	(132,1,'Failed in saving member with ADA number = 00849895, Firstname = Connie, Lastname = Hayden. Error details: DB error [00000, ]: ','2013-05-29 15:44:32'),
	(133,1,'Failed in saving member with ADA number = 00810343, Firstname = Miranda, Lastname = Hayden. Error details: DB error [00000, ]: ','2013-05-29 15:44:32'),
	(134,1,'Failed in saving member with ADA number = 00432598, Firstname = Ann, Lastname = Hayes. Error details: DB error [00000, ]: ','2013-05-29 15:44:32'),
	(135,1,'Failed in saving member with ADA number = 00635851, Firstname = Maureen, Lastname = Heilmann. Error details: DB error [00000, ]: ','2013-05-29 15:44:32'),
	(136,1,'Failed in saving member with ADA number = 00356091, Firstname = Mary Kay, Lastname = Hensley. Error details: DB error [00000, ]: ','2013-05-29 15:44:32'),
	(137,1,'Failed in saving member with ADA number = 00577441, Firstname = Carol, Lastname = Herendeen. Error details: DB error [00000, ]: ','2013-05-29 15:44:32'),
	(138,1,'Failed in saving member with ADA number = 00846755, Firstname = Bonnie, Lastname = Hessedal. Error details: DB error [00000, ]: ','2013-05-29 15:44:32'),
	(139,1,'Failed in saving member with ADA number = 00012796, Firstname = Cheryl, Lastname = Hing. Error details: DB error [00000, ]: ','2013-05-29 15:44:32'),
	(140,1,'Failed in saving member with ADA number = 00832678, Firstname = Susan, Lastname = Hodge. Error details: DB error [00000, ]: ','2013-05-29 15:44:32'),
	(141,1,'Failed in saving member with ADA number = 00813647, Firstname = Kwee Peng, Lastname = Hong. Error details: DB error [00000, ]: ','2013-05-29 15:44:32'),
	(142,1,'Failed in saving member with ADA number = 00918085, Firstname = Christina, Lastname = Horan. Error details: DB error [00000, ]: ','2013-05-29 15:44:32'),
	(143,1,'Failed in saving member with ADA number = 00701397, Firstname = Kimberly, Lastname = Hornacek. Error details: DB error [00000, ]: ','2013-05-29 15:44:32'),
	(144,1,'Failed in saving member with ADA number = 00380028, Firstname = Jennie, Lastname = House. Error details: DB error [00000, ]: ','2013-05-29 15:44:32'),
	(145,1,'Failed in saving member with ADA number = 00436102, Firstname = Mary, Lastname = Hudson. Error details: DB error [00000, ]: ','2013-05-29 15:44:32'),
	(146,1,'Failed in saving member with ADA number = 00504608, Firstname = Carol, Lastname = Hunte. Error details: DB error [00000, ]: ','2013-05-29 15:44:32'),
	(147,1,'Failed in saving member with ADA number = 00509596, Firstname = Delia, Lastname = Hyland. Error details: DB error [00000, ]: ','2013-05-29 15:44:32'),
	(148,1,'Failed in saving member with ADA number = 00342052, Firstname = Jean, Lastname = Inman. Error details: DB error [00000, ]: ','2013-05-29 15:44:32'),
	(149,1,'Failed in saving member with ADA number = 00383855, Firstname = Gaynell, Lastname = Irving. Error details: DB error [00000, ]: ','2013-05-29 15:44:32'),
	(150,1,'Failed in saving member with ADA number = 00184678, Firstname = Anna, Lastname = Jackson. Error details: DB error [00000, ]: ','2013-05-29 15:44:32'),
	(151,1,'Failed in saving member with ADA number = 00371822, Firstname = Catherine, Lastname = Jackson. Error details: DB error [00000, ]: ','2013-05-29 15:44:32'),
	(152,1,'Failed in saving member with ADA number = 00470699, Firstname = Helen, Lastname = Jackson. Error details: DB error [00000, ]: ','2013-05-29 15:44:32'),
	(153,1,'Failed in saving member with ADA number = 00826046, Firstname = Nancy, Lastname = Jacobson. Error details: DB error [00000, ]: ','2013-05-29 15:44:32'),
	(154,1,'Failed in saving member with ADA number = 00509809, Firstname = Debra, Lastname = Jakalow. Error details: DB error [00000, ]: ','2013-05-29 15:44:32'),
	(155,1,'Failed in saving member with ADA number = 00723516, Firstname = Maria, Lastname = Karalis. Error details: DB error [00000, ]: ','2013-05-29 15:44:32'),
	(156,1,'Failed in saving member with ADA number = 00711873, Firstname = Beverly, Lastname = Kastan. Error details: DB error [00000, ]: ','2013-05-29 15:44:32'),
	(157,1,'Failed in saving member with ADA number = 00306617, Firstname = Julie, Lastname = Kauffman. Error details: DB error [00000, ]: ','2013-05-29 15:44:32'),
	(158,1,'Failed in saving member with ADA number = 01004499, Firstname = Kendra, Lastname = Keith. Error details: DB error [00000, ]: ','2013-05-29 15:44:32'),
	(159,1,'Failed in saving member with ADA number = 00651208, Firstname = Janet, Lastname = Keller. Error details: DB error [00000, ]: ','2013-05-29 15:44:32'),
	(160,1,'Failed in saving member with ADA number = 00648160, Firstname = Stacy, Lastname = Kirshenbaum. Error details: DB error [00000, ]: ','2013-05-29 15:44:32'),
	(161,1,'Failed in saving member with ADA number = 00857526, Firstname = Pamela, Lastname = Klyce. Error details: DB error [00000, ]: ','2013-05-29 15:44:32'),
	(162,1,'Failed in saving member with ADA number = 01026283, Firstname = Courtney, Lastname = Knowles. Error details: DB error [00000, ]: ','2013-05-29 15:44:32'),
	(163,1,'Failed in saving member with ADA number = 00013172, Firstname = Susan, Lastname = Kober. Error details: DB error [00000, ]: ','2013-05-29 15:44:32'),
	(164,1,'Failed in saving member with ADA number = 00435023, Firstname = Neeta, Lastname = Kochhar. Error details: DB error [00000, ]: ','2013-05-29 15:44:32'),
	(165,1,'Failed in saving member with ADA number = 00504555, Firstname = Rita, Lastname = Kohse. Error details: DB error [00000, ]: ','2013-05-29 15:44:32'),
	(166,1,'Failed in saving member with ADA number = 00341749, Firstname = Madelyn, Lastname = Koontz. Error details: DB error [00000, ]: ','2013-05-29 15:44:32'),
	(167,1,'Failed in saving member with ADA number = 00470779, Firstname = Gwendolyn, Lastname = Kossick. Error details: DB error [00000, ]: ','2013-05-29 15:44:32'),
	(168,1,'Failed in saving member with ADA number = 00707942, Firstname = Natalie, Lastname = Kotanchek. Error details: DB error [00000, ]: ','2013-05-29 15:44:32'),
	(169,1,'Failed in saving member with ADA number = 00436647, Firstname = Marlene, Lastname = Kramer. Error details: DB error [00000, ]: ','2013-05-29 15:44:32'),
	(170,1,'Failed in saving member with ADA number = 00875274, Firstname = Debra, Lastname = Krieman. Error details: DB error [00000, ]: ','2013-05-29 15:44:32'),
	(171,1,'Failed in saving member with ADA number = 00926438, Firstname = Sarah, Lastname = Kruger. Error details: DB error [00000, ]: ','2013-05-29 15:44:32'),
	(172,1,'Failed in saving member with ADA number = 00628413, Firstname = Susan, Lastname = Krupenevich. Error details: DB error [00000, ]: ','2013-05-29 15:44:32'),
	(173,1,'Failed in saving member with ADA number = 00716560, Firstname = Theresa, Lastname = Kuracina. Error details: DB error [00000, ]: ','2013-05-29 15:44:32'),
	(174,1,'Failed in saving member with ADA number = 00718551, Firstname = Mary, Lastname = Lacey. Error details: DB error [00000, ]: ','2013-05-29 15:44:32'),
	(175,1,'Failed in saving member with ADA number = 00725431, Firstname = Nancy, Lastname = Lambert. Error details: DB error [00000, ]: ','2013-05-29 15:44:32'),
	(176,1,'Failed in saving member with ADA number = 00496868, Firstname = Alice, Lastname = Landry. Error details: DB error [00000, ]: ','2013-05-29 15:44:32'),
	(177,1,'Failed in saving member with ADA number = 00965574, Firstname = Ashley, Lastname = Lee. Error details: DB error [00000, ]: ','2013-05-29 15:44:32'),
	(178,1,'Failed in saving member with ADA number = 00918558, Firstname = Joanie, Lastname = Lee. Error details: DB error [00000, ]: ','2013-05-29 15:44:32'),
	(179,1,'Failed in saving member with ADA number = 00572785, Firstname = Julia, Lastname = Lee. Error details: DB error [00000, ]: ','2013-05-29 15:44:32'),
	(180,1,'Failed in saving member with ADA number = 00501754, Firstname = Koo Myung, Lastname = Lee. Error details: DB error [00000, ]: ','2013-05-29 15:44:32'),
	(181,1,'Failed in saving member with ADA number = 00354440, Firstname = Nancy, Lastname = Lee. Error details: DB error [00000, ]: ','2013-05-29 15:44:32'),
	(182,1,'Failed in saving member with ADA number = 00950942, Firstname = Lauren, Lastname = Levy. Error details: DB error [00000, ]: ','2013-05-29 15:44:32'),
	(183,1,'Failed in saving member with ADA number = 00481945, Firstname = Diane, Lastname = Lieberman. Error details: DB error [00000, ]: ','2013-05-29 15:44:32'),
	(184,1,'Failed in saving member with ADA number = 00567096, Firstname = Vidyut, Lastname = Lingamneni. Error details: DB error [00000, ]: ','2013-05-29 15:44:32'),
	(185,1,'Failed in saving member with ADA number = 00668414, Firstname = Ann, Lastname = Lipowski. Error details: DB error [00000, ]: ','2013-05-29 15:44:32'),
	(186,1,'Failed in saving member with ADA number = 00816337, Firstname = Stacey, Lastname = Littlepage-Titus. Error details: DB error [00000, ]: ','2013-05-29 15:44:32'),
	(187,1,'Failed in saving member with ADA number = 00898722, Firstname = Ana, Lastname = Llinas. Error details: DB error [00000, ]: ','2013-05-29 15:44:32'),
	(188,1,'Failed in saving member with ADA number = 86002866, Firstname = Win Nie, Lastname = Loh. Error details: DB error [00000, ]: ','2013-05-29 15:44:32'),
	(189,1,'Failed in saving member with ADA number = 00892945, Firstname = Christina, Lastname = Lund. Error details: DB error [00000, ]: ','2013-05-29 15:44:32'),
	(190,1,'Failed in saving member with ADA number = 00993594, Firstname = Michelle, Lastname = Lynch. Error details: DB error [00000, ]: ','2013-05-29 15:44:32'),
	(191,1,'Failed in saving member with ADA number = 00430689, Firstname = Beth, Lastname = Mahoney. Error details: DB error [00000, ]: ','2013-05-29 15:44:32'),
	(192,1,'Failed in saving member with ADA number = 00922879, Firstname = Rachael, Lastname = Majorowicz. Error details: DB error [00000, ]: ','2013-05-29 15:44:32'),
	(193,1,'Failed in saving member with ADA number = 00581926, Firstname = Nancy, Lastname = Manley. Error details: DB error [00000, ]: ','2013-05-29 15:44:32'),
	(194,1,'Failed in saving member with ADA number = 00875544, Firstname = Lisa, Lastname = Margo. Error details: DB error [00000, ]: ','2013-05-29 15:44:32'),
	(195,1,'Failed in saving member with ADA number = 86007618, Firstname = Zulfitri Azuan, Lastname = Mat Daud. Error details: DB error [00000, ]: ','2013-05-29 15:44:32'),
	(196,1,'Failed in saving member with ADA number = 00851226, Firstname = Seema, Lastname = Mathur. Error details: DB error [00000, ]: ','2013-05-29 15:44:32'),
	(197,1,'Failed in saving member with ADA number = 00708352, Firstname = Carole, Lastname = Matiaco. Error details: DB error [00000, ]: ','2013-05-29 15:44:32'),
	(198,1,'Failed in saving member with ADA number = 00534274, Firstname = Mary, Lastname = McCann-Rugg. Error details: DB error [00000, ]: ','2013-05-29 15:44:32'),
	(199,1,'Failed in saving member with ADA number = 00487011, Firstname = Mary, Lastname = McCormack. Error details: DB error [00000, ]: ','2013-05-29 15:44:32'),
	(200,1,'Failed in saving member with ADA number = 00625023, Firstname = Barbara, Lastname = McCulloch. Error details: DB error [00000, ]: ','2013-05-29 15:44:32'),
	(201,1,'Failed in saving member with ADA number = 00803331, Firstname = Susan, Lastname = McDonald. Error details: DB error [00000, ]: ','2013-05-29 15:44:32'),
	(202,1,'Failed in saving member with ADA number = 00845928, Firstname = Marcella, Lastname = McLaughlin. Error details: DB error [00000, ]: ','2013-05-29 15:44:32'),
	(203,1,'Failed in saving member with ADA number = 00851367, Firstname = Leah, Lastname = McNulty. Error details: DB error [00000, ]: ','2013-05-29 15:44:32'),
	(204,1,'Failed in saving member with ADA number = 00723829, Firstname = Gina, Lastname = Mendiola. Error details: DB error [00000, ]: ','2013-05-29 15:44:32'),
	(205,1,'Failed in saving member with ADA number = 00717087, Firstname = Kimberly, Lastname = Mentzer. Error details: DB error [00000, ]: ','2013-05-29 15:44:32'),
	(206,1,'Failed in saving member with ADA number = 00806345, Firstname = Catherine, Lastname = Merickel. Error details: DB error [00000, ]: ','2013-05-29 15:44:32'),
	(207,1,'Failed in saving member with ADA number = 00677422, Firstname = Mary, Lastname = Meyer. Error details: DB error [00000, ]: ','2013-05-29 15:44:32'),
	(208,1,'Failed in saving member with ADA number = 00869941, Firstname = Helene, Lastname = Micahnik. Error details: DB error [00000, ]: ','2013-05-29 15:44:32'),
	(209,1,'Failed in saving member with ADA number = 00721235, Firstname = Susan, Lastname = Millet. Error details: DB error [00000, ]: ','2013-05-29 15:44:32'),
	(210,1,'Failed in saving member with ADA number = 00671614, Firstname = Elizabeth, Lastname = Mills. Error details: DB error [00000, ]: ','2013-05-29 15:44:32'),
	(211,1,'Failed in saving member with ADA number = 00611261, Firstname = Carol, Lastname = Mohan. Error details: DB error [00000, ]: ','2013-05-29 15:44:32'),
	(212,1,'Failed in saving member with ADA number = 00993077, Firstname = Michelle, Lastname = Monastra. Error details: DB error [00000, ]: ','2013-05-29 15:44:32'),
	(213,1,'Failed in saving member with ADA number = 00524560, Firstname = Emma, Lastname = Montgomery. Error details: DB error [00000, ]: ','2013-05-29 15:44:32'),
	(214,1,'Failed in saving member with ADA number = 00511672, Firstname = Margaret, Lastname = Moran. Error details: DB error [00000, ]: ','2013-05-29 15:44:32'),
	(215,1,'Failed in saving member with ADA number = 00808605, Firstname = Tamara, Lastname = Morton. Error details: DB error [00000, ]: ','2013-05-29 15:44:32'),
	(216,1,'Failed in saving member with ADA number = 00812834, Firstname = Lisa, Lastname = Moser. Error details: DB error [00000, ]: ','2013-05-29 15:44:32'),
	(217,1,'Failed in saving member with ADA number = 00831724, Firstname = Amy, Lastname = Myrtue Nelson. Error details: DB error [00000, ]: ','2013-05-29 15:44:32'),
	(218,1,'Failed in saving member with ADA number = 00407526, Firstname = Darina, Lastname = Neel. Error details: DB error [00000, ]: ','2013-05-29 15:44:32'),
	(219,1,'Failed in saving member with ADA number = 00817477, Firstname = Janice, Lastname = Newberry. Error details: DB error [00000, ]: ','2013-05-29 15:44:32'),
	(220,1,'Failed in saving member with ADA number = 00474132, Firstname = Kathy, Lastname = Nichols. Error details: DB error [00000, ]: ','2013-05-29 15:44:32'),
	(221,1,'Failed in saving member with ADA number = 00884370, Firstname = Alanna, Lastname = Nimau Vigil. Error details: DB error [00000, ]: ','2013-05-29 15:44:32'),
	(222,1,'Failed in saving member with ADA number = 86017237, Firstname = Luse, Lastname = Niumataiwalu. Error details: DB error [00000, ]: ','2013-05-29 15:44:32'),
	(223,1,'Failed in saving member with ADA number = 00483845, Firstname = Kay, Lastname = Norris. Error details: DB error [00000, ]: ','2013-05-29 15:44:32'),
	(224,1,'Failed in saving member with ADA number = 00503066, Firstname = Susan, Lastname = O\'Brien. Error details: DB error [00000, ]: ','2013-05-29 15:44:32'),
	(225,1,'Failed in saving member with ADA number = 01047352, Firstname = Melissa, Lastname = Ocasio. Error details: DB error [00000, ]: ','2013-05-29 15:44:32'),
	(226,1,'Failed in saving member with ADA number = 00013883, Firstname = Jean Ann, Lastname = Olds. Error details: DB error [00000, ]: ','2013-05-29 15:44:32'),
	(227,1,'Failed in saving member with ADA number = 00607524, Firstname = Greta, Lastname = Olson. Error details: DB error [00000, ]: ','2013-05-29 15:44:32'),
	(228,1,'Failed in saving member with ADA number = 00723890, Firstname = Merrili, Lastname = O\'Neal. Error details: DB error [00000, ]: ','2013-05-29 15:44:32'),
	(229,1,'Failed in saving member with ADA number = 00984458, Firstname = Kristin, Lastname = O\'Neill. Error details: DB error [00000, ]: ','2013-05-29 15:44:32'),
	(230,1,'Failed in saving member with ADA number = 00402905, Firstname = Paula, Lastname = Partch. Error details: DB error [00000, ]: ','2013-05-29 15:44:32'),
	(231,1,'Failed in saving member with ADA number = 00999400, Firstname = Alejandro, Lastname = Paz. Error details: DB error [00000, ]: ','2013-05-29 15:44:32'),
	(232,1,'Failed in saving member with ADA number = 00708727, Firstname = Nancy, Lastname = Perry. Error details: DB error [00000, ]: ','2013-05-29 15:44:32'),
	(233,1,'Failed in saving member with ADA number = 00393513, Firstname = Marcia, Lastname = Petersen. Error details: DB error [00000, ]: ','2013-05-29 15:44:32'),
	(234,1,'Failed in saving member with ADA number = 00632961, Firstname = Beth, Lastname = Peterson. Error details: DB error [00000, ]: ','2013-05-29 15:44:32'),
	(235,1,'Failed in saving member with ADA number = 00594985, Firstname = Delyva, Lastname = Peterson. Error details: DB error [00000, ]: ','2013-05-29 15:44:32'),
	(236,1,'Failed in saving member with ADA number = 00840680, Firstname = Patricia, Lastname = Petrillo. Error details: DB error [00000, ]: ','2013-05-29 15:44:32'),
	(237,1,'Failed in saving member with ADA number = 00682443, Firstname = Anne, Lastname = Phillip. Error details: DB error [00000, ]: ','2013-05-29 15:44:32'),
	(238,1,'Failed in saving member with ADA number = 00332697, Firstname = Mary, Lastname = Pieper. Error details: DB error [00000, ]: ','2013-05-29 15:44:32'),
	(239,1,'Failed in saving member with ADA number = 00424810, Firstname = Suzanne, Lastname = Pike. Error details: DB error [00000, ]: ','2013-05-29 15:44:32'),
	(240,1,'Failed in saving member with ADA number = 00361067, Firstname = Joan, Lastname = Plice. Error details: DB error [00000, ]: ','2013-05-29 15:44:32'),
	(241,1,'Failed in saving member with ADA number = 00453547, Firstname = Mary, Lastname = Pocivasek. Error details: DB error [00000, ]: ','2013-05-29 15:44:32'),
	(242,1,'Failed in saving member with ADA number = 00459211, Firstname = Shelley, Lastname = Porter. Error details: DB error [00000, ]: ','2013-05-29 15:44:32'),
	(243,1,'Failed in saving member with ADA number = 00965917, Firstname = Jessica, Lastname = Prohn. Error details: DB error [00000, ]: ','2013-05-29 15:44:32'),
	(244,1,'Failed in saving member with ADA number = 85007706, Firstname = Marcy, Lastname = Pugliese. Error details: DB error [00000, ]: ','2013-05-29 15:44:32'),
	(245,1,'Failed in saving member with ADA number = 00943493, Firstname = Stacey, Lastname = Punnett. Error details: DB error [00000, ]: ','2013-05-29 15:44:32'),
	(246,1,'Failed in saving member with ADA number = 00512118, Firstname = Joan, Lastname = Quillian. Error details: DB error [00000, ]: ','2013-05-29 15:44:32'),
	(247,1,'Failed in saving member with ADA number = 00333641, Firstname = Mary, Lastname = Raji. Error details: DB error [00000, ]: ','2013-05-29 15:44:32'),
	(248,1,'Failed in saving member with ADA number = 00860289, Firstname = Molly, Lastname = Randall. Error details: DB error [00000, ]: ','2013-05-29 15:44:32'),
	(249,1,'Failed in saving member with ADA number = 00351559, Firstname = Ellen Jane, Lastname = Reinertsen. Error details: DB error [00000, ]: ','2013-05-29 15:44:32'),
	(250,1,'Failed in saving member with ADA number = 00819184, Firstname = Lynn, Lastname = Remington. Error details: DB error [00000, ]: ','2013-05-29 15:44:32'),
	(251,1,'Failed in saving member with ADA number = 00814931, Firstname = Michelle, Lastname = Ressel. Error details: DB error [00000, ]: ','2013-05-29 15:44:32'),
	(252,1,'Failed in saving member with ADA number = 00708717, Firstname = Gwenn, Lastname = Rice. Error details: DB error [00000, ]: ','2013-05-29 15:44:32'),
	(253,1,'Failed in saving member with ADA number = 00864984, Firstname = Amy, Lastname = Roark. Error details: DB error [00000, ]: ','2013-05-29 15:44:32'),
	(254,1,'Failed in saving member with ADA number = 00364144, Firstname = Sue, Lastname = Roscoe. Error details: DB error [00000, ]: ','2013-05-29 15:44:32'),
	(255,1,'Failed in saving member with ADA number = 00014777, Firstname = Jane, Lastname = Roth. Error details: DB error [00000, ]: ','2013-05-29 15:44:32'),
	(256,1,'Failed in saving member with ADA number = 00818654, Firstname = Barbra, Lastname = Rubinstein. Error details: DB error [00000, ]: ','2013-05-29 15:44:32'),
	(257,1,'Failed in saving member with ADA number = 01031995, Firstname = Analia, Lastname = Sadick. Error details: DB error [00000, ]: ','2013-05-29 15:44:32'),
	(258,1,'Failed in saving member with ADA number = 00976424, Firstname = Akemi, Lastname = Sakamoto. Error details: DB error [00000, ]: ','2013-05-29 15:44:32'),
	(259,1,'Failed in saving member with ADA number = 00727709, Firstname = Katie, Lastname = Sandage. Error details: DB error [00000, ]: ','2013-05-29 15:44:32'),
	(260,1,'Failed in saving member with ADA number = 00915077, Firstname = Melisa, Lastname = Santillano. Error details: DB error [00000, ]: ','2013-05-29 15:44:32'),
	(261,1,'Failed in saving member with ADA number = 00375855, Firstname = Teresita, Lastname = Sarino-Jusi. Error details: DB error [00000, ]: ','2013-05-29 15:44:32'),
	(262,1,'Failed in saving member with ADA number = 00600291, Firstname = Mary, Lastname = Sawlivich. Error details: DB error [00000, ]: ','2013-05-29 15:44:32'),
	(263,1,'Failed in saving member with ADA number = 00564552, Firstname = Pearl, Lastname = Schachner. Error details: DB error [00000, ]: ','2013-05-29 15:44:32'),
	(264,1,'Failed in saving member with ADA number = 00434881, Firstname = Joyce, Lastname = Schaefer. Error details: DB error [00000, ]: ','2013-05-29 15:44:32'),
	(265,1,'Failed in saving member with ADA number = 00940540, Firstname = Becky, Lastname = Schaible. Error details: DB error [00000, ]: ','2013-05-29 15:44:32'),
	(266,1,'Failed in saving member with ADA number = 00719886, Firstname = Zarina, Lastname = Schiffler. Error details: DB error [00000, ]: ','2013-05-29 15:44:32'),
	(267,1,'Failed in saving member with ADA number = 00624033, Firstname = Marian, Lastname = Schiffman. Error details: DB error [00000, ]: ','2013-05-29 15:44:32'),
	(268,1,'Failed in saving member with ADA number = 00717602, Firstname = Lynne, Lastname = Schonder. Error details: DB error [00000, ]: ','2013-05-29 15:44:32'),
	(269,1,'Failed in saving member with ADA number = 00887105, Firstname = Dawn, Lastname = Schonwetter. Error details: DB error [00000, ]: ','2013-05-29 15:44:32'),
	(270,1,'Failed in saving member with ADA number = 00838606, Firstname = Ann, Lastname = Schultz. Error details: DB error [00000, ]: ','2013-05-29 15:44:32'),
	(271,1,'Failed in saving member with ADA number = 00513313, Firstname = Mary, Lastname = Schumaci. Error details: DB error [00000, ]: ','2013-05-29 15:44:32'),
	(272,1,'Failed in saving member with ADA number = 00447413, Firstname = Elizabeth, Lastname = Schwartz. Error details: DB error [00000, ]: ','2013-05-29 15:44:32'),
	(273,1,'Failed in saving member with ADA number = 00584380, Firstname = Rita, Lastname = Scott. Error details: DB error [00000, ]: ','2013-05-29 15:44:32'),
	(274,1,'Failed in saving member with ADA number = 00931802, Firstname = Michelle, Lastname = Scranton. Error details: DB error [00000, ]: ','2013-05-29 15:44:32'),
	(275,1,'Failed in saving member with ADA number = 00912967, Firstname = Dora, Lastname = Sequeira. Error details: DB error [00000, ]: ','2013-05-29 15:44:32'),
	(276,1,'Failed in saving member with ADA number = 00801312, Firstname = Cynthia, Lastname = Shedden-Lambert. Error details: DB error [00000, ]: ','2013-05-29 15:44:32'),
	(277,1,'Failed in saving member with ADA number = 00867910, Firstname = Jill, Lastname = Sher. Error details: DB error [00000, ]: ','2013-05-29 15:44:32'),
	(278,1,'Failed in saving member with ADA number = 00586342, Firstname = Christine, Lastname = Sheremeta. Error details: DB error [00000, ]: ','2013-05-29 15:44:32'),
	(279,1,'Failed in saving member with ADA number = 00878869, Firstname = Tara, Lastname = Sherman. Error details: DB error [00000, ]: ','2013-05-29 15:44:32'),
	(280,1,'Failed in saving member with ADA number = 00724244, Firstname = Chih-Chii, Lastname = Shiau. Error details: DB error [00000, ]: ','2013-05-29 15:44:32'),
	(281,1,'Failed in saving member with ADA number = 00494682, Firstname = Thelma, Lastname = Shoemaker. Error details: DB error [00000, ]: ','2013-05-29 15:44:32'),
	(282,1,'Failed in saving member with ADA number = 00262110, Firstname = Dorothy, Lastname = Silha. Error details: DB error [00000, ]: ','2013-05-29 15:44:32'),
	(283,1,'Failed in saving member with ADA number = 00465981, Firstname = Mary Jane, Lastname = Simpson. Error details: DB error [00000, ]: ','2013-05-29 15:44:32'),
	(284,1,'Failed in saving member with ADA number = 00472893, Firstname = Jeanne, Lastname = Singer. Error details: DB error [00000, ]: ','2013-05-29 15:44:32'),
	(285,1,'Failed in saving member with ADA number = 00879453, Firstname = Jodi, Lastname = Slaughter. Error details: DB error [00000, ]: ','2013-05-29 15:44:32'),
	(286,1,'Failed in saving member with ADA number = 00930602, Firstname = Jennifer, Lastname = Smart. Error details: DB error [00000, ]: ','2013-05-29 15:44:32'),
	(287,1,'Failed in saving member with ADA number = 00927857, Firstname = Angelina, Lastname = Smith. Error details: DB error [00000, ]: ','2013-05-29 15:44:32'),
	(288,1,'Failed in saving member with ADA number = 00683790, Firstname = Frances, Lastname = Smith. Error details: DB error [00000, ]: ','2013-05-29 15:44:32'),
	(289,1,'Failed in saving member with ADA number = 00726617, Firstname = Susan, Lastname = Smith. Error details: DB error [00000, ]: ','2013-05-29 15:44:32'),
	(290,1,'Failed in saving member with ADA number = 00814285, Firstname = Jane, Lastname = Snyder. Error details: DB error [00000, ]: ','2013-05-29 15:44:32'),
	(291,1,'Failed in saving member with ADA number = 00859672, Firstname = Manjit, Lastname = Sohal. Error details: DB error [00000, ]: ','2013-05-29 15:44:32'),
	(292,1,'Failed in saving member with ADA number = 00711608, Firstname = Elizabeth, Lastname = Sokal. Error details: DB error [00000, ]: ','2013-05-29 15:44:32'),
	(293,1,'Failed in saving member with ADA number = 00478423, Firstname = Deborah, Lastname = Solomon. Error details: DB error [00000, ]: ','2013-05-29 15:44:32'),
	(294,1,'Failed in saving member with ADA number = 00459355, Firstname = Ritalynn, Lastname = Solomon-Dimmitt. Error details: DB error [00000, ]: ','2013-05-29 15:44:32'),
	(295,1,'Failed in saving member with ADA number = 00874906, Firstname = Adrianne, Lastname = Sonnier. Error details: DB error [00000, ]: ','2013-05-29 15:44:32'),
	(296,1,'Failed in saving member with ADA number = 00685271, Firstname = Ginger, Lastname = Sorensen. Error details: DB error [00000, ]: ','2013-05-29 15:44:32'),
	(297,1,'Failed in saving member with ADA number = 00014464, Firstname = Debra, Lastname = Stanley. Error details: DB error [00000, ]: ','2013-05-29 15:44:32'),
	(298,1,'Failed in saving member with ADA number = 01048098, Firstname = Elizabeth, Lastname = Stasny. Error details: DB error [00000, ]: ','2013-05-29 15:44:32'),
	(299,1,'Failed in saving member with ADA number = 00720023, Firstname = Carol, Lastname = Stephens. Error details: DB error [00000, ]: ','2013-05-29 15:44:32'),
	(300,1,'Failed in saving member with ADA number = 00928923, Firstname = Naomi, Lastname = Stephens. Error details: DB error [00000, ]: ','2013-05-29 15:44:32'),
	(301,1,'Failed in saving member with ADA number = 00016227, Firstname = Wendy, Lastname = Stewart. Error details: DB error [00000, ]: ','2013-05-29 15:44:32'),
	(302,1,'Failed in saving member with ADA number = 00869356, Firstname = Molly, Lastname = Stirek. Error details: DB error [00000, ]: ','2013-05-29 15:44:32'),
	(303,1,'Failed in saving member with ADA number = 00414055, Firstname = Denise, Lastname = Strimel. Error details: DB error [00000, ]: ','2013-05-29 15:44:32'),
	(304,1,'Failed in saving member with ADA number = 00364493, Firstname = Christy, Lastname = Strong. Error details: DB error [00000, ]: ','2013-05-29 15:44:32'),
	(305,1,'Failed in saving member with ADA number = 00131725, Firstname = Elaine, Lastname = Stuis. Error details: DB error [00000, ]: ','2013-05-29 15:44:32'),
	(306,1,'Failed in saving member with ADA number = 00985346, Firstname = Jenny, Lastname = Su. Error details: DB error [00000, ]: ','2013-05-29 15:44:32'),
	(307,1,'Failed in saving member with ADA number = 00853729, Firstname = Lori, Lastname = Swaby. Error details: DB error [00000, ]: ','2013-05-29 15:44:32'),
	(308,1,'Failed in saving member with ADA number = 00890484, Firstname = Chris, Lastname = Swatsenbarg. Error details: DB error [00000, ]: ','2013-05-29 15:44:32'),
	(309,1,'Failed in saving member with ADA number = 00014491, Firstname = Elizabeth, Lastname = Sylvester. Error details: DB error [00000, ]: ','2013-05-29 15:44:32'),
	(310,1,'Failed in saving member with ADA number = 00416749, Firstname = Myrna, Lastname = Tan. Error details: DB error [00000, ]: ','2013-05-29 15:44:32'),
	(311,1,'Failed in saving member with ADA number = 00707736, Firstname = Vangie, Lastname = Tate. Error details: DB error [00000, ]: ','2013-05-29 15:44:32'),
	(312,1,'Failed in saving member with ADA number = 00957651, Firstname = Susan, Lastname = Taylor. Error details: DB error [00000, ]: ','2013-05-29 15:44:32'),
	(313,1,'Failed in saving member with ADA number = 00985567, Firstname = Jacqueline, Lastname = Termont. Error details: DB error [00000, ]: ','2013-05-29 15:44:32'),
	(314,1,'Failed in saving member with ADA number = 00801782, Firstname = Maryse, Lastname = Therrien. Error details: DB error [00000, ]: ','2013-05-29 15:44:32'),
	(315,1,'Failed in saving member with ADA number = 00687046, Firstname = Alice, Lastname = Thurau. Error details: DB error [00000, ]: ','2013-05-29 15:44:32'),
	(316,1,'Failed in saving member with ADA number = 00431955, Firstname = Renae, Lastname = Tolleson. Error details: DB error [00000, ]: ','2013-05-29 15:44:32'),
	(317,1,'Failed in saving member with ADA number = 00378344, Firstname = Marie-Therese, Lastname = Tomak. Error details: DB error [00000, ]: ','2013-05-29 15:44:32'),
	(318,1,'Failed in saving member with ADA number = 01053464, Firstname = Leslie, Lastname = Tomecsek. Error details: DB error [00000, ]: ','2013-05-29 15:44:32'),
	(319,1,'Failed in saving member with ADA number = 00980116, Firstname = Anna, Lastname = Ton. Error details: DB error [00000, ]: ','2013-05-29 15:44:32'),
	(320,1,'Failed in saving member with ADA number = 00471625, Firstname = Hanh-Trang, Lastname = Tranviet-Ginocchio. Error details: DB error [00000, ]: ','2013-05-29 15:44:32'),
	(321,1,'Failed in saving member with ADA number = 00580892, Firstname = Cynthia, Lastname = Tsai. Error details: DB error [00000, ]: ','2013-05-29 15:44:32'),
	(322,1,'Failed in saving member with ADA number = 00875387, Firstname = Annelle, Lastname = Tschida. Error details: DB error [00000, ]: ','2013-05-29 15:44:32'),
	(323,1,'Failed in saving member with ADA number = 00392471, Firstname = Sharon, Lastname = Turner. Error details: DB error [00000, ]: ','2013-05-29 15:44:32'),
	(324,1,'Failed in saving member with ADA number = 00707710, Firstname = Ellen, Lastname = Turpening. Error details: DB error [00000, ]: ','2013-05-29 15:44:32'),
	(325,1,'Failed in saving member with ADA number = 00674443, Firstname = Aileen, Lastname = Ueunten. Error details: DB error [00000, ]: ','2013-05-29 15:44:32'),
	(326,1,'Failed in saving member with ADA number = 00953436, Firstname = Susan, Lastname = Umetsu. Error details: DB error [00000, ]: ','2013-05-29 15:44:32'),
	(327,1,'Failed in saving member with ADA number = 00013805, Firstname = Jane, Lastname = Valley. Error details: DB error [00000, ]: ','2013-05-29 15:44:32'),
	(328,1,'Failed in saving member with ADA number = 00635334, Firstname = Barbara, Lastname = Van Meerbeke. Error details: DB error [00000, ]: ','2013-05-29 15:44:32'),
	(329,1,'Failed in saving member with ADA number = 00811972, Firstname = Christine, Lastname = Velsor. Error details: DB error [00000, ]: ','2013-05-29 15:44:32'),
	(330,1,'Failed in saving member with ADA number = 00524720, Firstname = Pamela, Lastname = Walsh. Error details: DB error [00000, ]: ','2013-05-29 15:44:32'),
	(331,1,'Failed in saving member with ADA number = 00800451, Firstname = Alicia, Lastname = Walter. Error details: DB error [00000, ]: ','2013-05-29 15:44:32'),
	(332,1,'Failed in saving member with ADA number = 00357287, Firstname = Nancy, Lastname = Walters. Error details: DB error [00000, ]: ','2013-05-29 15:44:32'),
	(333,1,'Failed in saving member with ADA number = 00534210, Firstname = Chien-Ling, Lastname = Wang. Error details: DB error [00000, ]: ','2013-05-29 15:44:32'),
	(334,1,'Failed in saving member with ADA number = 00690185, Firstname = Yueh-Ru, Lastname = Wann. Error details: DB error [00000, ]: ','2013-05-29 15:44:32'),
	(335,1,'Failed in saving member with ADA number = 00341856, Firstname = Bette, Lastname = Ward. Error details: DB error [00000, ]: ','2013-05-29 15:44:32'),
	(336,1,'Failed in saving member with ADA number = 00634745, Firstname = Mori, Lastname = Watson. Error details: DB error [00000, ]: ','2013-05-29 15:44:32'),
	(337,1,'Failed in saving member with ADA number = 00331368, Firstname = Susan, Lastname = Weiffenbach. Error details: DB error [00000, ]: ','2013-05-29 15:44:32'),
	(338,1,'Failed in saving member with ADA number = 00629591, Firstname = Victoria, Lastname = Weinfeld. Error details: DB error [00000, ]: ','2013-05-29 15:44:32'),
	(339,1,'Failed in saving member with ADA number = 00819897, Firstname = Khongmany, Lastname = Wells. Error details: DB error [00000, ]: ','2013-05-29 15:44:32'),
	(340,1,'Failed in saving member with ADA number = 00467104, Firstname = Susan, Lastname = Wesselman. Error details: DB error [00000, ]: ','2013-05-29 15:44:32'),
	(341,1,'Failed in saving member with ADA number = 01057811, Firstname = Abby, Lastname = West. Error details: DB error [00000, ]: ','2013-05-29 15:44:32'),
	(342,1,'Failed in saving member with ADA number = 00602155, Firstname = Marcia, Lastname = Whitaker. Error details: DB error [00000, ]: ','2013-05-29 15:44:32'),
	(343,1,'Failed in saving member with ADA number = 00802519, Firstname = Christine, Lastname = Williams. Error details: DB error [00000, ]: ','2013-05-29 15:44:32'),
	(344,1,'Failed in saving member with ADA number = 00724194, Firstname = Gail, Lastname = Williams. Error details: DB error [00000, ]: ','2013-05-29 15:44:32'),
	(345,1,'Failed in saving member with ADA number = 00647456, Firstname = Marianne, Lastname = Williams. Error details: DB error [00000, ]: ','2013-05-29 15:44:32'),
	(346,1,'Failed in saving member with ADA number = 00016835, Firstname = Frances, Lastname = Wilson. Error details: DB error [00000, ]: ','2013-05-29 15:44:32'),
	(347,1,'Failed in saving member with ADA number = 00931983, Firstname = Margarita, Lastname = Wilson. Error details: DB error [00000, ]: ','2013-05-29 15:44:32'),
	(348,1,'Failed in saving member with ADA number = 00392042, Firstname = Karla, Lastname = Wing-Harper. Error details: DB error [00000, ]: ','2013-05-29 15:44:32'),
	(349,1,'Failed in saving member with ADA number = 00811315, Firstname = Lynne, Lastname = Wodrich. Error details: DB error [00000, ]: ','2013-05-29 15:44:32'),
	(350,1,'Failed in saving member with ADA number = 00897896, Firstname = Christina, Lastname = Wotton. Error details: DB error [00000, ]: ','2013-05-29 15:44:32'),
	(351,1,'Failed in saving member with ADA number = 00629859, Firstname = Kathleen, Lastname = Wreford. Error details: DB error [00000, ]: ','2013-05-29 15:44:32'),
	(352,1,'Failed in saving member with ADA number = 00489607, Firstname = Ina, Lastname = Wrye. Error details: DB error [00000, ]: ','2013-05-29 15:44:32'),
	(353,1,'Failed in saving member with ADA number = 00850621, Firstname = Susan, Lastname = Yager. Error details: DB error [00000, ]: ','2013-05-29 15:44:32'),
	(354,1,'Failed in saving member with ADA number = 01016854, Firstname = Jing, Lastname = Yang. Error details: DB error [00000, ]: ','2013-05-29 15:44:32'),
	(355,1,'Failed in saving member with ADA number = 00485497, Firstname = Diane, Lastname = Yee. Error details: DB error [00000, ]: ','2013-05-29 15:44:32'),
	(356,1,'Failed in saving member with ADA number = 00581123, Firstname = Sharon, Lastname = Zalemski. Error details: DB error [00000, ]: ','2013-05-29 15:44:32'),
	(357,1,'Failed in saving member with ADA number = 00011083, Firstname = Sandra, Lastname = Zeznanski. Error details: DB error [00000, ]: ','2013-05-29 15:44:32');

/*!40000 ALTER TABLE `memberUpdateErrors` ENABLE KEYS */;
UNLOCK TABLES;


# Dump of table memberUpdates
# ------------------------------------------------------------

DROP TABLE IF EXISTS `memberUpdates`;

CREATE TABLE `memberUpdates` (
  `MemberUpdateId` int(11) NOT NULL AUTO_INCREMENT,
  `Date` datetime NOT NULL,
  `NumberOfErrors` int(11) NOT NULL,
  `NumberOfMembersFromADA` int(11) NOT NULL,
  `NumberOfMembersSaved` int(11) NOT NULL,
  PRIMARY KEY (`MemberUpdateId`)
) ENGINE=InnoDB DEFAULT CHARSET=utf8;

LOCK TABLES `memberUpdates` WRITE;
/*!40000 ALTER TABLE `memberUpdates` DISABLE KEYS */;

INSERT INTO `memberUpdates` (`MemberUpdateId`, `Date`, `NumberOfErrors`, `NumberOfMembersFromADA`, `NumberOfMembersSaved`)
VALUES
	(1,'2013-05-29 15:44:32',357,2360,2003);

/*!40000 ALTER TABLE `memberUpdates` ENABLE KEYS */;
UNLOCK TABLES;


# Dump of table menus
# ------------------------------------------------------------

DROP TABLE IF EXISTS `menus`;

CREATE TABLE `menus` (
  `menu_id` int(11) unsigned NOT NULL AUTO_INCREMENT,
  `menu_name` varchar(30) DEFAULT NULL,
  `published` int(11) DEFAULT NULL,
  `access` int(11) DEFAULT NULL,
  PRIMARY KEY (`menu_id`)
) ENGINE=InnoDB DEFAULT CHARSET=latin1;

LOCK TABLES `menus` WRITE;
/*!40000 ALTER TABLE `menus` DISABLE KEYS */;

INSERT INTO `menus` (`menu_id`, `menu_name`, `published`, `access`)
VALUES
	(1,'Main Menu',1,1),
	(2,'Quick Menu',1,1),
	(3,'About RPG',1,1),
	(4,'Areas of Expertise',1,1),
	(6,'Nutrition Info',1,1);

/*!40000 ALTER TABLE `menus` ENABLE KEYS */;
UNLOCK TABLES;


# Dump of table navigation
# ------------------------------------------------------------

DROP TABLE IF EXISTS `navigation`;

CREATE TABLE `navigation` (
  `navigation_id` int(11) NOT NULL AUTO_INCREMENT,
  `title` varchar(60) NOT NULL,
  `parent_id` int(5) DEFAULT NULL,
  `access` int(5) DEFAULT NULL,
  `position` int(11) DEFAULT NULL,
  `published` int(2) NOT NULL DEFAULT '0',
  `link` varchar(60) DEFAULT NULL,
  `menu_id` int(11) DEFAULT NULL,
  `default_page` int(2) DEFAULT NULL,
  `type` int(11) DEFAULT NULL,
  `directLink` varchar(600) DEFAULT NULL,
  PRIMARY KEY (`navigation_id`)
) ENGINE=InnoDB DEFAULT CHARSET=latin1;

LOCK TABLES `navigation` WRITE;
/*!40000 ALTER TABLE `navigation` DISABLE KEYS */;

INSERT INTO `navigation` (`navigation_id`, `title`, `parent_id`, `access`, `position`, `published`, `link`, `menu_id`, `default_page`, `type`, `directLink`)
VALUES
	(1,'About RPG',0,4,0,1,'',1,0,1,'about-rpg'),
	(22,'Drop Down 1',3,1,0,1,'',1,0,1,'drop-down-1'),
	(23,'Drop Down 2',3,1,0,1,'',1,0,1,'drop-down-2'),
	(24,'Drop Down 3',3,1,0,1,'',1,0,1,'drop-down-3'),
	(25,'Drop Down 4',3,1,0,1,'',1,0,1,'drop-down-4'),
	(31,'Login',0,1,0,1,'#',2,0,2,'login'),
	(32,'Join',0,1,0,1,'/users/join.html',2,0,2,'join'),
	(33,'Black Ink',0,3,0,1,'/staff/login.php',2,0,2,'black-ink'),
	(37,'Contact Us',0,1,0,1,'/contact_us.html',2,0,2,'contact-us'),
	(88,'Home',0,1,7,0,'',1,1,1,'home'),
	(89,'Profile',0,2,0,0,'/profile.html',2,0,2,'profile'),
	(128,'Drop Down 5',3,1,1,1,'',1,0,1,'drop-down-5'),
	(129,'Drop down 6',3,1,1,1,'',1,0,1,'drop-down-6'),
	(130,'Archives',0,1,3,1,'/archives.html',1,0,2,'archives'),
	(132,'E-Learning',0,1,5,1,'',1,0,1,'e-learning'),
	(133,'Careers & Students',0,1,4,1,'',1,0,1,'careers-students'),
	(134,'Events',0,1,5,1,'/calendar.html',1,0,2,'events'),
	(135,'Nutrition Info',0,1,5,1,'',1,0,1,'nutrition-info'),
	(136,'Sponsors',0,1,5,1,'',1,0,1,'sponsors'),
	(137,'Store',0,1,6,1,'/store.html',1,0,2,'store'),
	(140,'RPG Executive Committee',140,1,0,1,'',3,0,1,'rpg-executive-committee'),
	(141,'Office Descriptions',140,1,0,1,'',3,0,1,'office-descriptions'),
	(142,'Member Benefits',0,1,0,1,'',3,0,1,'member-benefits'),
	(144,'Awards/Stipends',0,1,0,1,'',3,0,1,'awardsstipends'),
	(148,'RPG Board',0,1,0,1,'',3,0,1,'rpg-board'),
	(149,'Join or Renew RPG',0,1,0,1,'',3,0,1,'join-or-renew-rpg'),
	(151,'RPG Board Contact Information',148,1,0,1,'',3,0,1,'rpg-board-contact-information'),
	(152,'Public Policy',0,1,0,1,'',3,0,1,'public-policy'),
	(153,'Annual Report',0,1,0,1,'',3,0,1,'annual-report'),
	(154,'Areas of Expertise',0,1,0,1,'',1,0,1,'areas-of-expertise'),
	(155,'Pediatric',0,1,1,1,'',4,0,1,'pediatric'),
	(156,'Transplant',0,1,0,1,'',4,0,1,'transplant'),
	(157,'Acute',0,1,1,1,'',4,0,1,'acute'),
	(158,'MNT',0,1,2,1,'',4,0,1,'mnt'),
	(159,'In-Center',0,1,3,1,'',4,0,1,'in-center'),
	(160,'At Home',0,1,4,1,'',4,0,1,'at-home'),
	(161,'PD',0,1,5,1,'',4,0,1,'pd'),
	(163,'FAQs',0,1,5,1,'',1,0,1,'faqs'),
	(165,'Links & Resources',0,1,3,1,'',6,0,1,'links-resources'),
	(166,'Renal Disease Apps',0,1,5,1,'',6,0,1,'renal-disease-apps'),
	(167,'Info for Professionals',0,1,1,1,'',6,0,1,'info-for-professionals'),
	(168,'Info for Consumers',0,1,2,1,'',6,0,1,'info-for-consumers'),
	(169,'Academy Updates',0,1,4,1,'',6,0,1,'academy-updates'),
	(170,'Social Media',0,1,16,1,'',3,0,1,'social-media'),
	(171,'RPG Board',148,1,0,1,'',3,0,1,'rpg-board');

/*!40000 ALTER TABLE `navigation` ENABLE KEYS */;
UNLOCK TABLES;


# Dump of table navigationForContent
# ------------------------------------------------------------

DROP TABLE IF EXISTS `navigationForContent`;

CREATE TABLE `navigationForContent` (
  `navigation_id` int(11) NOT NULL DEFAULT '0',
  `content_id` int(11) NOT NULL,
  PRIMARY KEY (`navigation_id`),
  KEY `content_id` (`content_id`)
) ENGINE=InnoDB DEFAULT CHARSET=latin1;

LOCK TABLES `navigationForContent` WRITE;
/*!40000 ALTER TABLE `navigationForContent` DISABLE KEYS */;

INSERT INTO `navigationForContent` (`navigation_id`, `content_id`)
VALUES
	(129,1),
	(130,1),
	(24,2),
	(13,4),
	(25,4),
	(36,5),
	(115,5),
	(22,7),
	(90,8),
	(23,9),
	(88,14),
	(141,14),
	(40,15),
	(41,15),
	(140,15),
	(148,15),
	(26,16),
	(142,16),
	(1,17),
	(149,18),
	(144,19),
	(151,20),
	(152,21),
	(153,22),
	(38,23),
	(39,23),
	(99,23),
	(154,23),
	(100,24),
	(155,24),
	(107,25),
	(156,25),
	(101,26),
	(157,26),
	(158,27),
	(159,28),
	(160,29),
	(161,30),
	(163,31),
	(135,32),
	(165,33),
	(169,34),
	(167,35),
	(168,36),
	(166,37),
	(136,38),
	(171,40),
	(170,41);

/*!40000 ALTER TABLE `navigationForContent` ENABLE KEYS */;
UNLOCK TABLES;


# Dump of table news
# ------------------------------------------------------------

DROP TABLE IF EXISTS `news`;

CREATE TABLE `news` (
  `news_id` int(11) NOT NULL AUTO_INCREMENT,
  `content` text,
  `published` int(2) NOT NULL DEFAULT '0',
  `user_id` int(11) DEFAULT NULL,
  `created_on` datetime DEFAULT NULL,
  `title` varchar(60) NOT NULL,
  `access` int(5) DEFAULT NULL,
  `summary` text,
  `directLink` varchar(600) DEFAULT NULL,
  PRIMARY KEY (`news_id`)
) ENGINE=InnoDB DEFAULT CHARSET=latin1;

LOCK TABLES `news` WRITE;
/*!40000 ALTER TABLE `news` DISABLE KEYS */;

INSERT INTO `news` (`news_id`, `content`, `published`, `user_id`, `created_on`, `title`, `access`, `summary`, `directLink`)
VALUES
	(9,'<p>RPG Research, Scholarship &amp; OSA new application deadline - Feb 28 (every calendar year)</p>',1,2,'0000-00-00 00:00:00','New Deadline',1,'<p>RPG Research, Scholarship &amp; OSA new application deadline - Feb 28 (every calendar year)</p>','/news//news//news/.html.html.html'),
	(11,'<p>CSR-Specialist in Renal Exam Dates 2013 Exam Window:<br />May 6-24, 2013 and Nov 4-22, 2013</p>',1,2,'0000-00-00 00:00:00','Exam Dates',1,'<p>CSR-Specialist in Renal Exam Dates 2013 Exam Window:<br />May 6-24, 2013 and Nov 4-22, 2013</p>','/news/.html');

/*!40000 ALTER TABLE `news` ENABLE KEYS */;
UNLOCK TABLES;


# Dump of table orders
# ------------------------------------------------------------

DROP TABLE IF EXISTS `orders`;

CREATE TABLE `orders` (
  `transaction_id` bigint(200) unsigned NOT NULL,
  `authorization_id` int(200) DEFAULT NULL,
  `first_name` varchar(60) DEFAULT NULL,
  `last_name` varchar(60) DEFAULT NULL,
  `billing_address_id` int(4) DEFAULT NULL,
  `shipping_address_id` int(4) DEFAULT NULL,
  `phone_id` int(4) DEFAULT NULL,
  `email` varchar(250) DEFAULT NULL,
  `sales_tax` varchar(11) DEFAULT NULL,
  `status` tinyint(3) DEFAULT NULL,
  `tracking_number` varchar(200) DEFAULT NULL,
  `totalPrice` varchar(11) DEFAULT NULL,
  `sale_date` datetime DEFAULT NULL,
  `card_type` varchar(60) DEFAULT NULL,
  `account_number` varchar(60) DEFAULT NULL,
  `voided` tinyint(2) DEFAULT NULL,
  PRIMARY KEY (`transaction_id`)
) ENGINE=InnoDB DEFAULT CHARSET=latin1;

LOCK TABLES `orders` WRITE;
/*!40000 ALTER TABLE `orders` DISABLE KEYS */;

INSERT INTO `orders` (`transaction_id`, `authorization_id`, `first_name`, `last_name`, `billing_address_id`, `shipping_address_id`, `phone_id`, `email`, `sales_tax`, `status`, `tracking_number`, `totalPrice`, `sale_date`, `card_type`, `account_number`, `voided`)
VALUES
	(10596,0,'Carol','Allen',0,0,0,'carol.allen@davita.com','0.00',0,NULL,'236.00','2010-02-22 00:00:00','','',0),
	(10597,0,'Ann Yvonne','Andrew',0,0,0,'anniebell58@yahoo.com','0.00',0,NULL,'236.00','2010-02-22 00:00:00','','',0),
	(10598,0,'Hina','Aujla',0,0,0,'hinavirk@hotmail.com','0.00',0,NULL,'236.00','2010-02-22 00:00:00','','',0),
	(10599,0,'Sandra','Avitia',0,1,1,'saviti1@gmail.com','0.00',0,NULL,'236.00','2010-02-22 00:00:00','','',0),
	(10600,0,'Caroline','Baites',0,0,0,'baitesc@lebonheur.org','0.00',0,NULL,'236.00','2010-02-22 00:00:00','','',0),
	(10601,0,'Beth','Ballard',0,0,0,'babballard@hotmail.com','0.00',0,NULL,'236.00','2010-02-22 00:00:00','','',0),
	(10602,0,'Roseann','Barrall',0,0,0,'rbarrall@wvhcs.org','0.00',0,NULL,'236.00','2010-02-22 00:00:00','','',0),
	(10603,0,'Caroll','Belew',0,0,0,'cbelew@sjrmc.net','0.00',0,NULL,'236.00','2010-02-22 00:00:00','','',0),
	(10604,0,'Barbara','Benson',2,0,0,'bbenson8@fairview.org','0.00',0,NULL,'236.00','2010-02-22 00:00:00','','',0),
	(10605,0,'Phyllis','Benvin',0,0,0,'p.benvin@att.net','0.00',0,NULL,'236.00','2010-02-22 00:00:00','','',0),
	(10606,0,'Gretchen','Bergdolt',0,0,0,'gretchenbergdolt@yahoo.com','0.00',0,NULL,'236.00','2010-02-22 00:00:00','','',0),
	(10607,0,'Shirley','Berue',0,0,0,'asberue@verizon.net','0.00',0,NULL,'236.00','2010-02-22 00:00:00','','',0),
	(10608,0,'Mary','Bing',0,0,0,'maryellenbing@gmail.com','0.00',0,NULL,'236.00','2010-02-22 00:00:00','','',0),
	(10609,0,'Bonnie','Birnbaum',0,0,0,'bjbirnbaum@yahoo.com','0.00',0,NULL,'236.00','2010-02-22 00:00:00','','',0),
	(10610,0,'Kristin','Bitter',0,0,0,'bitter.kristin@mayo.edu','0.00',0,NULL,'236.00','2010-02-22 00:00:00','','',0),
	(10611,0,'Susan','Blomeley',0,0,0,'your.dietitian@gmail.com','0.00',0,NULL,'236.00','2010-02-22 00:00:00','','',0),
	(10612,0,'Louise','Bongiorno',3,0,0,'lbongior@nshs.edu','0.00',0,NULL,'236.00','2010-02-22 00:00:00','','',0),
	(10613,0,'Carlene','Bowen',0,0,2,'carlene.bowen@jeffersonhospital.org','0.00',0,NULL,'236.00','2010-02-22 00:00:00','','',0),
	(10614,0,'Amy','Braglia-Tarpey',0,0,0,'abraglia@svmh.com','0.00',0,NULL,'236.00','2010-02-22 00:00:00','','',0),
	(10615,0,'Jennifer','Brisken',0,0,0,'jm7angel@gmail.com','0.00',0,NULL,'236.00','2010-02-22 00:00:00','','',0),
	(10616,0,'Evelyn','Bussan',0,0,0,'ebussan@sbcglobal.net','0.00',0,NULL,'236.00','2010-02-22 00:00:00','','',0),
	(10617,0,'Joyce','Clouser',4,0,0,'jcc@charter.net','0.00',0,NULL,'236.00','2010-02-22 00:00:00','','',0),
	(10618,0,'Jane','Coke',0,0,0,'jcoke@rcnny.com','0.00',0,NULL,'236.00','2010-02-22 00:00:00','','',0),
	(10619,0,'Mary','Cullen',0,0,0,'cullenvt@gmail.com','0.00',0,NULL,'236.00','2010-02-22 00:00:00','','',0),
	(10620,0,'Karan','Dalgas',0,0,0,'kdalgas@mindspring.com','0.00',0,NULL,'236.00','2010-02-22 00:00:00','','',0),
	(10621,0,'Kimberly','Dalimonte',0,0,0,'kimberlymcbride@hotmail.com','0.00',0,NULL,'236.00','2010-02-22 00:00:00','','',0),
	(10622,0,'Robin','Davis',0,0,0,'robin.davis@dciinc.org','0.00',0,NULL,'236.00','2010-02-22 00:00:00','','',0),
	(10623,0,'Lindsay','DeSimon',0,0,0,'ladesimo@gmail.com','0.00',0,NULL,'236.00','2010-02-22 00:00:00','','',0),
	(10624,0,'Toni','DeVane',0,0,0,'toni.devane@davita.com','0.00',0,NULL,'236.00','2010-02-22 00:00:00','','',0),
	(10625,0,'Laura','Disharoon',0,0,0,'ldisharoon@gmail.com','0.00',0,NULL,'236.00','2010-02-22 00:00:00','','',0),
	(10626,0,'Nadine','Dorosa',0,0,0,'n.dorosa@comcast.net','0.00',0,NULL,'236.00','2010-02-22 00:00:00','','',0),
	(10627,0,'Christine','Drown',0,0,0,'christinedrown@verizon.net','0.00',0,NULL,'236.00','2010-02-22 00:00:00','','',0),
	(10628,0,'Jan','Dudley',0,0,0,'jan.dudley@dciinc.org','0.00',0,NULL,'69.00','2010-02-22 00:00:00','','',0),
	(10629,0,'Nancy','Duhaime',0,0,0,'nduhaime@bartletthospital.org','0.00',0,NULL,'236.00','2010-02-22 00:00:00','','',0),
	(10630,0,'Allison','Elliott-Hunt',0,0,0,'AE1055@yahoo.com','0.00',0,NULL,'69.00','2010-02-22 00:00:00','','',0),
	(10631,0,'Elizabeth','Emison',0,0,0,'ejemison@tampabay.rr.com','0.00',0,NULL,'236.00','2010-02-22 00:00:00','','',0),
	(10632,0,'Jackie','Enlund',0,0,0,'jacqueline.enlund@uhsinc.com','0.00',0,NULL,'236.00','2010-02-22 00:00:00','','',0),
	(10633,0,'Sara','Erickson',5,0,0,'sara.erickson@carolinashealthcare.org','0.00',0,NULL,'236.00','2010-02-22 00:00:00','','',0),
	(10634,0,'Janet','Evans',0,0,0,'janngrls@yahoo.com','0.00',0,NULL,'236.00','2010-02-22 00:00:00','','',0),
	(10635,0,'Jennifer','Ferguson',0,0,0,'jennifer_ferguson@chs.net','0.00',0,NULL,'69.00','2010-02-22 00:00:00','','',0),
	(10636,0,'Geri','Fink',0,0,0,'gerifink_rd@yahoo.com','0.00',0,NULL,'236.00','2010-02-22 00:00:00','','',0),
	(10637,0,'Sandra','Fishman',0,0,0,'eatwellbewell@aol.com','0.00',0,NULL,'236.00','2010-02-22 00:00:00','','',0),
	(10638,0,'Terri','Fox',0,0,0,'fox.t@ghc.org','0.00',0,NULL,'236.00','2010-02-22 00:00:00','','',0),
	(10639,0,'Valentina','Galust',6,0,0,'valentina_galust@yahoo.com','0.00',0,NULL,'236.00','2010-02-22 00:00:00','','',0),
	(10640,0,'Erin','Grande',0,0,0,'erin.grande@davita.com','0.00',0,NULL,'69.00','2010-02-22 00:00:00','','',0),
	(10641,0,'Royanne','Greenwood',0,0,0,'royanne123@yahoo.com','0.00',0,NULL,'236.00','2010-02-22 00:00:00','','',0),
	(10642,0,'Kendra','Hampton',0,0,0,'kendrafh@msn.com','0.00',0,NULL,'236.00','2010-02-22 00:00:00','','',0),
	(10643,0,'Eri ','Harada',0,0,0,'yellow11142@hotmail.com','0.00',0,NULL,'69.00','2010-02-22 00:00:00','','',0),
	(10644,0,'Miranda','Hayden',0,0,0,'miranda.hayden@renaladvantage.com','0.00',0,NULL,'236.00','2010-02-22 00:00:00','','',0),
	(10645,0,'Joanne','Heidkamp',0,0,0,'jheidkamp@gmail.com','0.00',0,NULL,'236.00','2010-02-22 00:00:00','','',0),
	(10646,0,'Theresa','Hernandez Tijerina',0,0,0,'terryhtijerina@yahoo.com','0.00',0,NULL,'236.00','2010-02-22 00:00:00','','',0),
	(10647,0,'Patricia','Hess',0,0,0,'thessrd@aol.com','0.00',0,NULL,'236.00','2010-02-22 00:00:00','','',0),
	(10648,0,'Susan','Hodge',7,0,0,'susan.hodge@coxhealth.com','0.00',0,NULL,'236.00','2010-02-22 00:00:00','','',0),
	(10649,0,'Jennie','House',8,9,3,'jlh3074@sbcglobal.net','0.00',0,NULL,'69.00','2010-02-22 00:00:00','','',0),
	(10650,0,'Barbara','Hutson',0,0,0,'barbara.hutson@coxhealth.com','0.00',0,NULL,'69.00','2010-02-22 00:00:00','','',0),
	(10651,0,'Anna','Jackson',0,0,0,'ajackson61@verizon.net','0.00',0,NULL,'236.00','2010-02-22 00:00:00','','',0),
	(10652,0,'Royce-Ann','James',0,10,4,'royceann.james@bhb.bm','0.00',0,NULL,'236.00','2010-02-22 00:00:00','','',0),
	(10653,0,'Malinda','Jordan',0,0,0,'mjordan@harbinclinic.com','0.00',0,NULL,'236.00','2010-02-22 00:00:00','','',0),
	(10654,0,'Amy','Kearns',0,0,0,'thenutritiongirl@aol.com ','0.00',0,NULL,'236.00','2010-02-22 00:00:00','','',0),
	(10655,0,'Nadiya','Lakhani',0,0,0,'lakhanin@dneph.com','0.00',0,NULL,'236.00','2010-02-22 00:00:00','','',0),
	(10656,0,'Tara','Lassila',0,0,0,'tiassila@portagehealth.org','0.00',0,NULL,'236.00','2010-02-22 00:00:00','','',0),
	(10657,0,'Nancy B.','Lee',0,0,0,'nlee1106@yahoo.com','0.00',0,NULL,'236.00','2010-02-22 00:00:00','','',0),
	(10658,0,'Virginia','Lee',0,0,0,'virginia.lee@davita.com','0.00',0,NULL,'236.00','2010-02-22 00:00:00','','',0),
	(10659,0,'Debra','Long',0,0,0,'debra.long@amedd.army.mil','0.00',0,NULL,'236.00','2010-02-22 00:00:00','','',0),
	(10660,0,'Wenda','Lovelace',0,0,0,'lovelace@wghs.org','0.00',0,NULL,'236.00','2010-02-22 00:00:00','','',0),
	(10661,0,'Dale','Lumsden',0,0,0,'dale.lumsden@davita.com','0.00',0,NULL,'236.00','2010-02-22 00:00:00','','',0),
	(10662,0,'Rachael','Majorowicz',0,0,0,'majorowicz.rachel@mayo.edu','0.00',0,NULL,'236.00','2010-02-22 00:00:00','','',0),
	(10663,0,'Nancy','Manley',0,0,0,'nmanley343@aol.com','0.00',0,NULL,'236.00','2010-02-22 00:00:00','','',0),
	(10664,0,'Bernadette','Marass',0,0,0,'bsmrd@msn.com','0.00',0,NULL,'236.00','2010-02-22 00:00:00','','',0),
	(10665,0,'Sabrina','Martinelli',0,0,0,'smartinelli@lpch.org','0.00',0,NULL,'236.00','2010-02-22 00:00:00','','',0),
	(10666,0,'Donna','Maynes',0,0,0,'donna.maynes@davita.com','0.00',0,NULL,'236.00','2010-02-22 00:00:00','','',0),
	(10667,0,'Mary','McCormack',0,0,0,'mccormack239@gmail.com','0.00',0,NULL,'236.00','2010-02-22 00:00:00','','',0),
	(10668,0,'Tamara','Morton',0,0,0,'tamara.morton@comcast.net','0.00',0,NULL,'236.00','2010-02-22 00:00:00','','',0),
	(10669,0,'Darina','Neel',0,0,0,'darina.neel@leememorial.org','0.00',0,NULL,'236.00','2010-02-22 00:00:00','','',0),
	(10670,0,'Alanna','Nimau Vigil',0,0,0,'alannanimau@yahoo.com','0.00',0,NULL,'236.00','2010-02-22 00:00:00','','',0),
	(10671,0,'Jean ','Olson',0,0,0,'jean.olson@davita.com','0.00',0,NULL,'69.00','2010-02-22 00:00:00','','',0),
	(10672,0,'Kathleen','O\'Neill',0,0,0,'oneillkm213@gmail.com','0.00',0,NULL,'236.00','2010-02-22 00:00:00','','',0),
	(10673,0,'Nancy','Osgood',0,0,0,'nancy.osgood@davita.com','0.00',0,NULL,'236.00','2010-02-22 00:00:00','','',0),
	(10674,0,'Loreen','Paiva',0,0,0,'lpaiva@cox.net','0.00',0,NULL,'236.00','2010-02-22 00:00:00','','',0),
	(10675,0,'Mary','Pauley',0,0,0,'mgprd@aol.com','0.00',0,NULL,'236.00','2010-02-22 00:00:00','','',0),
	(10676,0,'Barb','Ploenes',0,0,0,'bploenes@davita.com','0.00',0,NULL,'236.00','2010-02-22 00:00:00','','',0),
	(10677,0,'Nancy','Poon',11,0,0,'npoon@libertydialysis.com','0.00',0,NULL,'236.00','2010-02-22 00:00:00','','',0),
	(10678,0,'Stacey','Punnett',0,0,0,'punnett@hotmail.com','0.00',0,NULL,'69.00','2010-02-22 00:00:00','','',0),
	(10679,0,'Saida','Rasheed',0,0,0,'sarinarashid@hotmail.com','0.00',0,NULL,'236.00','2010-02-22 00:00:00','','',0),
	(10680,0,'Susan','Rifas',0,0,0,'sbrifas@yahoo.com','0.00',0,NULL,'236.00','2010-02-22 00:00:00','','',0),
	(10681,0,'Amy','Roark',0,0,0,'amy.roark@ngdc.com','0.00',0,NULL,'236.00','2010-02-22 00:00:00','','',0),
	(10682,0,'Andrea','Robertson',0,0,0,'andrea.clark@hsc.utah.edu','0.00',0,NULL,'236.00','2010-02-22 00:00:00','','',0),
	(10683,0,'Adrienne','Rongavilla',0,0,0,'adriennerd@gmail.com','0.00',0,NULL,'236.00','2010-02-22 00:00:00','','',0),
	(10684,0,'Sue','Roscoe',0,0,0,'skipperj200@yahoo.com','0.00',0,NULL,'236.00','2010-02-22 00:00:00','','',0),
	(10685,0,'Cathleen','Sanpei',0,0,0,'csanpei@libertydialysis.com','0.00',0,NULL,'236.00','2010-02-22 00:00:00','','',0),
	(10686,0,'Joyce','Schaefer',0,0,0,'schaefjoy@aol.com','0.00',0,NULL,'236.00','2010-02-22 00:00:00','','',0),
	(10687,0,'Dawn','Schonwetter',12,0,0,'dawnschonwetter@hotmail.com','0.00',0,NULL,'236.00','2010-02-22 00:00:00','','',0),
	(10688,0,'Rita','Scott',0,0,0,'rms1655@comcast.net','0.00',0,NULL,'236.00','2010-02-22 00:00:00','','',0),
	(10689,0,'Christine','Sheremeta',13,0,0,'csheremeta@sbcglobal.net','0.00',0,NULL,'236.00','2010-02-22 00:00:00','','',0),
	(10690,0,'Kristin','Sheridan',0,0,0,'kristinsher@aol.com','0.00',0,NULL,'69.00','2010-02-22 00:00:00','','',0),
	(10691,0,'Maryjane','Simpson',14,0,0,'rubyslip55@gmail.com','0.00',0,NULL,'236.00','2010-02-22 00:00:00','','',0),
	(10692,0,'Elizabeth','Sokal',0,0,0,'esokal@yahoo.com','0.00',0,NULL,'69.00','2010-02-22 00:00:00','','',0),
	(10693,0,'Kimberly','Sowell',0,0,0,'kholt@dsi-corp.com  ','0.00',0,NULL,'236.00','2010-02-22 00:00:00','','',0),
	(10694,0,'Nancy','Spafford',0,0,0,'nancyspafford@comcast.net','0.00',0,NULL,'236.00','2010-02-22 00:00:00','','',0),
	(10695,0,'Debra','Stanley',15,0,0,'dstanley.hdt@sbcglobal.net','0.00',0,NULL,'236.00','2010-02-22 00:00:00','','',0),
	(10696,0,'Sue','Steiner',0,0,0,'sue.steiner@dciinc.org','0.00',0,NULL,'69.00','2010-02-22 00:00:00','','',0),
	(10697,0,'Carol','Stephens',0,0,0,'carol.stephens@coxhealth.com','0.00',0,NULL,'236.00','2010-02-22 00:00:00','','',0),
	(10698,0,'Stephanie','Stephens',0,0,0,'stephanie.stephens@fmc-na.com','0.00',0,NULL,'236.00','2010-02-22 00:00:00','','',0),
	(10699,0,'Molly','Stirek',0,0,0,'mstirek@nebraskamed.com','0.00',0,NULL,'236.00','2010-02-22 00:00:00','','',0),
	(10700,0,'Joyce','Summers',0,0,0,'joyce.summers@davita.com','0.00',0,NULL,'236.00','2010-02-22 00:00:00','','',0),
	(10701,0,'Jeanna','Tachiki',0,0,0,'jtachiki@lumc.edu','0.00',0,NULL,'69.00','2010-02-22 00:00:00','','',0),
	(10702,0,'Jacqueline','Termont',0,0,0,'jackie78@earthlink.net','0.00',0,NULL,'236.00','2010-02-22 00:00:00','','',0),
	(10703,0,'Maryse','Therrien',0,0,0,'marysetherrien@cgocable.ca','0.00',0,NULL,'69.00','2010-02-22 00:00:00','','',0),
	(10704,0,'Alice','Thurau',16,0,0,'athurau@windstream.net','0.00',0,NULL,'236.00','2010-02-22 00:00:00','','',0),
	(10705,0,'Marie-Therese','Tomak',0,0,0,'terri.tomak@sparrow.org','0.00',0,NULL,'236.00','2010-02-22 00:00:00','','',0),
	(10706,0,'Lilia','Torres-Martinez',0,0,0,'ltorres@ccbhs.org','0.00',0,NULL,'69.00','2010-02-22 00:00:00','','',0),
	(10707,0,'Stacie Nachi','Tsukada',0,0,0,'hosocow@yahoo.com','0.00',0,NULL,'236.00','2010-02-22 00:00:00','','',0),
	(10708,0,'Aileen','Ueunten',17,0,0,'aueunten@libertydialysis.com','0.00',0,NULL,'236.00','2010-02-22 00:00:00','','',0),
	(10709,0,'Carl','Wallace',0,0,0,'crwallace.rd@verizon.net','0.00',0,NULL,'69.00','2010-02-22 00:00:00','','',0),
	(10710,0,'Joanne','White',0,0,0,'jwhite@jflusvi.org','0.00',0,NULL,'236.00','2010-02-22 00:00:00','','',0),
	(10711,0,'Marianne','Williams',18,0,0,'mdwilliams@geisinger.edu','0.00',0,NULL,'236.00','2010-02-22 00:00:00','','',0),
	(10712,0,'Kathleen','Wreford',19,0,0,'kpwreford@hotmail.com','0.00',0,NULL,'236.00','2010-02-22 00:00:00','','',0),
	(10713,0,'Susan','Yager',20,0,0,'semasselter@yahoo.com','0.00',0,NULL,'236.00','2010-02-22 00:00:00','','',0),
	(10715,0,'','',0,0,0,'','0.00',0,NULL,'109.00','2010-02-24 00:00:00','','',0),
	(10718,3830,'Renee','Danner-El Abbar',21,22,5,'Renee.Danner@Atlanticare.org','0.00',0,NULL,'118.00','2010-03-03 00:00:00','','',0),
	(10719,97697,'Jan','Siegel',23,24,6,'jksiegel@sbcglobal.net','0.00',0,NULL,'49.00','2010-03-03 00:00:00','','',0),
	(10720,8112,'Ginny','Womack',25,26,7,'royalgin@aol.com','0.00',0,NULL,'236.00','2010-03-03 00:00:00','','',0),
	(10721,634,'Christine','Williams',27,28,8,'christine.williams@davita.com','0.00',0,NULL,'118.00','2010-03-09 00:00:00','','',0),
	(10722,52116,'Stacey','Toews',29,30,9,'stoew@tegh.on.ca','0.00',0,NULL,'89.00','2010-03-10 00:00:00','','',0),
	(10723,152496,'Debi','Krieman',31,32,10,'debi.krieman@fmc-na.com','0.00',0,NULL,'118.00','2010-03-10 00:00:00','','',0),
	(10724,92111,'Lauren','Tomasko',33,34,11,'laurentomasko@gmail.com','0.00',0,NULL,'49.00','2010-03-10 00:00:00','','',0),
	(10725,123481,'Sarah','Neal',35,36,12,'sneal@mcg.edu','0.00',0,NULL,'89.00','2010-03-25 00:00:00','','',0),
	(10726,135523,'joanne','cooke',37,38,13,'joanne.cooke@va.gov','0.00',0,NULL,'189.00','2010-04-06 00:00:00','','',0),
	(10727,160423,'Diane','Lieberman',39,40,14,'dil9017@nyp.org','0.00',0,NULL,'189.00','2010-04-06 00:00:00','','',0),
	(10728,8344,'Marilyn','Benito',41,42,15,'marilynbenito@sbcglobal.net','0.00',0,NULL,'187.00','2010-04-08 00:00:00','','',0),
	(10729,13296,'Susan','Tanner',43,44,16,'sktanner@swmail.sw.org','0.00',0,NULL,'69.00','2010-04-13 00:00:00','','',0),
	(10730,0,'Jan','Dudley',0,0,0,'jan.dudley@dciinc.org','0.00',0,NULL,'0.00','2010-04-15 00:00:00','','',0),
	(10731,0,'Allison','Elliott-Hunt',0,0,0,'AE1055@yahoo.com','0.00',0,NULL,'0.00','2010-04-15 00:00:00','','',0),
	(10732,0,'Jennifer','Ferguson',0,0,0,'jennifer_ferguson@chs.net','0.00',0,NULL,'0.00','2010-04-15 00:00:00','','',0),
	(10733,107659,'Jean','Inman',45,46,17,'jeaninman@comcast.net','0.00',0,NULL,'189.00','2010-04-19 00:00:00','','',0),
	(10734,0,'Nancy','Jacobson',0,47,18,'robjnancyj@sbcglobal.net','0.00',0,NULL,'0.00','2010-04-19 00:00:00','','',0),
	(10735,0,'Erin','Grande',0,0,0,'erin.grande@davita.com','0.00',0,NULL,'0.00','2010-04-19 00:00:00','','',0),
	(10736,0,'Eri ','Harada',0,0,0,'yellow11142@hotmail.com','0.00',0,NULL,'0.00','2010-04-19 00:00:00','','',0),
	(10737,0,'Barbara','Hutson',0,0,0,'barbara.hutson@coxhealth.com','0.00',0,NULL,'0.00','2010-04-19 00:00:00','','',0),
	(10738,0,'Jean ','Olson',0,0,0,'jean.olson@davita.com','0.00',0,NULL,'0.00','2010-04-19 00:00:00','','',0),
	(10739,0,'Elizabeth','Sokal',0,0,0,'esokal@yahoo.com','0.00',0,NULL,'0.00','2010-04-19 00:00:00','','',0),
	(10740,0,'Kristin','Sheridan',0,0,0,'kristinsher@aol.com','0.00',0,NULL,'0.00','2010-04-19 00:00:00','','',0),
	(10741,0,'Amy','Braglia-Tarpey',0,0,0,'abraglia@svmh.com','0.00',0,NULL,'0.00','2010-04-19 00:00:00','','',0),
	(10742,0,'Stacey','Punnett',0,0,0,'punnett@hotmail.com','0.00',0,NULL,'0.00','2010-04-19 00:00:00','','',0),
	(10743,0,'Sue','Steiner',0,0,0,'sue.steiner@dciinc.org','0.00',0,NULL,'0.00','2010-04-19 00:00:00','','',0),
	(10744,0,'Lilia','Torres-Martinez',0,0,0,'ltorres@ccbhs.org','0.00',0,NULL,'0.00','2010-04-19 00:00:00','','',0),
	(10745,0,'Carl','Wallace',0,48,19,'rwallace.rd@verizon.net','0.00',0,NULL,'0.00','2010-04-19 00:00:00','','',0),
	(10746,0,'Nancy','Walker',0,49,20,'walken2@sutterhealth.org','0.00',0,NULL,'0.00','2010-04-19 00:00:00','','',0),
	(10747,301903,'Ruth','Anderson',50,51,21,'andersonruthe@gmail.com','0.00',0,NULL,'69.00','2010-04-21 00:00:00','','',0),
	(10748,0,'Joan','Hogan',0,52,22,'vegitrd@aol.com','0.00',0,NULL,'0.00','2010-04-29 00:00:00','','',0),
	(10750,0,'chihchii','Shiau',0,53,23,'amyshiau2000@yahoo.com','0.00',0,NULL,'0.00','2010-05-13 00:00:00','','',0),
	(10751,23599,'Teresa','Rodriguez',54,55,24,'tere_rodriguez47@hotmail.com','0.00',0,NULL,'189.00','2010-05-13 00:00:00','','',0),
	(10752,6755,'Meredith','Baum',56,57,25,'meredithott@hotmail.com','0.00',0,NULL,'189.00','2010-05-14 00:00:00','','',0),
	(10753,0,'Test','User',58,59,26,'test@sitestorepro.com','0.00',0,NULL,'189.00','2010-05-14 00:00:00','','',0),
	(10754,0,'Test','User',60,61,27,'test@sitestorepro.com','0.00',0,NULL,'189.00','2010-05-14 00:00:00','','',0),
	(10755,1794,'Lisa','Margo',62,63,28,'lisamargo@hotmail.com','0.00',0,NULL,'189.00','2010-05-17 00:00:00','','',0),
	(10756,17375,'Jennie','House',64,65,29,'jlh3074@sbcglobal.net','0.00',0,NULL,'69.00','2010-05-17 00:00:00','','',0),
	(10757,9488,'Annick','Collins',66,67,30,'annickcollins@yahoo.com','0.00',0,NULL,'189.00','2010-05-30 00:00:00','','',0),
	(10758,146277,'Christina','Horan',68,69,31,'tinahoran@fastmail.fm','0.00',0,NULL,'189.00','2010-06-04 00:00:00','','',0),
	(10759,1696,'Susan','Millet',70,71,32,'smillet@davita.com','0.00',0,NULL,'189.00','2010-07-16 00:00:00','','',0),
	(10760,1004,'Daisy','Salort',72,73,33,'dsalort@montefiore.org','0.00',0,NULL,'189.00','2010-07-23 00:00:00','','',0),
	(10761,2583,'Frances','Smith',74,75,34,'fksvita@cfl.rr.com','0.00',0,NULL,'189.00','2010-07-25 00:00:00','','',0),
	(10762,0,'Sally','Tyner',76,77,35,'sally.tyner@davita.com','0.00',0,NULL,'189.00','2010-08-11 00:00:00','','',0),
	(10763,2695,'Sharon','Zalemski',78,79,36,'szalemski@roadrunner.com','0.00',0,NULL,'43.95','2010-08-12 00:00:00','','',0),
	(10764,7712,'Kathleen','Madigan',80,81,37,'kmnutrifit@verizon.net','0.00',0,NULL,'43.95','2010-08-12 00:00:00','','',0),
	(10765,3455,'Shelley','Porter',82,83,38,'sporter@primecare.org','0.00',0,NULL,'13.70','2010-08-12 00:00:00','','',0),
	(10766,270,'Wendy','Stewart',84,85,39,'wlstewart1362@gmail.com','0.00',0,NULL,'13.70','2010-08-12 00:00:00','','',0),
	(10767,3505,'Barbara','Freedland',86,87,40,'bfreed550@verizon.net','0.00',0,NULL,'21.45','2010-08-15 00:00:00','','',0),
	(10768,2544,'Louise','Bongiorno',88,0,0,'lbongior@nshs.edu','0.00',0,NULL,'38.75','2010-08-16 00:00:00','','',0),
	(10769,25349,'Brenda ','Meredith',89,90,41,'brenda.meredith@centrahealth.com','0.00',0,NULL,'13.70','2010-08-17 00:00:00','','',0),
	(10770,3557,'Karen','Basinger',91,92,42,'kbase1@comcast.net','0.00',0,NULL,'21.45','2010-08-17 00:00:00','','',0),
	(10771,18184,'Marcia','Petersen',93,94,43,'peter@spencerhospital.org','0.00',0,NULL,'21.45','2010-08-18 00:00:00','','',0),
	(10772,61083,'Karen','Funderburg',95,96,44,'kfunderburg@coxinet.net','0.00',0,NULL,'29.20','2010-08-18 00:00:00','','',0),
	(10773,183883,'Donna','Garcia',97,98,45,'dgarcia@cfkc.net','0.00',0,NULL,'67.20','2010-08-19 00:00:00','','',0),
	(10774,2746,'Helen','Dorrough',99,100,46,'hdorrough@americanrenal.com','0.00',0,NULL,'67.20','2010-08-23 00:00:00','','',0),
	(10775,45490,'Chris','Baldwin',101,102,47,'cbaldwin@northernhealth.org','0.00',0,NULL,'21.45','2010-08-27 00:00:00','','',0),
	(10776,52763,'Aisha','Nix-Hughes',103,104,48,'sharon.siebert@ssfhs.org','0.00',0,NULL,'90.45','2010-08-27 00:00:00','','',0),
	(10777,2548,'Susan','Doran',105,106,49,'sd4pd@virginia.edu','0.00',0,NULL,'29.20','2010-09-02 00:00:00','','',0),
	(10778,4507,'Gwendolyn','Robinson',107,108,50,'gwen.robinson@riverregion.com','0.00',0,NULL,'21.45','2010-09-04 00:00:00','','',0),
	(10779,1582,'Louise','Bongiorno',109,110,51,'lbongior@optonline.net','0.00',0,NULL,'29.20','2010-09-13 00:00:00','','',0),
	(10780,1702,'Lisa','Margo',111,112,52,'lisamargo@hotmail.com','0.00',0,NULL,'21.45','2010-09-17 00:00:00','','',0),
	(10781,3780,'Illia','Fontanez-Cowles',113,114,53,'illia.fontanez-cowles@hcahealthcare.com','0.00',0,NULL,'7.00','2010-09-22 00:00:00','','',0),
	(10782,1596,'Sara','Erickson RD, CSR, LDN',115,116,54,'saraericksonrd@gmail.com','0.00',0,NULL,'17.59','2010-09-28 00:00:00','','',0),
	(10783,53912,'Christine','Sheremeta',117,0,0,'csheremeta@sbcglobal.net','0.00',0,NULL,'8.88','2010-09-28 00:00:00','','',0),
	(10784,164198,'Anne','Phillip',118,119,55,'anne.phillip@nychhc.org','0.00',0,NULL,'9.83','2010-09-28 00:00:00','','',0),
	(10785,1096,'Marcia','Doran',120,121,56,'mdoran@kdhcd.org','0.00',0,NULL,'17.59','2010-09-28 00:00:00','','',0),
	(10786,54915,'Emily ','Myatt ',122,123,57,'myatt.emily@gmail.com ','0.00',0,NULL,'9.83','2010-09-28 00:00:00','','',0),
	(10787,1564,'Gail','Blatz',124,125,58,'gail.blatz@aurora.org','0.00',0,NULL,'189.00','2010-09-29 00:00:00','','',0),
	(10788,5335,'April','Barron',126,127,59,'april.barron@phci.org','0.00',0,NULL,'14.83','2010-09-29 00:00:00','','',0),
	(10789,0,'Gwendolyn','Robinson',128,129,60,'gwen.robinson@riverregion.com','0.00',0,NULL,'0.00','2010-09-30 00:00:00','','',0),
	(10790,0,'Louise','Bongiorno',130,0,0,'lbongior@nshs.edu','0.00',0,NULL,'0.00','2010-09-30 00:00:00','','',0),
	(10791,0,'Helen','Dorrough',131,132,61,'hdorrough@americanrenal.com','0.00',0,NULL,'0.00','2010-09-30 00:00:00','','',0),
	(10792,0,'Aisha','Nix-Hughes',133,134,62,'sharon.siebert@ssfhs.org','0.00',0,NULL,'0.00','2010-09-30 00:00:00','','',0),
	(10793,0,'Chris','Baldwin',135,136,63,'cbaldwin@northernhealth.org','0.00',0,NULL,'0.00','2010-09-30 00:00:00','','',0),
	(10794,0,'Susan','Doran',137,138,64,'sd4pd@virginia.edu','0.00',0,NULL,'0.00','2010-09-30 00:00:00','','',0),
	(10795,2538,'Vikki','Vrem',139,140,65,'vvrem@roadrunner.com','0.00',0,NULL,'61.23','2010-10-04 00:00:00','','',0),
	(10796,441,'Beth','Coplan',141,142,66,'copey0550@aol.com','0.00',0,NULL,'13.71','2010-10-04 00:00:00','','',0),
	(10797,289671,'Marjorie','Naples',143,144,67,'mnaples44@yahoo.com','0.00',0,NULL,'69.00','2010-10-05 00:00:00','','',0),
	(10798,12015,'Courtney','Knowles',145,146,68,'cknowles1219@gmail.com','0.00',0,NULL,'19.83','2010-10-05 00:00:00','','',0),
	(10799,20,'Dianne','Esplin',147,148,69,'genealogy.mom@gmail.com','0.00',0,NULL,'5.00','2010-10-11 00:00:00','','',0),
	(10800,164845,'Anne','Phillip',149,150,70,'anne.phillip@nychhc.org','0.00',0,NULL,'5.00','2010-10-13 00:00:00','','',0),
	(10801,1436,'Renee','Holden',151,152,71,'grholden@verizon.net','0.00',0,NULL,'189.00','2010-10-14 00:00:00','','',0),
	(10802,14011,'Mary','Brown',153,154,72,'mary.brown@sacmc.com','0.00',0,NULL,'189.00','2010-10-14 00:00:00','','',0),
	(10803,0,'Aileen','Ferguson',155,156,73,'ferguson_aileen@yahoo.com','0.00',0,NULL,'5.00','2010-10-21 00:00:00','','',0),
	(10804,0,'Aileen','Ferguson',157,158,74,'ferguson_aileen@yahoo.com','0.00',0,NULL,'5.00','2010-10-21 00:00:00','','',0),
	(10805,135916,'Aileen','Ferguson',159,160,75,'ferguson_aileen@yahoo.com','0.00',0,NULL,'5.00','2010-10-21 00:00:00','','',0),
	(10806,145202,'lori','schrier',161,162,76,'gabbaiyio@aol.com','0.00',0,NULL,'189.00','2010-10-27 00:00:00','','',0),
	(10807,0,'Marjorie','Naples',163,164,77,'mnaples44@yahoo.com','0.00',0,NULL,'0.00','2010-10-27 00:00:00','','',0),
	(10808,50998,'Jeff','Rawlins',165,166,78,'jlrawlins@mvh.org','0.00',0,NULL,'14.00','2010-10-29 00:00:00','','',0),
	(10809,9593,'Bea','Brown',167,168,79,'beatrice.brown@rocketmail.com','0.00',0,NULL,'5.00','2010-11-01 00:00:00','','',0),
	(10810,0,'lori','schrier',169,170,80,'gabbaiyio@aol.com','0.00',0,NULL,'0.00','2010-11-08 00:00:00','','',0),
	(10811,22085,'Vanessa','Fahey',171,172,81,'vanessajean25@yahoo.com','0.00',0,NULL,'14.83','2010-11-11 00:00:00','','',0),
	(10812,2742,'Christine','Boutrs',173,174,82,'boutrsc@yahoo.com','0.00',0,NULL,'436.00','2010-11-23 00:00:00','','',0),
	(10813,3708,'Elizabeth','Struble',175,176,83,'tjstruble@aol.com','0.00',0,NULL,'7.00','2010-12-26 00:00:00','','',0),
	(10814,115604,'Michelle','Scranton',177,178,84,'mjacklie@hotmail.com','0.00',0,NULL,'5.00','2011-01-11 00:00:00','','',0),
	(10815,0,'Barbara Bella','Raphael',179,180,85,'jnraphael@juno.com','0.00',0,NULL,'7.00','2011-01-18 00:00:00','','',0),
	(10816,12210,'Jennifer','Beyers',181,182,86,'jenbey86@gmail.com','0.00',0,NULL,'7.00','2011-01-24 00:00:00','','',0),
	(10817,0,'','',0,0,0,'','0.00',0,NULL,'0.00','2011-01-25 00:00:00','','',0),
	(10818,373290,'Jane','Linville',183,184,87,'jlinville@selectmedicalcorp.com','0.00',0,NULL,'5.00','2011-02-02 00:00:00','','',0),
	(10819,121904,'Janet','Blum',185,186,88,'janetrblum@gmail.com','0.00',0,NULL,'5.00','2011-02-03 00:00:00','','',0),
	(10820,9735,'Greta','Olson',187,188,89,'golsonunlimited@yahoo.com','0.00',0,NULL,'10.00','2011-02-07 00:00:00','','',0),
	(10821,0,'','',0,0,0,'','0.00',0,NULL,'0.00','2011-02-08 00:00:00','','',0),
	(10822,5330,'Allyn','Evans',189,190,90,'evansa1@email.chop.edu','0.00',0,NULL,'189.00','2011-02-14 00:00:00','','',0),
	(10823,714835,'Ellis','Ryan',191,192,91,'bevellis@dodo.com.au','0.00',0,NULL,'7.00','2011-02-15 00:00:00','','',0),
	(10824,184083,'Margaret','Moran',193,194,92,'reedmoran@sbcglobal.net','0.00',0,NULL,'69.00','2011-02-19 00:00:00','','',0),
	(10825,66,'Blake','Randle',195,196,93,'berandle@memphis.edu','0.00',0,NULL,'5.00','2011-02-22 00:00:00','','',0),
	(10826,17749,'Linda','Lopez Matias',197,198,94,'linda.lopez-matias@orlandohealth.com','0.00',0,NULL,'10.00','2011-03-03 00:00:00','','',0),
	(10827,531728,'Sheryl','Hill',199,200,95,'sherylhill@tgh.org','0.00',0,NULL,'109.00','2011-03-07 00:00:00','','',0),
	(10828,159785,'Sandi','McNeil',201,202,96,'smcneil@glensfallshosp.org','0.00',0,NULL,'10.00','2011-03-11 00:00:00','','',0),
	(10829,353,'Valentina','Galust',203,0,0,'valentina_galust@yahoo.com','0.00',0,NULL,'10.00','2011-03-16 00:00:00','','',0),
	(10830,0,'Mary','McCann-Rugg',204,205,97,'maryrugg@gmail.com','0.00',0,NULL,'189.00','2011-03-21 00:00:00','','',0),
	(10831,24124,'Lauren','Bloom',206,207,98,'lbloom@sbhcs.com','0.00',0,NULL,'5.00','2011-03-24 00:00:00','','',0),
	(10832,0,'Mary','McCann-Rugg',208,209,99,'maryrugg@gmail.com','0.00',0,NULL,'0.00','2011-03-26 00:00:00','','',0),
	(10833,528,'Barbara','Freedland',210,211,100,'bfreed550@verizon.net','0.00',0,NULL,'25.00','2011-04-14 00:00:00','','',0),
	(10834,0,'Adrienne','Rongavilla',0,0,0,'adriennerd@gmail.com','0.00',0,NULL,'0.00','2011-04-15 00:00:00','','',0),
	(10835,0,'Adrienne','Rongavilla',0,0,0,'adriennerd@gmail.com','0.00',0,NULL,'0.00','2011-04-15 00:00:00','','',0),
	(10836,0,'Adrienne','Rongavilla',0,0,0,'adriennerd@gmail.com','0.00',0,NULL,'0.00','2011-04-15 00:00:00','','',0),
	(10837,0,'Adrienne','Rongavilla',0,0,0,'adriennerd@gmail.com','0.00',0,NULL,'0.00','2011-04-15 00:00:00','','',0),
	(10838,800,'Sarah','Kruger',212,213,101,'kruger_sarah@yahoo.com','0.00',0,NULL,'189.00','2011-04-25 00:00:00','','',0),
	(10839,2580,'Cathy','Akridge',214,215,102,'cmdard@gmail.com','0.00',0,NULL,'5.00','2011-05-04 00:00:00','','',0),
	(10840,9419,'Andrea','Cortellessa',216,217,103,'cortos@comcast.net','0.00',0,NULL,'189.00','2011-05-15 00:00:00','','',0),
	(10841,55088,'Janice','Newberry',218,219,104,'chuck81051@aol.com','0.00',0,NULL,'189.00','2011-05-17 00:00:00','','',0),
	(10842,814339,'Silvia','Damron',220,221,105,'silopez79@hotmail.com','0.00',0,NULL,'7.00','2011-05-21 00:00:00','','',0),
	(10843,0,'Lisa','Margo',222,223,106,'lisamargo@hotmail.com','0.00',0,NULL,'0.00','2011-05-25 00:00:00','','',0),
	(10844,0,'Lisa','Margo',224,225,107,'lisamargo@hotmail.com','0.00',0,NULL,'0.00','2011-05-25 00:00:00','','',0),
	(10845,0,'Lisa','Margo',226,227,108,'lisamargo@hotmail.com','0.00',0,NULL,'0.00','2011-05-25 00:00:00','','',0),
	(10846,0,'Lisa','Margo',228,229,109,'lisamargo@hotmail.com','0.00',0,NULL,'0.00','2011-05-25 00:00:00','','',0),
	(10847,0,'Lauren','Early',230,231,110,'lauren.early2@va.gov','0.00',0,NULL,'2.00','2011-05-26 00:00:00','','',0),
	(10848,7088,'Lauren','Early',232,233,111,'lauren.early2@va.gov','0.00',0,NULL,'2.00','2011-05-26 00:00:00','','',0),
	(10849,167396,'dalian','caraballo',234,235,112,'dalian_yamill@hotmail.com','0.00',0,NULL,'2.00','2011-05-27 00:00:00','','',0),
	(10850,182595,'susan','mcdonald',236,237,113,'sueorchid@aol.com','0.00',0,NULL,'7.00','2011-06-01 00:00:00','','',0),
	(10851,6501,'joanne ','Marzalik ',238,239,114,'dustyjo@verizon.net','0.00',0,NULL,'5.00','2011-06-13 00:00:00','','',0),
	(10852,1471,'Paula','Beer',240,241,115,'paula.d.beer@gmail.com','0.00',0,NULL,'5.00','2011-07-14 00:00:00','','',0),
	(10853,1566,'Keri','Perkins',242,243,116,'keri.perkins@dads.state.tx.us','0.00',0,NULL,'5.00','2011-07-15 00:00:00','','',0),
	(10854,2266,'Kathy','Nichols',244,245,117,'kathnichols@comcast.net','0.00',0,NULL,'5.00','2011-07-26 00:00:00','','',0),
	(10855,569860,'Nancy','Lambert',246,247,118,'diet2404@neo.rr.com','0.00',0,NULL,'5.00','2011-07-27 00:00:00','','',0),
	(10856,5527,'Vikki','Vrem',248,249,119,'vvrem@roadrunner.com','0.00',0,NULL,'5.00','2011-07-28 00:00:00','','',0),
	(10857,0,'Win Nie','Loh',250,251,120,'lwnie81@gmail.com','0.00',0,NULL,'138.00','2011-07-29 00:00:00','','',0),
	(10858,4554,'Alice','Thurau',252,0,0,'athurau@windstream.net','0.00',0,NULL,'5.00','2011-07-30 00:00:00','','',0),
	(10859,152253,'jane','valley',253,254,121,'janemvalley@yahoo.com','0.00',0,NULL,'5.00','2011-08-01 00:00:00','','',0),
	(10860,42503,'Kittie','Govreau',255,256,122,'kgovreau@srhc.com','0.00',0,NULL,'189.00','2011-08-05 00:00:00','','',0),
	(10861,36202,'Theressa','Dodson',257,258,123,'theressa.dodson@va.gov','0.00',0,NULL,'15.00','2011-08-08 00:00:00','','',0),
	(10862,195495,'Nejal','Shah',259,260,124,'nejal.shah@gmail.com','0.00',0,NULL,'7.00','2011-08-11 00:00:00','','',0),
	(10863,1611,'Maryellen','Westerberg',261,262,125,'mwesterbergjw@sbcglobal.net','0.00',0,NULL,'5.00','2011-08-18 00:00:00','','',0),
	(10864,148414,'Theresa','Jardine',263,264,126,'theresajardine@cebridge.net','0.00',0,NULL,'69.00','2011-08-27 00:00:00','','',0),
	(10865,141802,'Donna','Garcia',265,266,127,'dgarcia@cfkc.net','0.00',0,NULL,'5.00','2011-08-30 00:00:00','','',0),
	(10866,9752,'Kathleen','Madigan',267,268,128,'kmnutrifit@verizon.net','0.00',0,NULL,'5.00','2011-08-31 00:00:00','','',0),
	(10867,41606,'Shannon','Hull',269,270,129,'shannonhull@fhshealth.org','0.00',0,NULL,'189.00','2011-09-06 00:00:00','','',0),
	(10868,637899,'Shauna','Hill',271,272,130,'shaunachill@gmail.com','0.00',0,NULL,'10.00','2011-09-07 00:00:00','','',0),
	(10869,0,'Christina','Wotton',273,274,131,'czepol78@gmail.com','0.00',0,NULL,'436.00','2011-09-08 00:00:00','','',0),
	(10870,1282,'Christina','Wotton',275,276,132,'czepol78@gmail.com','0.00',0,NULL,'329.00','2011-09-12 00:00:00','','',0),
	(10871,57455,'Annie ','Yakshaw Lopez',277,278,133,'yakshaw.ann@scrippshealth.org','0.00',0,NULL,'10.00','2011-09-12 00:00:00','','',0),
	(10872,2580,'Julie','Hempfling',279,280,134,'jhdiet@hotmail.com','0.00',0,NULL,'69.00','2011-09-16 00:00:00','','',0),
	(10873,1110,'Diane','Johnson',281,282,135,'johnson.diane68@yahoo.com','0.00',0,NULL,'7.00','2011-09-17 00:00:00','','',0),
	(10874,2547,'Mary','Sawlivich',283,284,136,'mhs4628@gmail.com','0.00',0,NULL,'69.00','2011-10-01 00:00:00','','',0),
	(10875,5652,'Shelley','Porter',285,286,137,'sporter@primecare.org','0.00',0,NULL,'5.00','2011-10-05 00:00:00','','',0),
	(10876,0,'Shelley','Porter',287,288,138,'sporter@primecare.org','0.00',0,NULL,'5.00','2011-10-05 00:00:00','','',0),
	(10877,26428,'Jackie','Hankins',289,290,139,'jhankins06@comcast.net','0.00',0,NULL,'189.00','2011-10-10 00:00:00','','',0),
	(10878,53809,'Maureen ','Heilmann',291,292,140,'rmheilmann@msn.com','0.00',0,NULL,'10.00','2011-10-20 00:00:00','','',0),
	(10879,3446,'Amy','LaPierre',293,294,141,'alapierre@libertydialysis.com','0.00',0,NULL,'10.00','2011-10-20 00:00:00','','',0),
	(10880,167668,'Anne','Phillip',295,296,142,'anne.phillip@nychhc.org','0.00',0,NULL,'189.00','2011-10-24 00:00:00','','',0),
	(10881,0,'Cathy','Goeddeke-Merickel',0,297,143,'cmgmerickel@gmail.com','0.00',0,NULL,'0.00','2011-10-28 00:00:00','','',0),
	(10882,28745,'IDA','PROCO',298,299,144,'ida.proco@centrahealth.com','0.00',0,NULL,'25.00','2011-10-28 00:00:00','','',0),
	(10883,0,'Site Store Pro','Support',300,0,145,'support@sitestorepro.com','0.00',0,NULL,'30.00','2011-10-30 00:00:00','','',0),
	(10884,0,'','',0,0,0,'','0.00',0,NULL,'0.00','2011-10-30 00:00:00','','',0),
	(10885,0,'','',0,0,0,'','0.00',0,NULL,'0.00','2011-10-31 00:00:00','','',0),
	(10886,0,'','',0,0,0,'','0.00',0,NULL,'0.00','2011-10-31 00:00:00','','',0),
	(10888,0,'Cathy','Goeddeke-Merickel',0,301,146,'cmgmerickel@gmail.com','0.00',0,NULL,'0.00','2011-11-01 00:00:00','','',0),
	(10889,0,'Julie','Hempfling',302,303,147,'jhdiet@hotmail.com','0.00',0,NULL,'0.00','2011-11-02 00:00:00','','',0),
	(10890,4595,'Gayle','Smith',304,305,148,'Kimberly.Wood@orlandohealth.com','0.00',0,NULL,'10.00','2011-11-04 00:00:00','','',0),
	(10891,948325,'Marcella','McLaughlin',306,307,149,'bmclaughliniv@msn.com','0.00',0,NULL,'189.00','2011-11-06 00:00:00','','',0),
	(10892,21681,'SYBIL','FOSTER',308,309,150,'sybil@liveithealthy4life.com','0.00',0,NULL,'5.00','2011-11-06 00:00:00','','',0),
	(10893,0,'Cristina','Morales',0,310,151,' cristinaclc@comcast.net','0.00',0,NULL,'0.00','2011-11-08 00:00:00','','',0),
	(10894,0,'Marcella','McLaughlin',311,312,152,'bmclaughliniv@msn.com','0.00',0,NULL,'0.00','2011-11-09 00:00:00','','',0),
	(10895,0,'','',0,0,0,'','0.00',0,NULL,'0.00','2011-11-09 00:00:00','','',0),
	(10896,0,'Sarah','Kruger',313,314,153,'kruger_sarah@yahoo.com','0.00',0,NULL,'0.00','2011-11-15 00:00:00','','',0),
	(10897,0,'','',0,0,0,'','0.00',0,NULL,'0.00','2011-11-16 00:00:00','','',0),
	(10898,12818,'Elizabeth','Chmel',315,316,154,'elizabeth.chmel@gmail.com','0.00',0,NULL,'281.00','2011-11-20 00:00:00','','',0),
	(10899,24501,'Patrice','Buisson',317,318,155,'pmbuisson@hotmail.com','0.00',0,NULL,'189.00','2011-11-28 00:00:00','','',0),
	(10900,0,'Anne','Phillip',319,320,156,'anne.phillip@nychhc.org','0.00',0,NULL,'0.00','2011-12-12 00:00:00','','',0),
	(10901,161329,'Donna','Garcia',321,322,157,'dgarcia@cfkc.net','0.00',0,NULL,'5.00','2011-12-28 00:00:00','','',0),
	(10902,129376,'Rebecca','Barnett',323,324,158,'mbbarne@donet.com','0.00',0,NULL,'20.00','2011-12-30 00:00:00','','',0),
	(10903,2575,'Susan','Yager',325,0,0,'semasselter@yahoo.com','0.00',0,NULL,'60.00','2012-01-03 00:00:00','','',0),
	(10904,0,'Amelie','Bernard',326,327,159,'ameliedbernard@gmail.com','0.00',0,NULL,'20.00','2012-01-04 00:00:00','','',0),
	(10905,487,'Amelie','Bernard',328,329,160,'ameliedbernard@gmail.com','0.00',0,NULL,'20.00','2012-01-04 00:00:00','','',0),
	(10906,14746,'Ann','Schultz',330,331,161,'ann_schultz@hotmail.com','0.00',0,NULL,'60.00','2012-01-12 00:00:00','','',0),
	(10907,128759,'Daniela','Pagani',332,333,162,'dtoedtli@mac.com','0.00',0,NULL,'10.00','2012-01-15 00:00:00','','',0),
	(10908,1443,'Barbara','Zebrowski',334,335,163,'barbara.zebrowski@fmc-na.com','0.00',0,NULL,'5.00','2012-01-17 00:00:00','','',0),
	(10909,3544,'Patricia','Handley',336,337,164,'pat.handley@dciinc.org','0.00',0,NULL,'5.00','2012-01-17 00:00:00','','',0),
	(10910,4934,'Catherine','Harrison',338,339,165,'charrison@qdiinc.com','0.00',0,NULL,'5.00','2012-01-17 00:00:00','','',0),
	(10911,145007,'Melisa','Santillano',340,341,166,'melisa_s@hotmail.com','0.00',0,NULL,'5.00','2012-01-17 00:00:00','','',0),
	(10912,38585,'Denise','Strimel',342,343,167,'dstrimel@wrc3.com','0.00',0,NULL,'5.00','2012-01-17 00:00:00','','',0),
	(10913,204351,'Kimberly','Freeland',344,345,168,'kimbermomof3k@yahoo.com','0.00',0,NULL,'5.00','2012-01-17 00:00:00','','',0),
	(10914,9395,'Sarah','Kruger',346,347,169,'kruger_sarah@yahoo.com','0.00',0,NULL,'5.00','2012-01-17 00:00:00','','',0),
	(10915,4597,'Susan','Hodge',348,0,0,'susan.hodge@coxhealth.com','0.00',0,NULL,'5.00','2012-01-17 00:00:00','','',0),
	(10916,777115,'Gina','Mendiola',349,350,170,'gina.mendiola@davita.com','0.00',0,NULL,'5.00','2012-01-17 00:00:00','','',0),
	(10917,3960,'Jennifer','Tarantola',351,352,171,'jennifer.tarantola@fmc-na.com','0.00',0,NULL,'5.00','2012-01-17 00:00:00','','',0),
	(10918,1790,'Martha','Demaree',353,354,172,'qotfumom@yahoo.com','0.00',0,NULL,'5.00','2012-01-17 00:00:00','','',0),
	(10919,4535,'Susann','Dahlquist',355,356,173,'suzann.dahlquist@davita.com','0.00',0,NULL,'5.00','2012-01-17 00:00:00','','',0),
	(10920,141806,'Kay','Norris',357,358,174,'kay.norris@fmc-na.com','0.00',0,NULL,'5.00','2012-01-17 00:00:00','','',0),
	(10921,5599,'Julie','Dostal',359,360,175,'julie@juliedostalrd.com','0.00',0,NULL,'5.00','2012-01-17 00:00:00','','',0),
	(10922,15995,'Amy','Braglia-Tarpey',361,362,176,'ATarpey@pentechealth.com','0.00',0,NULL,'5.00','2012-01-17 00:00:00','','',0),
	(10923,47077,'stacy','kirshenbaum',363,364,177,'s.kirshenbaum@yahoo.com','0.00',0,NULL,'5.00','2012-01-17 00:00:00','','',0),
	(10924,111063,'Karan','Dalgas',365,366,178,'kdalgas@cox.net','0.00',0,NULL,'60.00','2012-01-17 00:00:00','','',0),
	(10925,5528,'Louise','Bongiorno',367,368,179,'lbongior@optonline.net','0.00',0,NULL,'10.00','2012-01-17 00:00:00','','',0),
	(10926,1792,'elizabeth','sylvester',369,370,180,'lizsylvester3@gmail.com','0.00',0,NULL,'5.00','2012-01-17 00:00:00','','',0),
	(10927,1793,'Helen','Jackson',371,372,181,'thajackson@gmail.com','0.00',0,NULL,'5.00','2012-01-17 00:00:00','','',0),
	(10928,3508,'Alice','Thurau',373,0,0,'athurau@windstream.net','0.00',0,NULL,'5.00','2012-01-17 00:00:00','','',0),
	(10929,2294,'Judith','Frank',374,375,182,'hi02jaf@aol.com','0.00',0,NULL,'5.00','2012-01-17 00:00:00','','',0),
	(10930,929399,'Sharon','Stewart',376,377,183,'alpha0172@gmail.com','0.00',0,NULL,'5.00','2012-01-17 00:00:00','','',0),
	(10931,146528,'Anne','Phillip',378,379,184,'anne.phillip@nychhc.org','0.00',0,NULL,'5.00','2012-01-17 00:00:00','','',0),
	(10932,70250,'Mary Ann','Nightingale',380,381,185,'maryann.nightingale@albertahealthservices.ca','0.00',0,NULL,'25.00','2012-01-17 00:00:00','','',0),
	(10933,71169,'Mary Ann','Nightingale',382,383,186,'maryann.nightingale@albertahealthservices.ca','0.00',0,NULL,'75.00','2012-01-17 00:00:00','','',0),
	(10934,65565,'Shelley','Porter',384,385,187,'sporter@primecare.org','0.00',0,NULL,'5.00','2012-01-18 00:00:00','','',0),
	(10935,167192,'Janelle','Currey',386,387,188,'Janelle.Currey@memorialhermann.org','0.00',0,NULL,'5.00','2012-01-18 00:00:00','','',0),
	(10936,2524,'Susan','Weiffenbach',388,389,189,'weiffs@holycrosshealth.org','0.00',0,NULL,'5.00','2012-01-18 00:00:00','','',0),
	(10937,280717,'Annelle','Tschida',390,391,190,'aktschida@yahoo.com','0.00',0,NULL,'5.00','2012-01-18 00:00:00','','',0),
	(10938,265200,'Kathleen','Bray',392,393,191,'kbrayrd@hotmail.com','0.00',0,NULL,'5.00','2012-01-18 00:00:00','','',0),
	(10939,39174,'Misty','Nason',394,395,192,'4nasons@gmail.com','0.00',0,NULL,'5.00','2012-01-18 00:00:00','','',0),
	(10940,91607,'Marianne','Campbell',396,397,193,'mariannegc@msn.com','0.00',0,NULL,'5.00','2012-01-18 00:00:00','','',0),
	(10941,94300,'Helene','Micahnik',398,399,194,'cbsimcha@yahoo.com','0.00',0,NULL,'5.00','2012-01-19 00:00:00','','',0),
	(10942,5969,'Gwendolyn','Kossick',400,401,195,'gkossick@floyd.org','0.00',0,NULL,'5.00','2012-01-19 00:00:00','','',0),
	(10943,30230,'Ann','Schultz',402,403,196,'ann_schultz@hotmail.com','0.00',0,NULL,'5.00','2012-01-19 00:00:00','','',0),
	(10944,36782,'Jennifer','Casino',404,405,197,'jennifer.casino@provena.org','0.00',0,NULL,'5.00','2012-01-19 00:00:00','','',0),
	(10945,166880,'Christine','Velsor',406,407,198,'christine.velsor@dciinc.org','0.00',0,NULL,'5.00','2012-01-19 00:00:00','','',0),
	(10946,1954,'Becky','Schaible',408,409,199,'becky.schaible@prairielakes.com','0.00',0,NULL,'5.00','2012-01-19 00:00:00','','',0),
	(10947,4083,'Aimee','Zajc',410,411,200,'shortone78@hotmail.com','0.00',0,NULL,'5.00','2012-01-19 00:00:00','','',0),
	(10948,112556,'Sarah','Everett',412,413,201,'sarah.everett@promedica.org','0.00',0,NULL,'5.00','2012-01-19 00:00:00','','',0),
	(10949,2516,'Louise','Clement',414,415,202,'louise.clement@yahoo.com','0.00',0,NULL,'5.00','2012-01-20 00:00:00','','',0),
	(10950,2023,'Dianna','Collins',416,417,203,'dianna.collins@davita.com','0.00',0,NULL,'5.00','2012-01-20 00:00:00','','',0),
	(10951,532,'Claire','Fleming',418,419,204,'claire.fleming@fmc-na.com','0.00',0,NULL,'5.00','2012-01-20 00:00:00','','',0),
	(10952,71716,'Jerrilynn','Burrowes',420,421,205,'drjdb@optonline.net','0.00',0,NULL,'5.00','2012-01-21 00:00:00','','',0),
	(10953,145,'Joanne','White',422,423,206,'JoanneWhiteRD@att.net','0.00',0,NULL,'5.00','2012-01-22 00:00:00','','',0),
	(10954,2354,'Kristi','Wempen',424,425,207,'wempen.kristi@mayo.edu','0.00',0,NULL,'5.00','2012-01-23 00:00:00','','',0),
	(10955,2324,'Heather','Merritt',426,427,208,'heather.merritt@va.gov','0.00',0,NULL,'5.00','2012-01-23 00:00:00','','',0),
	(10956,7484,'Adrianne','Sonnier',428,429,209,'adri_son@yahoo.com','0.00',0,NULL,'5.00','2012-01-23 00:00:00','','',0),
	(10957,11059,'Rebecca','Galvin',430,431,210,'foodnutrsg@aol.com','0.00',0,NULL,'5.00','2012-01-24 00:00:00','','',0),
	(10958,876,'Susan','Yager',432,0,0,'semasselter@yahoo.com','0.00',0,NULL,'5.00','2012-01-24 00:00:00','','',0),
	(10959,24975,'Sharon','Turner',433,434,211,'sharon.turner1@va.gov','0.00',0,NULL,'5.00','2012-01-24 00:00:00','','',0),
	(10960,3585,'angelina','smith',435,436,212,'a1971suman@yahoo.com','0.00',0,NULL,'5.00','2012-01-24 00:00:00','','',0),
	(10961,4569,'Mary Kay','Hensley',437,438,213,'marykayhensleyrd@netscape.net','0.00',0,NULL,'5.00','2012-01-24 00:00:00','','',0),
	(10962,17198,'Edwina ','Burge',439,440,214,'edwina.burge@fmc-na.com','0.00',0,NULL,'5.00','2012-01-24 00:00:00','','',0),
	(10963,199019,'jean','muller',441,442,215,'jean@themullers.com','0.00',0,NULL,'5.00','2012-01-24 00:00:00','','',0),
	(10964,509781,'Melissa','Ocasio',443,444,216,'mocasio@llu.edu','0.00',0,NULL,'5.00','2012-01-24 00:00:00','','',0),
	(10965,8057,'marsha','rosenthal',445,446,217,'marsha.rosenthal@fmc-na.com','0.00',0,NULL,'5.00','2012-01-24 00:00:00','','',0),
	(10966,2466,'Barbara','Benson',447,0,0,'bbenson8@fairview.org','0.00',0,NULL,'5.00','2012-01-24 00:00:00','','',0),
	(10967,517,'SUSAN','CHANDLER',448,449,218,'susan.chandler@dciinc.org','0.00',0,NULL,'5.00','2012-01-24 00:00:00','','',0),
	(10968,20968,'Susan','Bell',450,451,219,'susan.bell@fmc-na.com','0.00',0,NULL,'5.00','2012-01-24 00:00:00','','',0),
	(10969,647787,'Jennifer','Smart',452,453,220,'jennmckinley@yahoo.com','0.00',0,NULL,'5.00','2012-01-24 00:00:00','','',0),
	(10970,81514,'Jennifer','Beyers',454,455,221,'jenbey86@gmail.com','0.00',0,NULL,'5.00','2012-01-24 00:00:00','','',0),
	(10971,126986,'Michelle Erin ','Manzanares',456,457,222,'michellemanzanares@hotmail.com','0.00',0,NULL,'5.00','2012-01-24 00:00:00','','',0),
	(10972,43717,'Alicia','Frenz',458,459,223,'alicia.frenz@davita.com','0.00',0,NULL,'7.00','2012-01-24 00:00:00','','',0),
	(10973,8144,'Lesley','Phillip',460,461,224,'lesley.phillip@gmail.com','0.00',0,NULL,'5.00','2012-01-24 00:00:00','','',0),
	(10974,4564,'Susan','Kovy',462,463,225,'sue.kovy@fmc-na.com','0.00',0,NULL,'5.00','2012-01-24 00:00:00','','',0),
	(10975,1541,'Ann','Lipowski',464,465,226,'alipowski@beaumont.edu','0.00',0,NULL,'5.00','2012-01-24 00:00:00','','',0),
	(10976,108710,'Patricia','Barba',466,467,227,'pattibarba@gmail.com','0.00',0,NULL,'5.00','2012-01-24 00:00:00','','',0),
	(10977,3276,'Pearl','Schachner',468,469,228,'PearlSch@Verizon.net','0.00',0,NULL,'5.00','2012-01-24 00:00:00','','',0),
	(10978,122361,'Linda','Hughey',470,471,229,'linda.b.hughey@gmail.com','0.00',0,NULL,'5.00','2012-01-24 00:00:00','','',0),
	(10979,11326,'Maria','Karalis',472,473,230,'mariakaralis@yahoo.com','0.00',0,NULL,'5.00','2012-01-24 00:00:00','','',0),
	(10980,2513,'Rebecca','Bradley',474,475,231,'rpbrad@myfairpoint.net','0.00',0,NULL,'5.00','2012-01-25 00:00:00','','',0),
	(10981,3402,'Jane','Roth',476,477,232,'jjwindow@sbcglobal.net','0.00',0,NULL,'5.00','2012-01-25 00:00:00','','',0),
	(10982,238816,'Marcia','Petersen',478,479,233,'mpetersen@spencerhospital.org','0.00',0,NULL,'5.00','2012-01-25 00:00:00','','',0),
	(10983,1134,'Mary Ellen','Brabec',480,481,234,'mebrabec@sbcglobal.net','0.00',0,NULL,'5.00','2012-01-25 00:00:00','','',0),
	(10984,2549,'Emma','Montgomery',482,483,235,'emmamtgy@gmail.com','0.00',0,NULL,'5.00','2012-01-25 00:00:00','','',0),
	(10985,5292,'preety','Rajbhandari',484,485,236,'preety.rajbhandari@davita.com','0.00',0,NULL,'5.00','2012-01-25 00:00:00','','',0),
	(10986,5563,'Bette ','Ward',486,487,237,'bette.ward@fmc-na.com','0.00',0,NULL,'5.00','2012-01-25 00:00:00','','',0),
	(10987,24643,'Marissa','Claiborne',488,489,238,'marissaclaiborne@fhshealth.org','0.00',0,NULL,'5.00','2012-01-25 00:00:00','','',0),
	(10988,2539,'Carol','Francis-Jubert',490,491,239,'c.francisjubert@gmail.com','0.00',0,NULL,'5.00','2012-01-25 00:00:00','','',0),
	(10989,5570,'Theresa','Averbeck',492,493,240,'TheresaAverbeck@ckcdialysis.com','0.00',0,NULL,'5.00','2012-01-25 00:00:00','','',0),
	(10990,2511,'Deborah','Cantaral',494,495,241,'kcsdcantaral@yahoo.com','0.00',0,NULL,'5.00','2012-01-25 00:00:00','','',0),
	(10991,25933,'Nancy','Bybee',496,497,242,'nbybee@libertydialysis.com','0.00',0,NULL,'5.00','2012-01-25 00:00:00','','',0),
	(10992,696387,'Soudabeh','Erfanfar',498,499,243,'nutripro20@yahoo.com','0.00',0,NULL,'60.00','2012-01-25 00:00:00','','',0),
	(10993,3114,'Lynne','Schonder',500,501,244,'1lks@sbcglobal.net','0.00',0,NULL,'5.00','2012-01-25 00:00:00','','',0),
	(10994,1475,'Cynthia','Cunningham',502,503,245,'cindy.cunningham@utsouthwestern.edu','0.00',0,NULL,'5.00','2012-01-26 00:00:00','','',0),
	(10995,30163,'Jill','Henry',504,505,246,'henry.jill@mayo.edu','0.00',0,NULL,'5.00','2012-01-26 00:00:00','','',0),
	(10996,6800,'Ann','Drake',506,507,247,'drakekracaw@sbcglobal.net','0.00',0,NULL,'5.00','2012-01-26 00:00:00','','',0),
	(10997,40180,'Pamela','Sweeney',508,509,248,'pamela.s.sweeney@fmc-na.com','0.00',0,NULL,'5.00','2012-01-26 00:00:00','','',0),
	(10998,21914,'Theresa','Anderson',510,511,249,'theresaaa@msn.com','0.00',0,NULL,'5.00','2012-01-26 00:00:00','','',0),
	(10999,324,'Karen','Kurtz',512,513,250,'kkurtz@americanrenal.com','0.00',0,NULL,'5.00','2012-01-26 00:00:00','','',0),
	(11000,140408,'Kelly','Duncombe',514,515,251,'kelly.duncombe@fmc-na.com','0.00',0,NULL,'5.00','2012-01-26 00:00:00','','',0),
	(11001,2581,'Amy','Myrtue Nelson',516,517,252,'amyrtue@comcast.net','0.00',0,NULL,'5.00','2012-01-26 00:00:00','','',0),
	(11002,107812,'Dawn','Schonwetter',518,0,0,'dawnschonwetter@hotmail.com','0.00',0,NULL,'5.00','2012-01-26 00:00:00','','',0),
	(11003,5707,'Debra','Jakalow',519,520,253,'Debra.Jakalow@gmail.com','0.00',0,NULL,'5.00','2012-01-27 00:00:00','','',0),
	(11004,1037,'Tanya','Bowden',521,522,254,'tbowden@bransondialysis.com','0.00',0,NULL,'65.00','2012-01-27 00:00:00','','',0),
	(11005,562762,'margarita','Wilson',523,524,255,'margaritawilson@hotmail.com','0.00',0,NULL,'5.00','2012-01-27 00:00:00','','',0),
	(11006,717994,'Becky','Caldwell',525,526,256,'caldwell.2005@hotmail.com','0.00',0,NULL,'7.00','2012-01-30 00:00:00','','',0),
	(11007,2025,'Jane','Snyder',527,528,257,'jsnyder_rdld@hotmail.com','0.00',0,NULL,'5.00','2012-01-30 00:00:00','','',0),
	(11008,270511,'Nancy','Perry',529,530,258,'njperry.weaver@verizon.net','0.00',0,NULL,'5.00','2012-01-31 00:00:00','','',0),
	(11009,165285,'Dorothy','Galatz',531,532,259,'dgalatz@dsi-corp.com','0.00',0,NULL,'5.00','2012-01-31 00:00:00','','',0),
	(11010,4405,'Trisha','Fuhrman',533,534,260,'nutrisha50@earthlink.net','0.00',0,NULL,'5.00','2012-01-31 00:00:00','','',0),
	(11011,4541,'Maryjane','Simpson',535,0,0,'rubyslip55@gmail.com','0.00',0,NULL,'5.00','2012-01-31 00:00:00','','',0),
	(11012,719745,'Christine','Sheremeta',536,537,261,'csheremeta@vhsemichigan.com','0.00',0,NULL,'5.00','2012-01-31 00:00:00','','',0),
	(11013,607972,'Mona','Therrien',538,539,262,'mtherrien@emh.org','0.00',0,NULL,'5.00','2012-01-31 00:00:00','','',0),
	(11014,426565,'Rachael','Majorowicz',540,541,263,'rraesoph@gmail.com','0.00',0,NULL,'5.00','2012-01-31 00:00:00','','',0),
	(11015,8881,'Della','Flanagan',542,543,264,'dflanaga@crhc.org','0.00',0,NULL,'5.00','2012-01-31 00:00:00','','',0),
	(11016,555610,'lynn','remington',544,545,265,'lynn.remington@dciinc.org','0.00',0,NULL,'5.00','2012-01-31 00:00:00','','',0),
	(11017,3168,'Madelyn','Koontz',546,547,266,'madkoontz@yahoo.com','0.00',0,NULL,'5.00','2012-01-31 00:00:00','','',0),
	(11018,83614,'ginger','sorensen',548,549,267,'ginger.sorensen@shermanhospital.org','0.00',0,NULL,'5.00','2012-01-31 00:00:00','','',0),
	(11019,31172,'Susan','Doran',550,551,268,'sdoran002@aol.com','0.00',0,NULL,'5.00','2012-01-31 00:00:00','','',0),
	(11020,638413,'Thelma','Baker',552,553,269,'tbaker@howard.edu','0.00',0,NULL,'5.00','2012-01-31 00:00:00','','',0),
	(11021,4516,'Ann','Abbott',554,555,270,'aabbott@davita.com','0.00',0,NULL,'5.00','2012-01-31 00:00:00','','',0),
	(11022,3136,'Nancy','Walters',556,557,271,'ngwaltrdld@aol.com','0.00',0,NULL,'5.00','2012-01-31 00:00:00','','',0),
	(11023,566375,'Carina','DiNapoli',558,559,272,'carina.dinapoli@fmc-na.com','0.00',0,NULL,'5.00','2012-01-31 00:00:00','','',0),
	(11024,1142,'sandra','zeznanski',560,561,273,'sandra.zeznanski@sbcglobal.net','0.00',0,NULL,'5.00','2012-01-31 00:00:00','','',0),
	(11025,9350,'Gayle','Booth',562,563,274,'gayleobooth@gmail.com','0.00',0,NULL,'5.00','2012-01-31 00:00:00','','',0),
	(11026,3576,'Nancy','Poon',564,0,0,'npoon@libertydialysis.com','0.00',0,NULL,'5.00','2012-01-31 00:00:00','','',0),
	(11027,6632,'Aileen','Ueunten',565,0,0,'aueunten@libertydialysis.com','0.00',0,NULL,'5.00','2012-01-31 00:00:00','','',0),
	(11028,663,'M ','Gregory',566,567,275,'plencner_mn@hotmail.com','0.00',0,NULL,'5.00','2012-01-31 00:00:00','','',0),
	(11029,0,'Marianne','Williams',568,0,0,'mdwilliams@geisinger.edu','0.00',0,NULL,'5.00','2012-02-01 00:00:00','','',0),
	(11030,0,'Joan','Plice',569,570,276,'gplice@sbcglobal.net','0.00',0,NULL,'5.00','2012-02-01 00:00:00','','',0),
	(11031,149,'Joan','Plice',571,572,277,'gplice@sbcglobal.net','0.00',0,NULL,'5.00','2012-02-01 00:00:00','','',0),
	(11032,0,'Kim','Hornacek',573,574,278,'khornacek@mhc.net','0.00',0,NULL,'5.00','2012-02-01 00:00:00','','',0),
	(11033,0,'Kim','Hornacek',575,576,279,'khornacek@mhc.net','0.00',0,NULL,'5.00','2012-02-01 00:00:00','','',0),
	(11034,5530,'Kim','Hornacek',577,578,280,'khornacek@mhc.net','0.00',0,NULL,'5.00','2012-02-01 00:00:00','','',0),
	(11035,4599,'Lisa','Sorn',579,580,281,'lisa.sorn@dciinc.org','0.00',0,NULL,'5.00','2012-02-01 00:00:00','','',0),
	(11036,80108,'Abby','West',581,582,282,'abby.west@state.sd.us','0.00',0,NULL,'5.00','2012-02-01 00:00:00','','',0),
	(11037,10437,'vicki','Clark',583,584,283,'vicki.clark@sjmc.org','0.00',0,NULL,'5.00','2012-02-01 00:00:00','','',0),
	(11038,109028,'Suzanne','Pike',585,586,284,'dietpro43@aol.com','0.00',0,NULL,'5.00','2012-02-01 00:00:00','','',0),
	(11039,120,'Joann','Gruner',587,588,285,'joann_gruner@owens.edu','0.00',0,NULL,'5.00','2012-02-01 00:00:00','','',0),
	(11040,163831,'Marcia','Lester',589,590,286,'moosha1955@yahoo.com','0.00',0,NULL,'5.00','2012-02-01 00:00:00','','',0),
	(11041,200607,'rita','solomon-dimmitt',591,592,287,'rsdimmitt@comcast.net','0.00',0,NULL,'5.00','2012-02-01 00:00:00','','',0),
	(11042,126589,'Debra','Stanley',593,0,0,'dstanley.hdt@sbcglobal.net','0.00',0,NULL,'5.00','2012-02-01 00:00:00','','',0),
	(11043,9029,'Ann','Allison',594,595,288,'aca9t@virginia.edu','0.00',0,NULL,'5.00','2012-02-01 00:00:00','','',0),
	(11044,64222,'Victoria','Weinfeld',596,597,289,'mashaweinfeld@gmail.com','0.00',0,NULL,'5.00','2012-02-01 00:00:00','','',0),
	(11045,73198,'Theresa','Kuracina',598,599,290,'takuracina@comcast.net','0.00',0,NULL,'5.00','2012-02-02 00:00:00','','',0),
	(11046,394450,'Jean','Hartl',600,601,291,'jean.hartl@sanfordhealth.org','0.00',0,NULL,'5.00','2012-02-02 00:00:00','','',0),
	(11047,8080,'Mary Ellen','DiMatteo',602,603,292,'maryellen.dimatteo@kindredhealthcare.com','0.00',0,NULL,'5.00','2012-02-02 00:00:00','','',0),
	(11048,129183,'Vidyut','Lingamneni',604,605,293,'Vidyut_lingamneni@yahoo.com','0.00',0,NULL,'5.00','2012-02-02 00:00:00','','',0),
	(11049,93370,'Mori','Watson',606,607,294,'mori.watson@gmail.com','0.00',0,NULL,'5.00','2012-02-02 00:00:00','','',0),
	(11050,4508,'Janet','Garnett',608,609,295,'jgarnett@capitalhealth.org','0.00',0,NULL,'50.00','2012-02-02 00:00:00','','',0),
	(11051,373923,'Madeline','Patterson-O\'Dell',610,611,296,'madeline.patterson-o\'dell@fmc-na.com','0.00',0,NULL,'5.00','2012-02-02 00:00:00','','',0),
	(11052,99134,'Mary','Schumaci',612,613,297,'mschuma1@mvnhealth.com','0.00',0,NULL,'5.00','2012-02-02 00:00:00','','',0),
	(11053,52326,'Caroline','Hamatake',614,615,298,'ckhamatake@hawaii.rr.com','0.00',0,NULL,'5.00','2012-02-02 00:00:00','','',0),
	(11054,540298,'Soudabeh','Erfanfar',616,617,299,'nutripro20@yahoo.com','0.00',0,NULL,'5.00','2012-02-02 00:00:00','','',0),
	(11055,5617,'Marlene','Kramer',618,619,300,'marlenekramer@embarqmail.com','0.00',0,NULL,'5.00','2012-02-05 00:00:00','','',0),
	(11056,541,'Soudabeh','Erfanfar',620,621,301,'nutripro20@yahoo.com','0.00',0,NULL,'50.00','2012-02-05 00:00:00','','',0),
	(11057,128996,'Zarina ','Schiffler',622,623,302,'zschiffler1@si.rr.com','0.00',0,NULL,'5.00','2012-02-05 00:00:00','','',0),
	(11058,130455,'stacey','littlepage-titus',624,625,303,'slittlepagerd@hotmail.com','0.00',0,NULL,'5.00','2012-02-06 00:00:00','','',0),
	(11059,2168,'KAren','Greathouse',626,627,304,'greatbighouse4@yahoo.com','0.00',0,NULL,'5.00','2012-02-06 00:00:00','','',0),
	(11060,0,'Leah','Bennett',628,629,305,'ljt7lb@bellsouth.net','0.00',0,NULL,'5.00','2012-02-06 00:00:00','','',0),
	(11061,2221,'Leah','Bennett',630,631,306,'ljt7lb@bellsouth.net','0.00',0,NULL,'5.00','2012-02-06 00:00:00','','',0),
	(11062,1526,'Sara','Erickson',632,0,0,'sara.erickson@carolinashealthcare.org','0.00',0,NULL,'5.00','2012-02-06 00:00:00','','',0),
	(11063,4644,'Christina','Lund',633,634,307,'clundrd@gmail.com','0.00',0,NULL,'5.00','2012-02-06 00:00:00','','',0),
	(11064,683917,'frances','graczyk',635,636,308,'fcgraczyk@novanthealth.org','0.00',0,NULL,'5.00','2012-02-06 00:00:00','','',0),
	(11065,741889,'Susan','Kober',637,638,309,'mskober7242004@yahoo.com','0.00',0,NULL,'5.00','2012-02-06 00:00:00','','',0),
	(11066,162014,'Melissa','Prest',639,640,310,'melissa.rdld@gmail.com','0.00',0,NULL,'5.00','2012-02-07 00:00:00','','',0),
	(11067,630344,'Joyce','Ezaki-Yamaguchi',641,642,311,'jezaki-yamaguchi@communitymedical.org','0.00',0,NULL,'5.00','2012-02-08 00:00:00','','',0),
	(11068,149823,'Theresa','Churillo',643,644,312,'tmo4c@virginia.edu','0.00',0,NULL,'5.00','2012-02-08 00:00:00','','',0),
	(11069,195025,'kristen','woodruff',645,646,313,'kmwoodruff@freemanhealth.com','0.00',0,NULL,'5.00','2012-02-08 00:00:00','','',0),
	(11070,9240,'chris','swatsenbarg',647,648,314,'chris.swatsenbarg@hsc.utah.edu','0.00',0,NULL,'5.00','2012-02-08 00:00:00','','',0),
	(11071,311001,'jean','muller',649,650,315,'jean@themullers.com','0.00',0,NULL,'40.00','2012-02-08 00:00:00','','',0),
	(11073,102489,'shalini','sanil',651,652,316,'shalinisanil@hotmail.com','0.00',0,NULL,'50.00','2012-02-13 00:00:00','','',0),
	(11074,1499,'Barbara','Dromazos',653,654,317,'bdromazos@gmail.com','0.00',0,NULL,'20.00','2012-02-14 00:00:00','','',0),
	(11076,147247,'Patricia','Barba',655,656,318,'pattibarba@gmail.com','0.00',0,NULL,'50.00','2012-02-18 00:00:00','','',0),
	(11083,0,'Theresa','Averbeck',657,658,319,'TheresaAverbeck@ckcdialysis.com','0.00',0,NULL,'20.00','2012-02-27 00:00:00','','',0),
	(11084,3553,'Cheryl','Hathaway',659,660,320,'cherasmile@verizon.net','0.00',0,NULL,'50.00','2012-02-28 00:00:00','','',0),
	(11085,5582,'Maureen','Cartoon',661,662,321,'maureen.cartoon@mindspring.com','0.00',0,NULL,'5.00','2012-02-28 00:00:00','','',0),
	(11086,2872,'Alicia','Walter',663,664,322,'alicia.walter@baystatehealth.org','0.00',0,NULL,'50.00','2012-02-28 00:00:00','','',0),
	(11087,13649,'Jessica','Ondell',665,666,323,'larosajessica@gmail.com','0.00',0,NULL,'50.00','2012-03-01 00:00:00','','',0),
	(11088,5514,'Lindsey','Zirker',667,668,324,'lzirker@libertydialysis.com','0.00',0,NULL,'50.00','2012-03-01 00:00:00','','',0),
	(11089,3532,'Deborah','Solomon',669,670,325,'solomon@bright.net','0.00',0,NULL,'50.00','2012-03-03 00:00:00','','',0),
	(11091,0,'','',0,0,0,'','0.00',0,NULL,'0.00','2012-03-05 00:00:00','','',0),
	(11092,0,'','',0,0,0,'','0.00',0,NULL,'0.00','2012-03-05 00:00:00','','',0),
	(11093,2841,'Sara','Zerba',671,672,326,'zerbasar@hotmail.com','0.00',0,NULL,'90.00','2012-03-06 00:00:00','','',0),
	(11094,0,'Lindsey','Zirker',673,674,327,'lzirker@libertydialysis.com','0.00',0,NULL,'0.00','2012-03-08 00:00:00','','',0),
	(11095,898,'Lorraine','Hanna',675,676,328,'lorraine.hanna@sanfordhealth.org','0.00',0,NULL,'10.00','2012-03-08 00:00:00','','',0),
	(11096,98431,'Koo','Lee',677,678,329,'koomyung1213@gmail.com','0.00',0,NULL,'5.00','2012-03-13 00:00:00','','',0),
	(11097,0,'Sara','Zerba',679,680,330,'zerbasar@hotmail.com','0.00',0,NULL,'0.00','2012-03-13 00:00:00','','',0),
	(11098,4522,'Jill','Sher',681,682,331,'jilliep75@verizon.net','0.00',0,NULL,'30.00','2012-03-15 00:00:00','','',0),
	(11099,0,'','',0,0,0,'','0.00',0,NULL,'0.00','2012-03-17 00:00:00','','',0),
	(11100,3538,'Ann','Lipowski',683,684,332,'alipowski@beaumont.edu','0.00',0,NULL,'10.00','2012-03-21 00:00:00','','',0),
	(11101,99098,'Dawn','Mulkern',685,686,333,'dawn.mulkern@fmc-na.com','0.00',0,NULL,'10.00','2012-03-21 00:00:00','','',0),
	(11102,8183,'Susan','Yager',687,0,0,'semasselter@yahoo.com','0.00',0,NULL,'10.00','2012-03-21 00:00:00','','',0),
	(11103,4994,'sandra','zeznanski',688,689,334,'sandra.zeznanski@sbcglobal.net','0.00',0,NULL,'10.00','2012-03-21 00:00:00','','',0),
	(11104,3564,'Alice','Thurau',690,0,0,'athurau@windstream.net','0.00',0,NULL,'10.00','2012-03-21 00:00:00','','',0),
	(11105,66007,'Shelley','Porter',691,692,335,'sporter@primecare.org','0.00',0,NULL,'10.00','2012-03-22 00:00:00','','',0),
	(11106,14584,'Mori','Watson',693,694,336,'mori.watson@gmail.com','0.00',0,NULL,'50.00','2012-03-22 00:00:00','','',0),
	(11107,527,'Mary Ellen','Brabec',695,696,337,'mebrabec@sbcglobal.net','0.00',0,NULL,'10.00','2012-03-22 00:00:00','','',0),
	(11108,0,'Patricia','Barba',697,698,338,'pattibarba@gmail.com','0.00',0,NULL,'0.00','2012-03-23 00:00:00','','',0),
	(11109,754319,'Nancy','Perry',699,700,339,'njperry.weaver@verizon.net','0.00',0,NULL,'10.00','2012-03-24 00:00:00','','',0),
	(11110,20659,'Rebecca','Galvin',701,702,340,'foodnutrsg@aol.com','0.00',0,NULL,'10.00','2012-03-26 00:00:00','','',0),
	(11111,0,'SYBIL','FOSTER',703,704,341,'sybil@liveithealthy4life.com','0.00',0,NULL,'0.00','2012-03-26 00:00:00','','',0),
	(11112,132665,'Katie','Blumhorst',705,706,342,'katie.blumhorst@gmail.com','0.00',0,NULL,'10.00','2012-03-27 00:00:00','','',0),
	(11113,7495,'Karen','Funderburg',707,708,343,'kfunderburg@coxinet.net','0.00',0,NULL,'7.00','2012-03-29 00:00:00','','',0),
	(11114,0,'Janet','Garnett',709,710,344,'jgarnett@capitalhealth.org','0.00',0,NULL,'0.00','2012-03-30 00:00:00','','',0),
	(11115,3060,'Nancy','Walters',711,712,345,'ngwaltrdld@aol.com','0.00',0,NULL,'10.00','2012-03-30 00:00:00','','',0),
	(11116,3971,'Pam','Brisky',713,714,346,'pbrisky@georgiahealth.edu','0.00',0,NULL,'25.00','2012-04-02 00:00:00','','',0),
	(11117,358754,'Merrili','O\'Neal',715,716,347,'merrilio@att.net','0.00',0,NULL,'10.00','2012-04-03 00:00:00','','',0),
	(11118,523793,'Merrili','O\'Neal',717,718,348,'merrilio@att.net','0.00',0,NULL,'5.00','2012-04-03 00:00:00','','',0),
	(11119,164923,'Jessica','Prohn',719,720,349,'jessicaprohn.rd@gmail.com','0.00',0,NULL,'10.00','2012-04-03 00:00:00','','',0),
	(11120,67711,'stacy','kirshenbaum',721,722,350,'s.kirshenbaum@yahoo.com','0.00',0,NULL,'10.00','2012-04-03 00:00:00','','',0),
	(11121,102390,'Melissa','Prest',723,724,351,'melissa.rdld@yahoo.com','0.00',0,NULL,'10.00','2012-04-03 00:00:00','','',0),
	(11122,0,'Mary','McCann-Rugg',725,726,352,'maryrugg@gmail.com','0.00',0,NULL,'10.00','2012-04-03 00:00:00','','',0),
	(11123,144607,'Christi','Bailey',727,728,353,'cbarrientos379@gmail.com','0.00',0,NULL,'15.00','2012-04-03 00:00:00','','',0),
	(11124,3525,'Susan','Kovy',729,730,354,'sue.kovy@fmc-na.com','0.00',0,NULL,'10.00','2012-04-03 00:00:00','','',0),
	(11125,3532,'Rachael','Majorowicz',731,732,355,'rraesoph@gmail.com','0.00',0,NULL,'10.00','2012-04-03 00:00:00','','',0),
	(11126,59541,'Joyce','Clouser',733,0,0,'jcc@charter.net','0.00',0,NULL,'10.00','2012-04-03 00:00:00','','',0),
	(11127,356,'Celeste','Finch',734,735,356,'celestefinch21@gmail.com','0.00',0,NULL,'10.00','2012-04-03 00:00:00','','',0),
	(11128,45321,'Edwina','Forrest',736,737,357,'edwinaforrest@gmail.com','0.00',0,NULL,'10.00','2012-04-04 00:00:00','','',0),
	(11129,122400,'Pamela','Walsh',738,739,358,'pamela_walsh@trihealth.com','0.00',0,NULL,'10.00','2012-04-04 00:00:00','','',0),
	(11130,187773,'Michelle','Monastra',740,741,359,'michellemonastra@ymail.com','0.00',0,NULL,'10.00','2012-04-04 00:00:00','','',0),
	(11131,100624,'Mary ','Lemm Davis',742,743,360,'mary.davis@davita.com','0.00',0,NULL,'10.00','2012-04-04 00:00:00','','',0),
	(11132,781030,'Sharon','Stewart',744,745,361,'alpha0172@gmail.com','0.00',0,NULL,'15.00','2012-04-05 00:00:00','','',0),
	(11133,4558,'Susann','Dahlquist',746,747,362,'suzann.dahlquist@davita.com','0.00',0,NULL,'10.00','2012-04-05 00:00:00','','',0),
	(11134,79270,'margarita','Wilson',748,749,363,'margaritawilson@hotmail.com','0.00',0,NULL,'10.00','2012-04-06 00:00:00','','',0),
	(11135,5525,'melanie','hobson',750,751,364,'shawnsgn@optonline.net','0.00',0,NULL,'50.00','2012-04-06 00:00:00','','',0),
	(11136,144660,'Debra','Stanley',752,753,365,'debbostan@gmail.com','0.00',0,NULL,'10.00','2012-04-06 00:00:00','','',0),
	(11137,361035,'jean','muller',754,755,366,'jean.muller@genzyme.com','0.00',0,NULL,'50.00','2012-04-08 00:00:00','','',0),
	(11138,515657,'frances','graczyk',756,757,367,'fcgraczyk@novanthealth.org','0.00',0,NULL,'10.00','2012-04-09 00:00:00','','',0),
	(11139,0,'Kathy','Nichols',758,759,368,'kathnichols@comcast.net','0.00',0,NULL,'10.00','2012-04-09 00:00:00','','',0),
	(11140,78380,'Barbara','Edgar',760,761,369,'bedgar@gamewood.net','0.00',0,NULL,'10.00','2012-04-09 00:00:00','','',0),
	(11141,2548,'Susan','Weiffenbach',762,763,370,'sueweif@comcast.net','0.00',0,NULL,'10.00','2012-04-09 00:00:00','','',0),
	(11142,872171,'Kimberly','Freeland',764,765,371,'kimberly.freeland@renaladvantage.com','0.00',0,NULL,'10.00','2012-04-10 00:00:00','','',0),
	(11143,0,'Sheri','Dubinsky',766,767,372,'Happycamper14@aol.com','0.00',0,NULL,'10.00','2012-04-10 00:00:00','','',0),
	(11144,662400,'Sharon','Stewart',768,769,373,'alpha0172@gmail.com','0.00',0,NULL,'10.00','2012-04-10 00:00:00','','',0),
	(11145,793436,'Jane','Schuster RD CDE',770,771,374,'Jschuste@lhs.org','0.00',0,NULL,'14.00','2012-04-10 00:00:00','','',0),
	(11146,1008,'Rita','Frank',772,773,375,'ritafrankrd@yahoo.com','0.00',0,NULL,'10.00','2012-04-10 00:00:00','','',0),
	(11147,2880,'Sharon','Gowing MS,RD,LD',774,775,376,'sgowing@suddenlink.net','0.00',0,NULL,'10.00','2012-04-10 00:00:00','','',0),
	(11148,40456,'Sharon','Gowing MS,RD,LD',776,777,377,'sgowing@suddenlink.net','0.00',0,NULL,'5.00','2012-04-10 00:00:00','','',0),
	(11149,1173,'Barbara','McCulloch',778,779,378,'bmccull1@hfhs.org','0.00',0,NULL,'10.00','2012-04-11 00:00:00','','',0),
	(11150,748557,'Jessica ','Coy',780,781,379,'jessica.coy@fmc-na.com','0.00',0,NULL,'10.00','2012-04-11 00:00:00','','',0),
	(11151,580538,'Kwee Peng','Hong',782,783,380,'kphong01@hotmail.com','0.00',0,NULL,'50.00','2012-04-13 00:00:00','','',0),
	(11152,4537,'Sara','Erickson',784,0,0,'sara.erickson@carolinashealthcare.org','0.00',0,NULL,'10.00','2012-04-13 00:00:00','','',0),
	(11153,1313,'Tracey','Kruger',785,786,381,'tracey.kruger@davita.com','0.00',0,NULL,'10.00','2012-04-13 00:00:00','','',0),
	(11154,8576,'Lenore','Hodges',787,788,382,'LHodgesphd@gmail.com','0.00',0,NULL,'10.00','2012-04-13 00:00:00','','',0),
	(11155,145687,'Barbara','Zebrowski',789,790,383,'barbara.zebrowski@fmc-na.com','0.00',0,NULL,'10.00','2012-04-13 00:00:00','','',0),
	(11156,143425,'Annelle','Tschida',791,792,384,'aktschida@yahoo.com','0.00',0,NULL,'10.00','2012-04-13 00:00:00','','',0),
	(11157,4453,'Mary','Kalin',793,794,385,'m.kalin@att.net','0.00',0,NULL,'10.00','2012-04-13 00:00:00','','',0),
	(11158,130195,'Carol','Francis-Jubert',795,796,386,'c.francisjubert@gmail.com','0.00',0,NULL,'10.00','2012-04-13 00:00:00','','',0),
	(11159,720864,'lynn','remington',797,798,387,'lynn.remington@dciinc.org','0.00',0,NULL,'10.00','2012-04-13 00:00:00','','',0),
	(11160,10220,'Mary','Pieper',799,800,388,'solfire@mindspring.com','0.00',0,NULL,'10.00','2012-04-13 00:00:00','','',0),
	(11161,82337,'Beverly','Caldwell',801,802,389,'bcaldwellrd@gmail.com','0.00',0,NULL,'10.00','2012-04-14 00:00:00','','',0),
	(11162,830697,'Carole','Bader',803,804,390,'cacbader@aol.com','0.00',0,NULL,'15.00','2012-04-14 00:00:00','','',0),
	(11163,850473,'Susan','Umetsu',805,806,391,'susanumetsu@yahoo.com','0.00',0,NULL,'10.00','2012-04-15 00:00:00','','',0),
	(11164,1549,'gaynell','irving',807,808,392,'gaynell.irving@gmail.com','0.00',0,NULL,'10.00','2012-04-15 00:00:00','','',0),
	(11165,6377,'Barbra','Rubinstein',809,810,393,'barbra.rubinstein@gmail.com','0.00',0,NULL,'10.00','2012-04-16 00:00:00','','',0),
	(11166,179478,'ANN','HAYES',811,812,394,'renalnutrition@aol.com','0.00',0,NULL,'10.00','2012-04-17 00:00:00','','',0),
	(11167,17880,'Sharon','Turner',813,814,395,'sharon.turner1@va.gov','0.00',0,NULL,'10.00','2012-04-17 00:00:00','','',0),
	(11168,0,'Tara','Sherman',815,816,396,'tsherman@cvph.org','0.00',0,NULL,'10.00','2012-04-17 00:00:00','','',0),
	(11169,16546,'Mamie','Byrd',817,818,397,'mamiewbyrd@gmail.com','0.00',0,NULL,'10.00','2012-04-17 00:00:00','','',0),
	(11170,41396,'Mamie','Byrd',819,820,398,'mamiewbyrd@gmail.com','0.00',0,NULL,'5.00','2012-04-17 00:00:00','','',0),
	(11171,0,'Ann','Drake',821,822,399,'drakekracaw@sbcglobal.net','0.00',0,NULL,'10.00','2012-04-17 00:00:00','','',0),
	(11172,5013,'Jane','Roth',823,824,400,'jjwindow@sbcglobal.net','0.00',0,NULL,'10.00','2012-04-17 00:00:00','','',0),
	(11173,1502,'Mary Kay','Hensley',825,826,401,'marykayhensleyrd@netscape.net','0.00',0,NULL,'10.00','2012-04-17 00:00:00','','',0),
	(11174,0,'jean','muller',827,828,402,'jean.muller@genzyme.com','0.00',0,NULL,'10.00','2012-04-17 00:00:00','','',0),
	(11175,0,'Mary Ann','Nightingale',829,830,403,'maryann.nightingale@albertahealthservices.ca','0.00',0,NULL,'0.00','2012-04-17 00:00:00','','',0),
	(11176,3855,'angelina','smith',831,832,404,'a1971suman@yahoo.com','0.00',0,NULL,'10.00','2012-04-17 00:00:00','','',0),
	(11177,71843,'Elizabeth','Stasny',833,834,405,'estasny@yahoo.com','0.00',0,NULL,'10.00','2012-04-17 00:00:00','','',0),
	(11178,4884,'Leah','McNulty',835,836,406,'leah.mcnulty@fmc-na.com','0.00',0,NULL,'10.00','2012-04-17 00:00:00','','',0),
	(11179,5208,'Carole','Grant',837,838,407,'carole.grant@ihs.gov','0.00',0,NULL,'10.00','2012-04-19 00:00:00','','',0),
	(11180,85230,'Vangie','Tate',839,840,408,'vangie.tate@ihs.gov','0.00',0,NULL,'5.00','2012-04-19 00:00:00','','',0),
	(11181,0,'Anne','Staffnik',841,842,409,'anne.staffnik@ihs.gov','0.00',0,NULL,'10.00','2012-04-19 00:00:00','','',0),
	(11182,81693,'Anne','Staffnik',843,844,410,'anne.staffnik@ihs.gov','0.00',0,NULL,'10.00','2012-04-19 00:00:00','','',0),
	(11183,26116,'Mary Ann','Nightingale',845,846,411,'maryann.nightingale@albertahealthservices.ca','0.00',0,NULL,'15.00','2012-04-21 00:00:00','','',0),
	(11184,3704,'April','Barron',847,848,412,'mtlhd3@wi.rr.com','0.00',0,NULL,'50.00','2012-04-21 00:00:00','','',0),
	(11185,178773,'Christina','Horan',849,850,413,'tinahoran@fastmail.fm','0.00',0,NULL,'90.00','2012-04-21 00:00:00','','',0),
	(11186,2573,'Barb','Van Meerbeke',851,852,414,'bvanmeer@comcast.net','0.00',0,NULL,'5.00','2012-04-25 00:00:00','','',0),
	(11187,4490,'Jessica','Stauffer',853,854,415,'Jsengelbrecht@yahoo.com','0.00',0,NULL,'50.00','2012-05-04 00:00:00','','',0),
	(11188,125116,'Lyutha','Al Sbuhi',855,856,416,'lyraju@hotmail.com','0.00',0,NULL,'15.00','2012-05-07 00:00:00','','',0),
	(11189,0,'','',0,0,0,'','0.00',0,NULL,'0.00','2012-05-08 00:00:00','','',0),
	(11190,0,'','',0,0,0,'','0.00',0,NULL,'0.00','2012-05-09 00:00:00','','',0),
	(11191,3236,'Wendy','Gibbs',857,858,417,'bendy90980@aol.com','0.00',0,NULL,'90.00','2012-05-14 00:00:00','','',0),
	(11192,4778,'Jean','Olds',859,860,418,'jean.olds@davita.com','0.00',0,NULL,'10.00','2012-05-17 00:00:00','','',0),
	(11193,0,'Barbara','Edgar',861,862,419,'bedgar@gamewood.net','0.00',0,NULL,'0.00','2012-05-18 00:00:00','','',0),
	(11194,0,'Sharon','Gowing MS,RD,LD',863,864,420,'sgowing@suddenlink.net','0.00',0,NULL,'0.00','2012-05-18 00:00:00','','',0),
	(11195,0,'Jennifer','Smart',865,866,421,'jennmckinley@yahoo.com','0.00',0,NULL,'10.00','2012-05-18 00:00:00','','',0),
	(11196,3020,'Janet','Mildrew',867,868,422,'mildrewj@me.com','0.00',0,NULL,'10.00','2012-05-22 00:00:00','','',0),
	(11197,143834,'Teri','Underwood',869,870,423,'diethelp@msn.com','0.00',0,NULL,'5.00','2012-05-22 00:00:00','','',0),
	(11198,0,'Kwee Peng','Hong',871,872,424,'kphong01@hotmail.com','0.00',0,NULL,'0.00','2012-05-23 00:00:00','','',0),
	(11199,117758,'Betty','Fisher',873,874,425,'betty.fisher@genzyme.com','0.00',0,NULL,'15.00','2012-05-24 00:00:00','','',0),
	(11200,118,'Kathleen','Brink',875,876,426,'kabrink@mvh.org','0.00',0,NULL,'5.00','2012-05-25 00:00:00','','',0),
	(11201,80778,'ME','DiPaola',877,878,427,'med_rd@yahoo.com','0.00',0,NULL,'15.00','2012-05-25 00:00:00','','',0),
	(11202,142862,'Joan','Krivacic',879,880,428,'Joan.Krivacic@genzyme.com','0.00',0,NULL,'5.00','2012-05-29 00:00:00','','',0),
	(11203,187955,'Joan','Krivacic',881,882,429,'Joan.Krivacic@genzyme.com','0.00',0,NULL,'10.00','2012-05-29 00:00:00','','',0),
	(11204,3016,'Kathleen','Wreford',883,0,0,'kpwreford@hotmail.com','0.00',0,NULL,'20.00','2012-05-30 00:00:00','','',0),
	(11205,0,'Katrina','Sommer',884,885,430,'ksommer@mail.bradley.edu','0.00',0,NULL,'5.00','2012-06-03 00:00:00','','',0),
	(11206,64744,'Katrina','Sommer',886,887,431,'ksommer@mail.bradley.edu','0.00',0,NULL,'5.00','2012-06-03 00:00:00','','',0),
	(11207,0,'Linda','Campbell',888,889,432,'the1dietitian@live.com','0.00',0,NULL,'50.00','2012-06-04 00:00:00','','',0),
	(11208,6798,'Gina','Angay',890,891,433,'gcangay@yahoo.com','0.00',0,NULL,'5.00','2012-06-06 00:00:00','','',0),
	(11209,94715,'Linda','Campbell',892,893,434,'the1dietitian@live.com','0.00',0,NULL,'55.00','2012-06-06 00:00:00','','',0),
	(11210,2597,'Nicole','Baker',894,895,435,'nicolealexis54@yahoo.com','0.00',0,NULL,'5.00','2012-06-08 00:00:00','','',0),
	(11211,70251,'Nadia','Marzella',896,897,436,'nadiarenee@msn.com','0.00',0,NULL,'5.00','2012-06-18 00:00:00','','',0),
	(11212,5532,'Anna','Ton',898,899,437,'annaeton@gmail.com','0.00',0,NULL,'5.00','2012-06-18 00:00:00','','',0),
	(11213,177457,'Dexter','Craig',900,901,438,'dcraig@vhdenver.com','0.00',0,NULL,'50.00','2012-06-19 00:00:00','','',0),
	(11214,170390,'Melisa','Santillano',902,903,439,'melisa_s@hotmail.com','0.00',0,NULL,'5.00','2012-06-20 00:00:00','','',0),
	(11215,4014,'Rachel','Folse',904,905,440,'rachel.folse@dciinc.org','0.00',0,NULL,'20.00','2012-06-20 00:00:00','','',0),
	(11216,2411,'Barbara','McCulloch',906,907,441,'bj.mcc@sbcglobal.net','0.00',0,NULL,'10.00','2012-06-24 00:00:00','','',0),
	(11217,559523,'Susan','Krupenevich',908,909,442,'susan.krupenevich@rivhs.com','0.00',0,NULL,'5.00','2012-06-26 00:00:00','','',0),
	(11218,3908,'Abby','West',910,911,443,'abbyw@kidneynd.com','0.00',0,NULL,'5.00','2012-06-27 00:00:00','','',0),
	(11219,7438,'Joan','Sagendorph',912,913,444,'jsagendorph@charter.net','0.00',0,NULL,'7.00','2012-07-01 00:00:00','','',0),
	(11220,55958,'lily','hong',914,915,445,'lily.hong@ahmchealth.com','0.00',0,NULL,'10.00','2012-07-05 00:00:00','','',0),
	(11221,679664,'Jeanne','Singer',916,917,446,'jeannediet@aol.com','0.00',0,NULL,'60.00','2012-07-13 00:00:00','','',0),
	(11222,40088,'Michelle','Mealie',918,919,447,'mmealie@libertydialysis.com','0.00',0,NULL,'7.00','2012-07-18 00:00:00','','',0),
	(11223,179310,'debra','provenzano',920,921,0,'lunaria35@aol.com','0.00',0,NULL,'7.00','2012-07-23 00:00:00','','',0),
	(11224,8660,'Jennifer','Gebhard',922,923,448,'jennifer.gebhard@gmail.com','0.00',0,NULL,'60.00','2012-07-23 00:00:00','','',0),
	(11225,43117,'Susan','Fellows',924,925,449,'sefellows84@gmail.com','0.00',0,NULL,'10.00','2012-07-27 00:00:00','','',0),
	(11226,121456,'Kirsten','Lapid',926,927,450,'lapidk@cshs.org','0.00',0,NULL,'10.00','2012-07-27 00:00:00','','',0),
	(11227,697,'Kristina','Keenan',928,929,451,'kristina.keenan@davita.com','0.00',0,NULL,'7.00','2012-08-06 00:00:00','','',0),
	(11228,7078,'Jing','Yang',930,931,452,'jyang58@gmail.com','0.00',0,NULL,'5.00','2012-08-07 00:00:00','','',0),
	(11229,16202,'Gayle','Smith',932,933,453,'Kimberly.Wood@orlandohealth.com','0.00',0,NULL,'5.00','2012-08-16 00:00:00','','',0),
	(11230,81740,'Jenny','Su',934,935,454,'jennywsu@gmail.com','0.00',0,NULL,'10.00','2012-08-17 00:00:00','','',0),
	(11233,56866,'Alejandro','Paz',936,937,455,'alepaz@nyu.edu','0.00',0,NULL,'5.00','2012-08-22 00:00:00','','',0),
	(11234,0,'Jing','Yang',938,939,456,'jyang58@gmail.com','0.00',0,NULL,'10.00','2012-08-22 00:00:00','','',0),
	(11235,2789,'Jing','Yang',940,941,457,'jyang58@gmail.com','0.00',0,NULL,'10.00','2012-08-22 00:00:00','','',0),
	(11236,0,'Bonnie','Hessedal',942,943,458,'bhessedal@langhosp.org','0.00',0,NULL,'10.00','2012-08-24 00:00:00','','',0),
	(11237,62696,'Bonnie','Hessedal',944,945,459,'bhessedal@langhosp.org','0.00',0,NULL,'10.00','2012-08-24 00:00:00','','',0),
	(11238,562460,'Elizabeth','Mills',946,947,460,'bethmills1@mac.com','0.00',0,NULL,'5.00','2012-08-27 00:00:00','','',0),
	(11239,2623,'Joanne ','Marzalik',948,949,461,'dustyjo@verizon.com','0.00',0,NULL,'7.00','2012-09-04 00:00:00','','',0),
	(11240,1524,'Nancy','Donnelly',950,951,462,'ndonnelly@regionalhealth.com','0.00',0,NULL,'15.00','2012-09-05 00:00:00','','',0),
	(11241,8638,'Frances','Wilson',952,953,463,'fmwils@gmail.com','0.00',0,NULL,'10.00','2012-09-11 00:00:00','','',0),
	(11242,57113,'Crista','Fannin',954,955,464,'clfannin@gshdayton.org','0.00',0,NULL,'10.00','2012-09-27 00:00:00','','',0),
	(11246,82692,'Susan','Martin',956,957,465,'susanrd2003@yahoo.com','0.00',0,NULL,'2.00','2012-10-05 00:00:00','','',0),
	(11247,0,'Carlene','Bowen',0,0,466,'carlene.bowen@jeffersonhospital.org','0.00',0,NULL,'0.00','2012-10-08 00:00:00','','',0),
	(11248,0,'Julia','Lee',0,958,467,'ladyslipper717@gmail.com','0.00',0,NULL,'0.00','2012-10-09 00:00:00','','',0),
	(11249,6243,'Miranda','Hayden',959,0,468,'mhaydenrd@cox.net','0.00',0,NULL,'20.00','2012-10-12 00:00:00','','',0),
	(11250,0,'Cheryl','Gray',0,960,469,'cherylgray_22@msn.com','0.00',0,NULL,'0.00','2012-10-17 00:00:00','','',0),
	(11251,5369,'Vicky','Chaffin',961,962,470,'lchaffin62@hawaii.rr.com','0.00',0,NULL,'5.00','2012-10-17 00:00:00','','',0),
	(11252,0,'Alejandro','Paz',963,964,471,'alepaz@nyu.edu','0.00',0,NULL,'0.00','2012-10-18 00:00:00','','',0),
	(11253,94173,'Alejandro','Paz',965,966,472,'alepaz@nyu.edu','0.00',0,NULL,'5.00','2012-10-18 00:00:00','','',0),
	(11254,0,'Amy','Dahl',0,967,473,'abranchini03@yahoo.com','0.00',0,NULL,'0.00','2012-10-28 00:00:00','','',0),
	(11255,0,'Janet','Keller',0,968,474,'rjkeller1@yahoo.com','0.00',0,NULL,'0.00','2012-10-29 00:00:00','','',0),
	(11256,0,'Stephanie','Brumfield',0,969,475,'stephanie.brumfield@camc.org','0.00',0,NULL,'0.00','2012-10-30 00:00:00','','',0),
	(11257,0,'Michelle ','Ressel',0,970,476,'resselx4@ptd.net','0.00',0,NULL,'0.00','2012-10-31 00:00:00','','',0),
	(11258,0,'Zulfitri Azuan','Mat Daud',0,971,477,'zulfitri.azmd@gmail.com','0.00',0,NULL,'0.00','2012-11-04 00:00:00','','',0),
	(11259,618,'Christine','Williams',972,973,478,'christine.williams@davita.com','0.00',0,NULL,'20.00','2012-11-06 00:00:00','','',0),
	(11260,764,'Carol','Mohan',974,975,479,'cjmohan@aol.com','0.00',0,NULL,'5.00','2012-11-07 00:00:00','','',0),
	(11261,0,'Brian','Daly',0,976,480,'brian.daly@johnmuirhealth.com','0.00',0,NULL,'0.00','2012-11-08 00:00:00','','',0),
	(11262,0,'Dora','Sequeira',0,977,481,'dora.sequeira@stjoe.org','0.00',0,NULL,'0.00','2012-11-12 00:00:00','','',0),
	(11263,0,'marsha','edwards',0,978,482,'missionutrition@juno.com','0.00',0,NULL,'0.00','2012-11-13 00:00:00','','',0),
	(11264,0,'Leslie','Tomecsek',0,979,483,'lesliet935@hotmail.com','0.00',0,NULL,'0.00','2012-11-15 00:00:00','','',0),
	(11265,0,'Frances','Wilson',0,980,484,'fwilson@medcentral.org','0.00',0,NULL,'0.00','2012-11-15 00:00:00','','',0),
	(11266,0,'Joan','Andrews',0,981,485,'joan.andrews@dciinc.org','0.00',0,NULL,'0.00','2012-11-26 00:00:00','','',0),
	(11267,0,'Joyce','Ezaki-Yamaguchi',0,982,486,'jezakiyamaguchi@yahoo.com','0.00',0,NULL,'0.00','2012-11-28 00:00:00','','',0),
	(11268,0,'Joyce','Ezaki-Yamaguchi',0,983,487,'jezakiyamaguchi@yahoo.com','0.00',0,NULL,'0.00','2012-11-28 00:00:00','','',0),
	(11269,2970,'Paula','Partch',984,985,488,'paula@pmconsult.com','0.00',0,NULL,'25.00','2012-12-02 00:00:00','','',0),
	(11270,690461,'Jennifer','Casino',986,987,489,'jennifer.casino@presencehealth.org','0.00',0,NULL,'5.00','2012-12-05 00:00:00','','',0),
	(11271,87546,'Sandra','Kelly',988,989,490,'Sandra.G.Kelly@kp.org','0.00',0,NULL,'10.00','2012-12-05 00:00:00','','',0),
	(11272,0,'Shannon','Butler',0,990,491,'smbutler84@gmail.com','0.00',0,NULL,'0.00','2012-12-18 00:00:00','','',0),
	(11273,0,'Kristin','Vickers',0,0,0,'VickersDouglas.Kristin@mayo.edu','0.00',0,NULL,'0.00','2012-12-24 00:00:00','','',0),
	(11274,0,'Kristin','Vickers',0,0,0,'VickersDouglas.Kristin@mayo.edu','0.00',0,NULL,'0.00','2012-12-24 00:00:00','','',0),
	(11275,0,'Alejandro','Paz',991,992,492,'alepaz@nyu.edu','0.00',0,NULL,'0.00','2012-12-24 00:00:00','','',0),
	(11276,115732,'Molly','Randall',993,994,493,'Molly.randall@fmc-na.com','0.00',0,NULL,'40.00','2013-01-04 00:00:00','','',0),
	(11277,101758,'Rebecca','Abbatiello',995,996,494,'rj_abbatiello@live.com','0.00',0,NULL,'20.00','2013-01-04 00:00:00','','',0),
	(11278,0,'Dora','Sequeira',0,997,495,'dora.sequeira@stjoe.org','0.00',0,NULL,'0.00','2013-01-10 00:00:00','','',0),
	(11279,0,'Karen','Factor',0,998,496,'karenfactor@nc.rr.com','0.00',0,NULL,'0.00','2013-01-15 00:00:00','','',0),
	(11280,493064,'Koo','Lee',999,1000,497,'koomyung1213@gmail.com','0.00',0,NULL,'15.00','2013-01-16 00:00:00','','',0),
	(11281,0,'Debi','Krieman',0,1001,498,'kriemanrd@yahoo.com','0.00',0,NULL,'0.00','2013-01-16 00:00:00','','',0),
	(11282,0,'Kendra','Blaschke',0,1002,499,'kendrablaschke@gmail.com','0.00',0,NULL,'0.00','2013-01-17 00:00:00','','',0),
	(11283,0,'Michelle','Lynch',0,1003,500,'Michelle.Lynch@davita.com','0.00',0,NULL,'0.00','2013-01-17 00:00:00','','',0),
	(11284,0,'Michelle','Baker',0,1004,501,'mmbaker0304@gmail.com','0.00',0,NULL,'0.00','2013-01-18 00:00:00','','',0),
	(11285,0,'mary','hudson',0,1005,502,'maryhudson@renaladvantage.com','0.00',0,NULL,'0.00','2013-01-18 00:00:00','','',0),
	(11286,18662,'Susan','Smith',1006,1007,503,'ssmith1493@yahoo.com','0.00',0,NULL,'5.00','2013-01-18 00:00:00','','',0),
	(11287,0,'Rachel','Folse',0,1008,504,'rachel.folse@yahoo.com','0.00',0,NULL,'0.00','2013-01-19 00:00:00','','',0),
	(11288,0,'Anne','Phillip',1009,1010,505,'anne.phillip@nychhc.org','0.00',0,NULL,'0.00','2013-01-19 00:00:00','','',0),
	(11289,0,'ANN','HAYES',1011,1012,506,'renalnutrition@aol.com','0.00',0,NULL,'0.00','2013-01-22 00:00:00','','',0),
	(11290,0,'Lorraine','Hanna',0,1013,507,'fargohanna@sanfordhealth.org','0.00',0,NULL,'0.00','2013-01-24 00:00:00','','',0),
	(11291,0,'Joanie','Lee',0,1014,508,'joanie.lee@flhosp.org','0.00',0,NULL,'0.00','2013-01-28 00:00:00','','',0),
	(11292,0,'Kristin','O\'Neill',0,1015,509,'kristin.s.oneill@gmail.com','0.00',0,NULL,'0.00','2013-01-29 00:00:00','','',0),
	(11293,3396,'Karen','Wiesen',1016,1017,510,'kwiesen@dom.wustl.edu','0.00',0,NULL,'7.00','2013-01-30 00:00:00','','',0),
	(11294,0,'LUSE','NIUMATAIWALU',0,1018,511,'lusekaitani@yahoo.com','0.00',0,NULL,'0.00','2013-01-31 00:00:00','','',0),
	(11295,7006,'Kathleen','Brink',1019,1020,512,'ka.brink@hotmail.com','0.00',0,NULL,'5.00','2013-02-01 00:00:00','','',0),
	(11296,0,'Misty','Duchnik',0,1021,513,'mduchnik.rd@gmail.com','0.00',0,NULL,'0.00','2013-02-04 00:00:00','','',0),
	(11297,0,'Ana','Llinas',0,1022,514,'anallinas@hotmail.com','0.00',0,NULL,'0.00','2013-02-05 00:00:00','','',0),
	(11298,0,'Manjit','Sohal',0,1023,515,'msohal@americanrenal.com','0.00',0,NULL,'0.00','2013-02-06 00:00:00','','',0),
	(11299,0,'Margaret','Moran',1024,1025,516,'reedmoran@sbcglobal.net','0.00',0,NULL,'0.00','2013-02-07 00:00:00','','',0),
	(11300,0,'Joan','Quillian',0,1026,517,'jquillian@sjrmc.net','0.00',0,NULL,'0.00','2013-02-08 00:00:00','','',0),
	(11301,0,'Karen','Factor',0,1027,518,'karen.factor@dm.duke.edu','0.00',0,NULL,'0.00','2013-02-13 00:00:00','','',0),
	(11302,2592,'Rose','Guidry',1028,1029,519,'guidryrose@yahoo.com','0.00',0,NULL,'5.00','2013-02-14 00:00:00','','',0),
	(11303,0,'Rita','Frank',1030,1031,520,'ritafrankrd@yahoo.com','0.00',0,NULL,'0.00','2013-02-15 00:00:00','','',0),
	(11304,0,'Helen','Dorrough',1032,1033,521,'hdorrough@americanrenal.com','0.00',0,NULL,'0.00','2013-02-18 00:00:00','','',0),
	(11305,0,'Lisa','Baloun',1034,1035,522,'lisa.baloun@atlanticare.org','0.00',0,NULL,'15.00','2013-02-20 00:00:00','','',0),
	(11306,0,'Marcia','Whitaker',0,1036,523,'marcia.whitaker@imail.org','0.00',0,NULL,'0.00','2013-02-20 00:00:00','','',0),
	(11307,0,'Lori','Swaby',0,1037,524,'lori_swaby@hotmail.com','0.00',0,NULL,'0.00','2013-02-24 00:00:00','','',0),
	(11308,0,'Hanh-Trang','Tranviet-Ginocchio',0,1038,525,'hanhtrangg@gmail.com','0.00',0,NULL,'0.00','2013-03-01 00:00:00','','',0),
	(11309,4653,'Marybeth','Bradford',1039,1040,526,'mjbradford@hotmail.com','0.00',0,NULL,'15.00','2013-03-01 00:00:00','','',0),
	(11310,91806,'Naomi ','Stephens',1041,1042,527,'naominstephens@gmail.com','0.00',0,NULL,'20.00','2013-03-08 00:00:00','','',0),
	(11311,141860,'Anne','Phillip',1043,1044,528,'anne.phillip@nychhc.org','0.00',0,NULL,'4.00','2013-03-12 00:00:00','','',0),
	(11312,49815,'ELIZABETH','SCHWARTZ',1045,1046,529,'EJMSCHWARTZ@VERIZON.NET','0.00',0,NULL,'10.00','2013-03-15 00:00:00','','',0),
	(11313,0,'Joan','Quillian',0,1047,530,'joanmariequillian@gmail.com','0.00',0,NULL,'0.00','2013-03-15 00:00:00','','',0),
	(11314,0,'SUsan','Taylor',0,1048,531,'susanashleytaylor@gmail.com','0.00',0,NULL,'0.00','2013-03-16 00:00:00','','',0),
	(11315,0,'Lisa','Moser',0,1049,532,'lgreef@aol.com','0.00',0,NULL,'0.00','2013-03-17 00:00:00','','',0),
	(11316,0,'Joanna','Bruns',0,1050,533,'joannabruns1@aol.com','0.00',0,NULL,'0.00','2013-03-18 00:00:00','','',0),
	(11317,20855,'Akemi','Sakamoto',1051,1052,534,'asaka247@yahoo.com','0.00',0,NULL,'5.00','2013-03-19 00:00:00','','',0),
	(11318,55290,'Beverly','Kastan',1053,1054,535,'bevkasrd@bellsouth.net','0.00',0,NULL,'5.00','2013-03-24 00:00:00','','',0),
	(11319,0,'Patrice','Buisson',0,1055,536,'pmbuisson@att.net','0.00',0,NULL,'0.00','2013-04-01 00:00:00','','',0),
	(11320,0,'Lauren','Levy',0,1056,537,'laurenbuddlevy@gmail.com','0.00',0,NULL,'0.00','2013-04-04 00:00:00','','',0),
	(11321,0,'Gemma','Dimaano',0,1057,538,'alonso509@yahoo.com.ph','0.00',0,NULL,'0.00','2013-04-07 00:00:00','','',0),
	(11322,0,'denise','Dacey',0,1058,539,'ddacey@princetonhcs.org','0.00',0,NULL,'0.00','2013-04-09 00:00:00','','',0),
	(11323,1124,'Cheryl','Gray',1059,1060,540,'cgray@idsdialysis.com','0.00',0,NULL,'15.00','2013-04-10 00:00:00','','',0),
	(11324,614,'DeLyva','Peterson',1061,1062,541,'dee@itt-inc.com','0.00',0,NULL,'15.00','2013-04-11 00:00:00','','',0),
	(11325,1214,'Christine','Williams',1063,1064,542,'christine.williams36@gmail.com','0.00',0,NULL,'20.00','2013-04-12 00:00:00','','',0),
	(11326,0,'Jodi','Slaughter',0,1065,543,'jodislaughter@benefis.org','0.00',0,NULL,'0.00','2013-04-15 00:00:00','','',0),
	(11327,0,'Ashley','Lee',0,1066,544,'ashley.lee@davita.com','0.00',0,NULL,'0.00','2013-04-17 00:00:00','','',0),
	(11328,0,'Rachel','Folse',1067,1068,545,'rachel.folse@dciinc.org','0.00',0,NULL,'0.00','2013-04-17 00:00:00','','',0),
	(11329,18313,'Lorna','Wong',1069,1070,546,'everywhere.blue@gmail.com','0.00',0,NULL,'15.00','2013-04-18 00:00:00','','',0),
	(11330,0,'Analia','Sadick',0,1071,547,'analias@optonline.net','0.00',0,NULL,'0.00','2013-04-18 00:00:00','','',0),
	(11331,353766,'Melissa','Ocasio',1072,1073,548,'emocasio@verizon.net','0.00',0,NULL,'10.00','2013-04-19 00:00:00','','',0),
	(11332,0,'Khongmany','Wells',0,1074,549,'wellsk@armc.sbcounty.gov','0.00',0,NULL,'0.00','2013-04-19 00:00:00','','',0),
	(11333,0,'Lynne','Wodrich',0,1075,550,'wodrich.lynne@mayo.edu','0.00',0,NULL,'0.00','2013-04-25 00:00:00','','',0),
	(11334,18786,'Jill','Sher',1076,1077,551,'jilliep75@verizon.net','0.00',0,NULL,'10.00','2013-04-26 00:00:00','','',0),
	(11335,0,'Yorine','Belizaire',0,1078,552,'yorineb@hotmail.com','0.00',0,NULL,'0.00','2013-04-27 00:00:00','','',0),
	(11336,0,'Carole','Matiaco',0,1079,553,'cmatiaco@aol.com','0.00',0,NULL,'0.00','2013-04-30 00:00:00','','',0),
	(11337,0,'','',0,0,0,'','0.00',0,NULL,'20.00','2013-04-30 00:00:00','','',0),
	(11338,0,'','',0,0,0,'','0.00',0,NULL,'20.00','2013-04-30 00:00:00','','',0),
	(11339,0,'','',0,0,0,'','0.00',0,NULL,'5.00','2013-04-30 00:00:00','','',0),
	(11340,0,'','',0,0,0,'','0.00',0,NULL,'5.00','2013-04-30 00:00:00','','',0),
	(11341,3204,'LYDIA','POURZANJANI',1080,1081,554,'sisicottle@gmail.com','0.00',0,NULL,'20.00','2013-04-30 00:00:00','','',0),
	(11342,175,'Lisa','Margo',1082,1083,555,'lisamargo@hotmail.com','0.00',0,NULL,'10.00','2013-05-01 00:00:00','','',0),
	(11343,0,'Virgith','Buena',0,1084,556,'buenavirgith@yahoo.com','0.00',0,NULL,'0.00','2013-05-05 00:00:00','','',0),
	(11344,0,'Jodi','Slaughter',0,1085,557,'jodislaughter@benefis.org','0.00',0,NULL,'0.00','2013-05-05 00:00:00','','',0),
	(11345,0,'Shana ','Griffin',0,1086,558,'shanagriffin@ymail.com','0.00',0,NULL,'0.00','2013-05-13 00:00:00','','',0),
	(11346,0,'Roseann','Barrall',0,1087,559,'roseann85@hotmail.com','0.00',0,NULL,'0.00','2013-05-14 00:00:00','','',0),
	(11347,0,'DeLyva','Peterson',1088,1089,560,'dee@itt-inc.com','0.00',0,NULL,'0.00','2013-05-16 00:00:00','','',0),
	(11348,16701,'Erin ','Dickerson',1090,1091,561,'erinwrd@msn.com','0.00',0,NULL,'20.00','2013-05-16 00:00:00','','',0),
	(11349,0,'Dana','Cooreman',0,1092,562,'dcooreman@juno.com','0.00',0,NULL,'0.00','2013-05-16 00:00:00','','',0),
	(11350,0,'Pearl','Schachner',1093,1094,563,'PearlSch@Verizon.net','0.00',0,NULL,'20.00','2013-05-16 00:00:00','','',0),
	(11351,0,'Mary','McCormack',0,0,0,'mccormack239@gmail.com','0.00',0,NULL,'0.00','2013-05-17 00:00:00','','',0),
	(11352,213017,'Susan','Wright',1095,1096,564,'srwrightrd@yahoo.com','0.00',0,NULL,'15.00','2013-05-17 00:00:00','','',0),
	(11353,0,'Elizabeth ','Neumann ',0,1097,565,'eneumann@healthynutllc.com','0.00',0,NULL,'0.00','2013-05-17 00:00:00','','',0),
	(11354,0,'mARCY','PUGLIESE',0,1098,566,'MARCYPUG@GMAIL.COM','0.00',0,NULL,'0.00','2013-05-17 00:00:00','','',0),
	(11355,0,'cathy','Harrison',0,1099,567,'charrisonrd@yahoo.com','0.00',0,NULL,'0.00','2013-05-20 00:00:00','','',0),
	(11356,0,'Diane','Lieberman',1100,1101,568,'dil9017@nyp.org','0.00',0,NULL,'0.00','2013-05-21 00:00:00','','',0),
	(11357,194079,'susan','mcdonald',1102,1103,569,'sueorchid@aol.com','0.00',0,NULL,'60.00','2013-05-22 00:00:00','','',0);

/*!40000 ALTER TABLE `orders` ENABLE KEYS */;
UNLOCK TABLES;


# Dump of table phone
# ------------------------------------------------------------

DROP TABLE IF EXISTS `phone`;

CREATE TABLE `phone` (
  `phone_id` int(11) NOT NULL AUTO_INCREMENT,
  `phonenumber` varchar(45) DEFAULT NULL,
  `phone_type` varchar(2) DEFAULT NULL,
  PRIMARY KEY (`phone_id`)
) ENGINE=InnoDB DEFAULT CHARSET=latin1;

LOCK TABLES `phone` WRITE;
/*!40000 ALTER TABLE `phone` DISABLE KEYS */;

INSERT INTO `phone` (`phone_id`, `phonenumber`, `phone_type`)
VALUES
	(1,'708-655-5061','HP'),
	(2,'215-503-7509','HP'),
	(3,'432-682-2694','HP'),
	(4,'441-236-8217','HP'),
	(5,'609-927-0504','HP'),
	(6,'805 543-3321','HP'),
	(7,'760-954-5404','HP'),
	(8,'703-371-1376','HP'),
	(9,'4164696580ext3844','HP'),
	(10,'865-475-7524','HP'),
	(11,'248-941-5146','HP'),
	(12,'706-721-3204','HP'),
	(13,'913 948 0109','HP'),
	(14,'212 865-9545','HP'),
	(15,'(650)9912982','HP'),
	(16,'254-724-9247','HP'),
	(17,'5089308624','HP'),
	(18,'4089962521','HP'),
	(19,'1231231234','HP'),
	(20,'1231231234','HP'),
	(21,'325-277-9931','HP'),
	(22,'1231231234','HP'),
	(23,'408-656-5906','HP'),
	(24,'727-394-1691','HP'),
	(25,'6105090085','HP'),
	(26,'555-555-5555','HP'),
	(27,'555-555-5555','HP'),
	(28,'956-488-2348','HP'),
	(29,'432-682-2694','HP'),
	(30,'214-556-5089','HP'),
	(31,'512-990-9014','HP'),
	(32,'985-732-6041','HP'),
	(33,'7189209041','HP'),
	(34,'4073035814','HP'),
	(35,'816-842-2056','HP'),
	(36,'7166314700','HP'),
	(37,'610-513-7808','HP'),
	(38,'7015307871','HP'),
	(39,'513-677-0998','HP'),
	(40,'813-920-8459','HP'),
	(41,'434-200-6317','HP'),
	(42,'301-924-5166','HP'),
	(43,'712-264-6154','HP'),
	(44,'4056031941','HP'),
	(45,'407-843-6110','HP'),
	(46,'3034031127','HP'),
	(47,'2314874110','HP'),
	(48,'708-756-1000 x6567','HP'),
	(49,'434-309-1128','HP'),
	(50,'601-883-5957','HP'),
	(51,'516-465-8279','HP'),
	(52,'956-488-2348','HP'),
	(53,'352-333-4977','HP'),
	(54,'704.381.8864','HP'),
	(55,'917 446 5167','HP'),
	(56,'5596243602','HP'),
	(57,'812-340-0176','HP'),
	(58,'920-907-7130','HP'),
	(59,'262-470-4891','HP'),
	(60,'601-883-5957','HP'),
	(61,'3034031127','HP'),
	(62,'708-756-1000 x6567','HP'),
	(63,'2314874110','HP'),
	(64,'434-309-1128','HP'),
	(65,'760-723-1351','HP'),
	(66,'973-926-7532','HP'),
	(67,'315-335-6895','HP'),
	(68,'847-675-5555','HP'),
	(69,'670 285 7474','HP'),
	(70,'917 446 5167','HP'),
	(71,'610-330-0466','HP'),
	(72,'325-763-8979','HP'),
	(73,'242-502-7825','HP'),
	(74,'242-502-7825','HP'),
	(75,'242-502-7825','HP'),
	(76,'5555555','HP'),
	(77,'315-335-6895','HP'),
	(78,'937-734-3697','HP'),
	(79,'401 864-5232','HP'),
	(80,'5555555','HP'),
	(81,'626 991 4231','HP'),
	(82,'201-841-8204','HP'),
	(83,'6506381978','HP'),
	(84,'7127924115','HP'),
	(85,'919-986-2747','HP'),
	(86,'217-251-4150','HP'),
	(87,'6144589060','HP'),
	(88,'732-409-6271','HP'),
	(89,'619-961-7254','HP'),
	(90,'805-459-5715','HP'),
	(91,'61 02 68221 474','HP'),
	(92,'630-325-4062','HP'),
	(93,'901-282-1720','HP'),
	(94,'407 262 2268','HP'),
	(95,'813-844-4124','HP'),
	(96,'518-926-2602','HP'),
	(97,'(630)236-1300','HP'),
	(98,'973322559','HP'),
	(99,'(630)236-1300','HP'),
	(100,'813-920-8459','HP'),
	(101,'517-862-2234','HP'),
	(102,'573-445-2740','HP'),
	(103,'6096779593','HP'),
	(104,'229-888-5224','HP'),
	(105,'5054104938','HP'),
	(106,'956-488-2348','HP'),
	(107,'956-488-2348','HP'),
	(108,'956-488-2348','HP'),
	(109,'956-488-2348','HP'),
	(110,'8043190413','HP'),
	(111,'8043190413','HP'),
	(112,'305-301-0366','HP'),
	(113,'6318644055','HP'),
	(114,'7189677587','HP'),
	(115,'603-785-5005','HP'),
	(116,'2543665332','HP'),
	(117,'707 431-7524','HP'),
	(118,'(330)372-1780','HP'),
	(119,'760-723-1351','HP'),
	(120,'+65 96563612','HP'),
	(121,'360-509-8199','HP'),
	(122,'452-7991','HP'),
	(123,'540.983.1054','HP'),
	(124,'9524655408','HP'),
	(125,'909-838-5889','HP'),
	(126,'281-361-0889','HP'),
	(127,'407-843-6110','HP'),
	(128,'610-513-7808','HP'),
	(129,'253-939-7073','HP'),
	(130,'419-517-6717','HP'),
	(131,'518-257-0352','HP'),
	(132,'518-257-0352','HP'),
	(133,'7604989072','HP'),
	(134,'4199962620','HP'),
	(135,'715-358-1167','HP'),
	(136,'9786576545','HP'),
	(137,'7015307871','HP'),
	(138,'7015307871','HP'),
	(139,'630 540 1239','HP'),
	(140,'732 796 8040','HP'),
	(141,'775-624-8055','HP'),
	(142,'917 446 5167','HP'),
	(143,'4022616500','HP'),
	(144,'434-200-7007','HP'),
	(145,'800-974-6496','HP'),
	(146,'4022616500','HP'),
	(147,'4199962620','HP'),
	(148,'321-841-6047','HP'),
	(149,'9702082698','HP'),
	(150,'7574992018','HP'),
	(151,'281-633-3126','HP'),
	(152,'9702082698','HP'),
	(153,'517-862-2234','HP'),
	(154,'630 781-6978','HP'),
	(155,'601-201-5742','HP'),
	(156,'917 446 5167','HP'),
	(157,'407-843-6110','HP'),
	(158,'9376891828','HP'),
	(159,'7079539059','HP'),
	(160,'7079539059','HP'),
	(161,'6056605023','HP'),
	(162,'9563306351','HP'),
	(163,'781.699.2447','HP'),
	(164,'865-573-3944','HP'),
	(165,'832-287-8639','HP'),
	(166,'818 4150528','HP'),
	(167,'7247463871','HP'),
	(168,'931-456-4254','HP'),
	(169,'517-862-2234','HP'),
	(170,'330-375-3613','HP'),
	(171,'3124982805','HP'),
	(172,'276-783-8565','HP'),
	(173,'336.623.7906','HP'),
	(174,'770 266-7399','HP'),
	(175,'3098300711','HP'),
	(176,'9492784558','HP'),
	(177,'3123054321','HP'),
	(178,'9182507689','HP'),
	(179,'516-465-8279','HP'),
	(180,'2072428909','HP'),
	(181,'847-729-3867','HP'),
	(182,'6107172606','HP'),
	(183,'707-367-0172','HP'),
	(184,'917 446 5167','HP'),
	(185,'7802672592','HP'),
	(186,'7802672592','HP'),
	(187,'7015307871','HP'),
	(188,'832-721-4859','HP'),
	(189,'1-301-812-0252','HP'),
	(190,'310-702-1434','HP'),
	(191,'864-630-0889','HP'),
	(192,'2533767792','HP'),
	(193,'712-322-7605','HP'),
	(194,'215-742-1021','HP'),
	(195,'7065096087','HP'),
	(196,'6056605023','HP'),
	(197,'8159373077','HP'),
	(198,'732-940-8368','HP'),
	(199,'605-882-7874','HP'),
	(200,'630-291-6267','HP'),
	(201,'4192912654','HP'),
	(202,'806-795-0995','HP'),
	(203,'505-325-2827','HP'),
	(204,'973 464 4576','HP'),
	(205,'516-285-5150','HP'),
	(206,'(954)265-9477','HP'),
	(207,'507-385-4728','HP'),
	(208,'320-291-8456','HP'),
	(209,'337-456-7405','HP'),
	(210,'5137774975','HP'),
	(211,'210 647-1734','HP'),
	(212,'4053308141','HP'),
	(213,'219-322-6759','HP'),
	(214,'270-705-4713','HP'),
	(215,'7603318540','HP'),
	(216,'(909)528-6539','HP'),
	(217,'336-524-8989','HP'),
	(218,'334-265-9190','HP'),
	(219,'303 320-6894','HP'),
	(220,'301-332-1012','HP'),
	(221,'217-251-4150','HP'),
	(222,'(310) 483-9426','HP'),
	(223,'7153560132','HP'),
	(224,'616-385-3858','HP'),
	(225,'518-382-0201','HP'),
	(226,'248-543-7041','HP'),
	(227,'401 480 6153','HP'),
	(228,'845 368-2863','HP'),
	(229,'334-244-7467','HP'),
	(230,'8477156571','HP'),
	(231,'207-475-5578','HP'),
	(232,'989-695-5690','HP'),
	(233,'712-332-5985','HP'),
	(234,'7089571295','HP'),
	(235,'2058708240','HP'),
	(236,'240-381-5970','HP'),
	(237,'8592692569','HP'),
	(238,'253-266-0286','HP'),
	(239,'904-287-8727','HP'),
	(240,'423-596-7869','HP'),
	(241,'814-375-6295','HP'),
	(242,'801-779-6100','HP'),
	(243,'832-515-8364','HP'),
	(244,'9258585865','HP'),
	(245,'2146486299','HP'),
	(246,'(507) 317-0566','HP'),
	(247,'7756236632','HP'),
	(248,'509-783-7196','HP'),
	(249,'503-991-9654','HP'),
	(250,'314 4877358','HP'),
	(251,'8478757032','HP'),
	(252,'3605700614','HP'),
	(253,'8456411019','HP'),
	(254,'417-335-5797','HP'),
	(255,'786-0553-3613','HP'),
	(256,'731-335-3555','HP'),
	(257,'5026401121','HP'),
	(258,'5087589828','HP'),
	(259,'502 896 6915','HP'),
	(260,'6364585460','HP'),
	(261,'2489100494','HP'),
	(262,'207-944-6254','HP'),
	(263,'507-398-6550','HP'),
	(264,'6034961390','HP'),
	(265,'775-883-5400','HP'),
	(266,'503-364-1130','HP'),
	(267,'224-783-8276','HP'),
	(268,'434-309-1128','HP'),
	(269,'202 806-5648','HP'),
	(270,'301 540 4601','HP'),
	(271,'706-833-0233','HP'),
	(272,'978-356-7687','HP'),
	(273,'715-462-4285','HP'),
	(274,'847 354-5584','HP'),
	(275,'630-985-0892','HP'),
	(276,'630-830-5047','HP'),
	(277,'630-830-5047','HP'),
	(278,'231-258-3682','HP'),
	(279,'231-258-3682','HP'),
	(280,'231-258-3682','HP'),
	(281,'513-777-0855','HP'),
	(282,'701-360-2912','HP'),
	(283,'918-346-9075','HP'),
	(284,'972-264-2001','HP'),
	(285,'567-661-7214','HP'),
	(286,'248-851-7943','HP'),
	(287,'615.343.3679','HP'),
	(288,'434-455-7117','HP'),
	(289,'305 770-9285','HP'),
	(290,'505-897-5927','HP'),
	(291,'218-846-0825','HP'),
	(292,'610-742-3269','HP'),
	(293,'949-413-0459','HP'),
	(294,'903-868-0520','HP'),
	(295,'732-330-3393','HP'),
	(296,'907-452-2900','HP'),
	(297,'315 624-5701','HP'),
	(298,'8082285590','HP'),
	(299,'832-515-8364','HP'),
	(300,'3527260338','HP'),
	(301,'832-515-8364','HP'),
	(302,'718 7201440','HP'),
	(303,'7723402588','HP'),
	(304,'3135758503','HP'),
	(305,'502-893-5519','HP'),
	(306,'502-893-5519','HP'),
	(307,'702-570-5468','HP'),
	(308,'3367186018','HP'),
	(309,'618-343-0825','HP'),
	(310,'773-857-3680','HP'),
	(311,'559-779-6530','HP'),
	(312,'434-977-4687','HP'),
	(313,'417-347-8345','HP'),
	(314,'208-523-3104','HP'),
	(315,'7603318540','HP'),
	(316,'9542707416','HP'),
	(317,'717-377-6611','HP'),
	(318,'401 480 6153','HP'),
	(319,'423-596-7869','HP'),
	(320,'717-544-3192','HP'),
	(321,'7706128019','HP'),
	(322,'413-259-1882','HP'),
	(323,'216-469-2793','HP'),
	(324,'208-523-8500','HP'),
	(325,'4193311336','HP'),
	(326,'517-242-7398','HP'),
	(327,'208-523-8500','HP'),
	(328,'7012348469','HP'),
	(329,'2019162446','HP'),
	(330,'517-242-7398','HP'),
	(331,'731-426-3021','HP'),
	(332,'248-543-7041','HP'),
	(333,'501-225-3890, ext 225','HP'),
	(334,'715-462-4285','HP'),
	(335,'7015307871','HP'),
	(336,'903-868-0520','HP'),
	(337,'7089571295','HP'),
	(338,'401 480 6153','HP'),
	(339,'5087589828','HP'),
	(340,'5137774975','HP'),
	(341,'7574992018','HP'),
	(342,'816-444-2098','HP'),
	(343,'4056031941','HP'),
	(344,'732-330-3393','HP'),
	(345,'706-833-0233','HP'),
	(346,'9045897610','HP'),
	(347,'615-893-2498','HP'),
	(348,'615-893-2498','HP'),
	(349,'508-685-0624','HP'),
	(350,'3123054321','HP'),
	(351,'7738573680','HP'),
	(352,'(630)236-1300','HP'),
	(353,'832-248-7271','HP'),
	(354,'518-382-0201','HP'),
	(355,'507-398-6550','HP'),
	(356,'505-860-0818','HP'),
	(357,'270-705-4713','HP'),
	(358,'513-677-3430','HP'),
	(359,'530-892-8733','HP'),
	(360,'541-969-9669','HP'),
	(361,'707-367-0172','HP'),
	(362,'336.623.7906','HP'),
	(363,'786-0553-3613','HP'),
	(364,'732-833-7222','HP'),
	(365,'8585580331','HP'),
	(366,'760-331-8540','HP'),
	(367,'3367186018','HP'),
	(368,'707 431-7524','HP'),
	(369,'4342225537','HP'),
	(370,'3013907270','HP'),
	(371,'931-456-4254','HP'),
	(372,'609.698.7984','HP'),
	(373,'707-367-0172','HP'),
	(374,'503-692-7617','HP'),
	(375,'813-644-4663','HP'),
	(376,'3252232031','HP'),
	(377,'3252232031','HP'),
	(378,'734-775-2922','HP'),
	(379,'603-631-0058','HP'),
	(380,'917-683-8158','HP'),
	(381,'319-272-8674','HP'),
	(382,'407-677-7916','HP'),
	(383,'781.699.2447','HP'),
	(384,'310-702-1434','HP'),
	(385,'440-823-1996','HP'),
	(386,'904-287-8727','HP'),
	(387,'775-883-5400','HP'),
	(388,'504-228-1399','HP'),
	(389,'318-469-2045','HP'),
	(390,'949-233-5325','HP'),
	(391,'5052867227','HP'),
	(392,'760-352-0356','HP'),
	(393,'6234556024','HP'),
	(394,'7278170932','HP'),
	(395,'210 647-1734','HP'),
	(396,'518-566-7043','HP'),
	(397,'301 943-2250','HP'),
	(398,'301 943-2250','HP'),
	(399,'7756236632','HP'),
	(400,'989-695-5690','HP'),
	(401,'219-322-6759','HP'),
	(402,'760-331-8540','HP'),
	(403,'7802672592','HP'),
	(404,'4053308141','HP'),
	(405,'9729999999','HP'),
	(406,'952-679-4489','HP'),
	(407,'817-266-4536','HP'),
	(408,'928-338-3574','HP'),
	(409,'9283383579','HP'),
	(410,'9283383579','HP'),
	(411,'7802672592','HP'),
	(412,'262-470-4891','HP'),
	(413,'512-990-9014','HP'),
	(414,'7173349949','HP'),
	(415,'5805962624','HP'),
	(416,'96899430603','HP'),
	(417,'3017286774','HP'),
	(418,'720-962-6199','HP'),
	(419,'4342225537','HP'),
	(420,'3252232031','HP'),
	(421,'301-332-1012','HP'),
	(422,'757-647-3821','HP'),
	(423,'8018316967','HP'),
	(424,'917-683-8158','HP'),
	(425,'425-357-9628','HP'),
	(426,'937-886-0835','HP'),
	(427,'4154415785','HP'),
	(428,'214 762 8802','HP'),
	(429,'214 762 8802','HP'),
	(430,'3099254311','HP'),
	(431,'3099254311','HP'),
	(432,'941-896-6677','HP'),
	(433,'432-3499550','HP'),
	(434,'941-896-6677','HP'),
	(435,'512-878-7416','HP'),
	(436,'407-952-2871','HP'),
	(437,'323 424-3550','HP'),
	(438,'303-287-3000','HP'),
	(439,'818 4150528','HP'),
	(440,'5046166225','HP'),
	(441,'734-525-1227','HP'),
	(442,'7572498760','HP'),
	(443,'701-360-2912','HP'),
	(444,'508-885-5103','HP'),
	(445,'7149993995','HP'),
	(446,'281-821-1160','HP'),
	(447,'724-846-5030','HP'),
	(448,'512-791-8182','HP'),
	(449,'441865864427','HP'),
	(450,'310-248-6632','HP'),
	(451,'845-531-3160','HP'),
	(452,'630-251-0468','HP'),
	(453,'321-841-6047','HP'),
	(454,'6468123637','HP'),
	(455,'917-558-0005','HP'),
	(456,'630-251-0468','HP'),
	(457,'630-251-0468','HP'),
	(458,'715-623-9373','HP'),
	(459,'715-623-9373','HP'),
	(460,'7023322434','HP'),
	(461,'7189677587','HP'),
	(462,'6057198252','HP'),
	(463,'4195712004','HP'),
	(464,'937-734-1825','HP'),
	(465,'780-757-2179','HP'),
	(466,'215-503-7509','HP'),
	(467,'242-302-4641','HP'),
	(468,'7575995554','HP'),
	(469,'307-251-3233','HP'),
	(470,'808-230-6395','HP'),
	(471,'917-558-0005','HP'),
	(472,'917-558-0005','HP'),
	(473,'2019707573','HP'),
	(474,'417-358-5500','HP'),
	(475,'3043883587','HP'),
	(476,'610-329-1205','HP'),
	(477,'3137225882','HP'),
	(478,'703-371-1376','HP'),
	(479,'559-269-2446','HP'),
	(480,'510-318-0348','HP'),
	(481,'949-246-9128','HP'),
	(482,'2147287905','HP'),
	(483,'727-992-2135','HP'),
	(484,'4195712004','HP'),
	(485,'352-337-6021','HP'),
	(486,'559-779-6530','HP'),
	(487,'559-779-6530','HP'),
	(488,'714-524-6027','HP'),
	(489,'8159373077','HP'),
	(490,'503-571-4272','HP'),
	(491,'3093103786','HP'),
	(492,'917-558-0005','HP'),
	(493,'630-849-3738','HP'),
	(494,'708-299-2415','HP'),
	(495,'949-246-9128','HP'),
	(496,'9194901623','HP'),
	(497,'2019162446','HP'),
	(498,'865-233-5413','HP'),
	(499,'3615509243','HP'),
	(500,'904-725-0526','HP'),
	(501,'614-208-7395','HP'),
	(502,'7573936582','HP'),
	(503,'262-434-6786','HP'),
	(504,'504 394-9433','HP'),
	(505,'917 446 5167','HP'),
	(506,'7278170932','HP'),
	(507,'7012348469','HP'),
	(508,'520-906-6447','HP'),
	(509,'3522380377','HP'),
	(510,'314-286-0832','HP'),
	(511,'16842525208','HP'),
	(512,'937-886-0835','HP'),
	(513,'5705333622','HP'),
	(514,'505-506-7009','HP'),
	(515,'530.673.6656','HP'),
	(516,'630-325-4062','HP'),
	(517,'5056096139','HP'),
	(518,'919-684-1870','HP'),
	(519,'9035650720','HP'),
	(520,'813-644-4663','HP'),
	(521,'3034031127','HP'),
	(522,'605-413-8405','HP'),
	(523,'801-507-9007','HP'),
	(524,'(812) 696-2420','HP'),
	(525,'8645821391','HP'),
	(526,'925-699-1054','HP'),
	(527,'808-856-2114','HP'),
	(528,'917 446 5167','HP'),
	(529,'914-241-0779','HP'),
	(530,'505-436-2610','HP'),
	(531,'919-614-2203','HP'),
	(532,'6026927916','HP'),
	(533,'5057718099','HP'),
	(534,'859-230-3527','HP'),
	(535,'502-639-3400','HP'),
	(536,'6012015742','HP'),
	(537,'6097053725','HP'),
	(538,'4105279562','HP'),
	(539,'2158372119','HP'),
	(540,'307-251-3233','HP'),
	(541,'6059401194','HP'),
	(542,'703-371-1376','HP'),
	(543,'4062171082','HP'),
	(544,'910-796-8684','HP'),
	(545,'5046166225','HP'),
	(546,'909-844-1780','HP'),
	(547,'516-883-7210','HP'),
	(548,'909-528-6539','HP'),
	(549,'(909) 580-2466','HP'),
	(550,'507-281-2090','HP'),
	(551,'731-426-3021','HP'),
	(552,'2156881617','HP'),
	(553,'503-750-5360','HP'),
	(554,'740-965-9085','HP'),
	(555,'956-488-2348','HP'),
	(556,'639209622734','HP'),
	(557,'4062171082','HP'),
	(558,'802-272-7618','HP'),
	(559,'5702394119','HP'),
	(560,'6059401194','HP'),
	(561,'509-837-2013','HP'),
	(562,'574-274-8356','HP'),
	(563,'845 368-2863','HP'),
	(564,'417-551-4059','HP'),
	(565,'817-995-4677','HP'),
	(566,'7703871787','HP'),
	(567,'832-287-8639','HP'),
	(568,'212 865-9545','HP'),
	(569,'6318644055','HP');

/*!40000 ALTER TABLE `phone` ENABLE KEYS */;
UNLOCK TABLES;


# Dump of table phoneForUser
# ------------------------------------------------------------

DROP TABLE IF EXISTS `phoneForUser`;

CREATE TABLE `phoneForUser` (
  `user_id` int(11) NOT NULL,
  `phone_id` int(11) NOT NULL
) ENGINE=InnoDB DEFAULT CHARSET=latin1;

LOCK TABLES `phoneForUser` WRITE;
/*!40000 ALTER TABLE `phoneForUser` DISABLE KEYS */;

INSERT INTO `phoneForUser` (`user_id`, `phone_id`)
VALUES
	(7,1),
	(57,3),
	(60,4),
	(93,464),
	(94,465),
	(95,467),
	(98,469),
	(100,470),
	(101,473),
	(102,474),
	(103,475),
	(104,476),
	(106,477),
	(107,479),
	(109,480),
	(110,483),
	(111,485),
	(112,487),
	(114,488),
	(115,489),
	(116,490),
	(117,491),
	(120,493),
	(121,496),
	(122,500),
	(123,501),
	(125,499),
	(126,502),
	(127,507),
	(150,338),
	(151,5),
	(152,6),
	(153,7),
	(154,8),
	(155,11),
	(156,15),
	(157,10),
	(158,19),
	(159,21),
	(160,24),
	(161,22),
	(162,9),
	(163,12),
	(164,17),
	(165,13),
	(166,568),
	(167,25),
	(168,27),
	(169,16),
	(170,30),
	(171,413),
	(172,18),
	(173,23),
	(174,32),
	(175,33),
	(176,128),
	(177,20),
	(178,100),
	(179,343),
	(180,157),
	(181,61),
	(182,555),
	(183,335),
	(184,39),
	(185,41),
	(186,62),
	(187,35),
	(188,34),
	(189,43),
	(190,63),
	(191,36),
	(192,179),
	(193,53),
	(194,42),
	(195,54),
	(196,58),
	(197,64),
	(198,60),
	(199,528),
	(200,68),
	(201,57),
	(202,69),
	(203,56),
	(204,59),
	(205,119),
	(206,71),
	(207,73),
	(208,498),
	(209,66),
	(210,77),
	(211,72),
	(212,80),
	(213,79),
	(214,81),
	(215,82),
	(216,83),
	(217,329),
	(218,85),
	(219,221),
	(220,78),
	(221,84),
	(222,88),
	(223,90),
	(224,92),
	(225,93),
	(226,95),
	(227,192),
	(228,87),
	(229,89),
	(230,91),
	(231,96),
	(232,352),
	(233,98),
	(234,94),
	(235,169),
	(236,102),
	(237,103),
	(238,105),
	(239,104),
	(240,111),
	(241,112),
	(242,569),
	(243,115),
	(244,368),
	(245,123),
	(246,114),
	(247,116),
	(248,118),
	(249,120),
	(250,126),
	(251,129),
	(252,130),
	(253,121),
	(254,122),
	(255,125),
	(256,132),
	(257,135),
	(258,124),
	(259,139),
	(260,144),
	(261,133),
	(262,147),
	(263,136),
	(264,140),
	(265,141),
	(266,146),
	(267,149),
	(268,151),
	(270,154),
	(271,155),
	(272,453),
	(273,159),
	(274,341),
	(275,158),
	(276,196),
	(277,383),
	(278,439),
	(279,167),
	(280,168),
	(281,162),
	(282,188),
	(283,170),
	(284,172),
	(285,174),
	(286,164),
	(287,165),
	(288,171),
	(289,362),
	(290,175),
	(291,176),
	(292,350),
	(293,178),
	(294,180),
	(295,181),
	(296,182),
	(297,373),
	(298,189),
	(299,193),
	(300,197),
	(301,345),
	(302,403),
	(303,384),
	(304,191),
	(305,194),
	(306,195),
	(307,200),
	(308,201),
	(309,202),
	(310,204),
	(311,198),
	(312,199),
	(313,203),
	(314,207),
	(315,209),
	(316,205),
	(317,206),
	(318,208),
	(319,395),
	(320,404),
	(321,340),
	(322,214),
	(323,216),
	(324,218),
	(325,219),
	(326,401),
	(327,315),
	(328,300),
	(329,354),
	(330,224),
	(331,217),
	(332,563),
	(333,229),
	(334,400),
	(335,233),
	(336,421),
	(337,230),
	(338,337),
	(339,236),
	(340,237),
	(341,222),
	(342,223),
	(343,231),
	(344,386),
	(345,319),
	(346,332),
	(347,241),
	(348,242),
	(349,301),
	(350,244),
	(351,235),
	(352,238),
	(353,251),
	(354,252),
	(355,256),
	(356,416),
	(357,248),
	(358,254),
	(359,363),
	(360,339),
	(361,245),
	(362,246),
	(363,249),
	(364,253),
	(365,264),
	(366,399),
	(367,250),
	(368,257),
	(369,260),
	(370,266),
	(371,259),
	(372,262),
	(373,267),
	(374,270),
	(375,274),
	(376,261),
	(377,268),
	(378,272),
	(379,334),
	(380,277),
	(381,355),
	(382,387),
	(383,269),
	(384,275),
	(385,280),
	(386,284),
	(387,289),
	(388,291),
	(389,293),
	(390,281),
	(391,282),
	(392,283),
	(393,285),
	(394,286),
	(395,287),
	(396,288),
	(397,290),
	(398,292),
	(399,336),
	(400,344),
	(401,302),
	(402,304),
	(403,306),
	(404,367),
	(405,296),
	(406,297),
	(407,303),
	(408,309),
	(409,311),
	(410,298),
	(411,316),
	(412,321),
	(413,307),
	(414,310),
	(415,320),
	(416,323),
	(417,312),
	(418,313),
	(419,314),
	(420,317),
	(421,330),
	(422,327),
	(423,325),
	(424,333),
	(425,322),
	(426,328),
	(427,346),
	(428,349),
	(429,551),
	(430,348),
	(431,351),
	(432,353),
	(433,342),
	(434,358),
	(435,359),
	(436,364),
	(437,365),
	(438,356),
	(439,372),
	(440,357),
	(441,360),
	(442,370),
	(443,402),
	(444,374),
	(445,420),
	(446,381),
	(447,385),
	(448,419),
	(449,371),
	(450,520),
	(451,378),
	(452,379),
	(453,424),
	(454,388),
	(455,389),
	(456,390),
	(457,391),
	(458,382),
	(459,394),
	(460,396),
	(461,398),
	(462,407),
	(463,392),
	(464,405),
	(465,406),
	(466,408),
	(467,414),
	(468,393),
	(469,410),
	(470,412),
	(471,438),
	(472,417),
	(473,415),
	(474,418),
	(475,422),
	(476,423),
	(477,425),
	(478,426),
	(479,427),
	(480,429),
	(481,431),
	(482,434),
	(483,433),
	(484,437),
	(485,441),
	(486,444),
	(487,435),
	(488,436),
	(489,442),
	(490,445),
	(491,448),
	(492,545),
	(493,447),
	(494,0),
	(495,451),
	(496,443),
	(497,449),
	(498,456),
	(499,446),
	(500,459),
	(501,460),
	(502,462),
	(503,450),
	(504,461),
	(505,463),
	(506,454),
	(507,455),
	(508,508),
	(509,510),
	(510,495),
	(511,482),
	(512,484),
	(513,511),
	(514,512),
	(515,494),
	(516,509),
	(517,513),
	(518,514),
	(519,503),
	(520,515),
	(521,517),
	(522,518),
	(523,519),
	(524,504),
	(525,522),
	(526,523),
	(527,524),
	(528,526),
	(529,525),
	(530,529),
	(531,527),
	(532,530),
	(533,531),
	(534,533),
	(535,534),
	(536,532),
	(537,535),
	(538,536),
	(539,537),
	(540,538),
	(541,539),
	(542,560),
	(543,542),
	(544,557),
	(545,546),
	(546,540),
	(547,544),
	(548,553),
	(549,556),
	(550,547),
	(551,548),
	(552,549),
	(553,550),
	(554,552),
	(555,554),
	(556,558),
	(557,559),
	(558,561),
	(559,562),
	(560,564),
	(561,565),
	(562,566),
	(563,567);

/*!40000 ALTER TABLE `phoneForUser` ENABLE KEYS */;
UNLOCK TABLES;


# Dump of table phoneType
# ------------------------------------------------------------

DROP TABLE IF EXISTS `phoneType`;

CREATE TABLE `phoneType` (
  `id` int(11) DEFAULT NULL,
  `phone_type` varchar(2) DEFAULT NULL,
  `name` varchar(11) DEFAULT NULL
) ENGINE=InnoDB DEFAULT CHARSET=latin1;

LOCK TABLES `phoneType` WRITE;
/*!40000 ALTER TABLE `phoneType` DISABLE KEYS */;

INSERT INTO `phoneType` (`id`, `phone_type`, `name`)
VALUES
	(1,'HP','Home'),
	(2,'CP','Cell'),
	(3,'FX','Fax'),
	(4,'OP','Office');

/*!40000 ALTER TABLE `phoneType` ENABLE KEYS */;
UNLOCK TABLES;


# Dump of table productCategories
# ------------------------------------------------------------

DROP TABLE IF EXISTS `productCategories`;

CREATE TABLE `productCategories` (
  `category_id` int(11) unsigned NOT NULL AUTO_INCREMENT,
  `category_name` varchar(255) DEFAULT NULL,
  `published` int(11) DEFAULT NULL,
  `directLink` varchar(200) DEFAULT NULL,
  PRIMARY KEY (`category_id`)
) ENGINE=InnoDB DEFAULT CHARSET=latin1;

LOCK TABLES `productCategories` WRITE;
/*!40000 ALTER TABLE `productCategories` DISABLE KEYS */;

INSERT INTO `productCategories` (`category_id`, `category_name`, `published`, `directLink`)
VALUES
	(1,'Webinar Series',1,'webinar-series'),
	(2,'Renal Products',1,'renal-products'),
	(3,'(Members Only) RNF Reprints',1,'members-only-rnf-reprints'),
	(4,'(Non-Members) RNF Reprints',1,'non-members-rnf-reprints'),
	(5,'(Members Only) Cookbooks',1,'members-only-cookbooks'),
	(6,'(Members Only) Fitness',1,'members-only-fitness'),
	(7,'(Members Only) Stone Management',1,'members-only-stone-management'),
	(8,'(Members Only) Alternative Medicine',1,'members-only-alternative-medicine'),
	(9,'(Members Only) Medical Nutrition Therapy',1,'members-only-medical-nutrition-therapy'),
	(10,'(Members Only) Research',1,'members-only-research'),
	(11,'(Members Only) Self Assessments',1,'members-only-self-assessments'),
	(12,'(Members Only) DVDs',1,'members-only-dvds');

/*!40000 ALTER TABLE `productCategories` ENABLE KEYS */;
UNLOCK TABLES;


# Dump of table products
# ------------------------------------------------------------

DROP TABLE IF EXISTS `products`;

CREATE TABLE `products` (
  `product_id` int(11) unsigned NOT NULL AUTO_INCREMENT,
  `product_name` varchar(250) DEFAULT NULL,
  `content` text,
  `NM_price` float DEFAULT NULL,
  `M_price` float DEFAULT NULL,
  `I_price` float DEFAULT NULL,
  `featured` tinyint(11) NOT NULL DEFAULT '0',
  `directLink` varchar(250) DEFAULT NULL,
  `shipping` float DEFAULT NULL,
  `external` varchar(600) DEFAULT NULL,
  `type` tinyint(11) DEFAULT NULL,
  `download` varchar(600) DEFAULT NULL,
  `published` tinyint(3) NOT NULL DEFAULT '1',
  `front_page` tinyint(3) NOT NULL DEFAULT '0',
  `out_of_stock` tinyint(3) NOT NULL DEFAULT '0',
  `quantity` tinyint(3) NOT NULL DEFAULT '1',
  PRIMARY KEY (`product_id`),
  KEY `product_name` (`product_name`),
  KEY `featured` (`featured`),
  KEY `frontpage` (`front_page`),
  KEY `type` (`type`)
) ENGINE=InnoDB DEFAULT CHARSET=latin1;

LOCK TABLES `products` WRITE;
/*!40000 ALTER TABLE `products` DISABLE KEYS */;

INSERT INTO `products` (`product_id`, `product_name`, `content`, `NM_price`, `M_price`, `I_price`, `featured`, `directLink`, `shipping`, `external`, `type`, `download`, `published`, `front_page`, `out_of_stock`, `quantity`)
VALUES
	(1,'Renal Nutrition DPG: CSR Webinar Series  Session #1 Recorded','<p><span style=\"font-family: arial,helvetica,sans-serif;\"><span style=\"font-size: small;\"><strong><span style=\"text-decoration: underline;\">First Topic<br /></span></strong>Early CKD (Conservative Management of Chronic Kidney Disease)<br />by Marianne Hutton, RD CSR CDE</span></span></p><p><span style=\"font-family: arial,helvetica,sans-serif;\"><span style=\"font-size: small;\">Increase awareness of:</span></span></p><ul><li><div><span style=\"font-family: arial,helvetica,sans-serif;\"><span style=\"font-size: small;\">Risk facts and prevalence of CKD<br /></span></span></div></li><li><div><span style=\"font-family: arial,helvetica,sans-serif;\"><span style=\"font-size: small;\">Clinical practice guidelines and nutrition interventions that may delay progression of CKD<br /></span></span></div></li><li><div><span style=\"font-family: arial,helvetica,sans-serif;\"><span style=\"font-size: small;\">Conservative management of pre dialysis (18 years or older)</span></span></div></li></ul><p><br /><span style=\"font-family: arial,helvetica,sans-serif;\"><span style=\"font-size: small;\"><strong><span style=\"text-decoration: underline;\">Second Topic</span></strong><br />Nutrition and Hemodialysis <br />by Paula Frost, RD, CSR, LD </span></span></p><ul><li><div><span style=\"font-family: arial,helvetica,sans-serif;\"><span style=\"font-size: small;\">Evaluation of Nutritional Status<br /></span></span></div></li><li><div><span style=\"font-family: arial,helvetica,sans-serif;\"><span style=\"font-size: small;\">Lab Tests for HD nutritional Assessment<br /></span></span></div></li><li><div><span style=\"font-family: arial,helvetica,sans-serif;\"><span style=\"font-size: small;\">Development and Implementation of Interventions <br /></span></span></div></li><li><div><span style=\"font-family: arial,helvetica,sans-serif;\"><span style=\"font-size: small;\">Putting it all together in a Case study</span></span></div></li></ul><p><span style=\"font-size: 9pt;\"><span style=\"font-family: arial,helvetica,sans-serif;\"><span style=\"font-size: small;\"><strong><a href=\"../Webinar_Viewing_Tips.pdf\" target=\"_blank\">Webinar Viewing Tips (pdf)</a></strong></span></span></span></p><p><span style=\"font-size: 9pt;\"><span style=\"font-family: arial,helvetica,sans-serif;\"><span style=\"font-size: small;\"><strong>Webinar Viewing Tip:</strong>&nbsp; The webinar is a very large file and will take a while to load.&nbsp; <span style=\"color: #ff0000;\"><strong>DO NOT</strong> </span>click the view button more than once while the file is loading or you may use an additional download.&nbsp; You are allowed 5 downloads/webinar purchased. &nbsp;Also, even if&nbsp;you do not&nbsp;view the entire webinar recording when you access the file,&nbsp;it still&nbsp;will be considered 1 view or 1 download used. From the date of purchase, you have <strong>1 year</strong> to use/view the CSR recorded webinars. The recorded webinars can be viewed 5 times each within the <strong>1 year</strong> period.</span></span></span></p><p><span style=\"font-family: arial,helvetica,sans-serif;\"><span style=\"font-size: small;\"><span style=\"color: #ff0000;\"><strong>Note</strong></span>: Tests at the end of the webinar are only for personal comprehension use and NOT for CPEU credit.</span></span></p><p>&nbsp;</p>',25,15,0,0,'renal-nutrition-dpg-csr-webinar-series--session-1-recorded',0,'/files/products/Session1Renal.flv',1,'/files/products/Session1.zip',1,0,0,1),
	(2,'Renal Nutrition DPG : CSR Webinar Series  Session #2 Recorded','<p><span style=\"font-family: arial,helvetica,sans-serif;\"><span style=\"font-size: small;\"><strong><span style=\"text-decoration: underline;\">First Topic</span></strong><br />Acute Kidney Injury<br />by Ann Beemer Cotton, MS, RD, CNSD</span></span></p><ul><li><div><span style=\"font-family: arial,helvetica,sans-serif;\"><span style=\"font-size: small;\">Diagnostic Criteria for AKI<br /></span></span></div></li><li><div><span style=\"font-family: arial,helvetica,sans-serif;\"><span style=\"font-size: small;\">Classification/Staging System for AKI<br /></span></span></div></li><li><div><span style=\"font-family: arial,helvetica,sans-serif;\"><span style=\"font-size: small;\">AKI Etiologies<br /></span></span></div></li><li><div><span style=\"font-family: arial,helvetica,sans-serif;\"><span style=\"font-size: small;\">MNT in AKI Stages 1-3 and Recovery<br /></span></span></div></li><li><div><span style=\"font-family: arial,helvetica,sans-serif;\"><span style=\"font-size: small;\">Case Studies</span></span></div></li></ul><p><span style=\"font-family: arial,helvetica,sans-serif;\"><span style=\"font-size: small;\"><strong><span style=\"text-decoration: underline;\">Second Topic<br /></span></strong>Nutrition in Pediatric Renal Care<br />by Cynthia J. Terrill, RD, CSR, CD</span></span></p><ul><li><div><span style=\"font-family: arial,helvetica,sans-serif;\"><span style=\"font-size: small;\">Causes of Renal Failure in pediatric patients<br /></span></span></div></li><li><div><span style=\"font-family: arial,helvetica,sans-serif;\"><span style=\"font-size: small;\">Conservative Treatment of Choice<br /></span></span></div></li><li><div><span style=\"font-family: arial,helvetica,sans-serif;\"><span style=\"font-size: small;\">Renal Failure in Children<br /></span></span></div></li><li><div><span style=\"font-family: arial,helvetica,sans-serif;\"><span style=\"font-size: small;\">Nutritional Goals for pediatric renal patient<br /></span></span></div></li><li><div><span style=\"font-family: arial,helvetica,sans-serif;\"><span style=\"font-size: small;\">Barriers in achieving optimal growth and nutritional status<br /></span></span></div></li><li><div><span style=\"font-family: arial,helvetica,sans-serif;\"><span style=\"font-size: small;\">Nutritional Assessment<br /></span></span></div></li><li><div><span style=\"font-family: arial,helvetica,sans-serif;\"><span style=\"font-size: small;\">Nutritional issues associated with CKD in Children<br /></span></span></div></li><li><div><span style=\"font-family: arial,helvetica,sans-serif;\"><span style=\"font-size: small;\">Diet modification for Adolescents with CKD<br /></span></span></div></li><li><div><span style=\"font-family: arial,helvetica,sans-serif;\"><span style=\"font-size: small;\">Case Studies</span></span></div></li></ul><p><span style=\"font-family: arial,helvetica,sans-serif;\"><span style=\"font-size: small;\"><strong><a href=\"../Webinar_Viewing_Tips.pdf\" target=\"_blank\">Webinar Viewing Tips (pdf)</a></strong></span></span></p><p><span style=\"font-family: arial,helvetica,sans-serif;\"><span style=\"font-size: small;\"><strong>Webinar Viewing Tip:</strong>&nbsp; The webinar is a very large file and will take a while to load.&nbsp; <span style=\"color: #ff0000;\"><strong>DO NOT</strong> </span>click the view button more than once while the file is loading or you may use an additional download.&nbsp; You are allowed 5 downloads/webinar purchased. &nbsp;Also, even if&nbsp;you do not&nbsp;view the entire webinar recording when you access the file,&nbsp;it still&nbsp;will be considered 1 view or 1 download used. From the date of purchase, you have <strong>1 year</strong> to use/view the CSR recorded webinars. The recorded webinars can be viewed 5 times each within the <strong>1 year </strong>period.</span></span></p><p><span style=\"font-family: arial,helvetica,sans-serif;\"><span style=\"font-size: small;\"><span style=\"color: #ff0000;\"><strong>Note</strong></span>: Tests at the end of the webinar are only for personal comprehension use and NOT for CPEU credit.</span></span></p><p><span style=\"font-family: arial,helvetica,sans-serif;\"><span style=\"font-size: small;\"><strong></strong></span></span>&nbsp;</p>',25,15,0,0,'renal-nutrition-dpg-csr-webinar-series--session-2-recorded',0,'/files/products/RENAL2.flv',1,'/files/products/session2.zip',1,0,0,1),
	(3,'Renal Nutrition DPG : CSR Webinar Series  Session #3 Recorded','<p><span style=\"font-family: arial,helvetica,sans-serif;\"><span style=\"font-size: small;\"><strong><span style=\"text-decoration: underline;\">First Topic<br /></span></strong>Defining, Recognizing and Achieving&nbsp; Adequate Hemo and Peritoneal Dialysis Dosages<br />by Faith Tootell, MS. RD, CSR, FADA</span></span></p><ul><li><div><span style=\"font-family: arial,helvetica,sans-serif;\"><span style=\"font-size: small;\">Identify three proposed changes in the K/DOQI Clinical Practice </span></span></div></li><li><div><span style=\"font-family: arial,helvetica,sans-serif;\"><span style=\"font-size: small;\">Guideline for HD Adequacy-2006<br /></span></span></div></li><li><div><span style=\"font-family: arial,helvetica,sans-serif;\"><span style=\"font-size: small;\">Define 2 distinct types of PD membranes and determine which type of PD is the most suitable option for each.<br /></span></span></div></li><li><div><span style=\"font-family: arial,helvetica,sans-serif;\"><span style=\"font-size: small;\">Describe clinical features of patients w/both adequate and insufficient delivered dialysis dosages. </span></span></div></li></ul><p><span style=\"font-family: arial,helvetica,sans-serif;\"><span style=\"font-size: small;\"><strong><span style=\"text-decoration: underline;\">Second Topic<br /></span></strong>Realizing Peritoneal Dialysis <br />by Faith Tootell, MS. RD, CSR, FADA</span></span></p><ul><li><div><span style=\"font-family: arial,helvetica,sans-serif;\"><span style=\"font-size: small;\">Identify 3 different PD therapy methods<br /></span></span></div></li><li><div><span style=\"font-family: arial,helvetica,sans-serif;\"><span style=\"font-size: small;\">Correctly estimate the total daily intake of kcal from glucose absorbed from pts&rsquo; dialysate solution<br /></span></span></div></li><li><div><span style=\"font-family: arial,helvetica,sans-serif;\"><span style=\"font-size: small;\">Identify 3 complications of PD and corresponding interventions to rectify them<br /></span></span></div></li><li><div><span style=\"font-family: arial,helvetica,sans-serif;\"><span style=\"font-size: small;\">K/DOQI nutritional recommendations for pts on PD</span></span></div></li></ul><p><span style=\"font-family: arial,helvetica,sans-serif;\"><span style=\"font-size: small;\"><strong><a href=\"../Webinar_Viewing_Tips.pdf\" target=\"_blank\">Webinar Viewing Tips (pdf)</a></strong></span></span></p><p><span style=\"font-family: arial,helvetica,sans-serif;\"><span style=\"font-size: small;\"><strong>Webinar Viewing Tip:</strong>&nbsp; <br />The webinar is a very large file and will take a while to load.&nbsp; <strong><span style=\"color: #ff0000;\">DO NOT </span></strong>click the view button more than once while the file is loading or you may use an additional download.&nbsp; You are allowed 5 downloads/webinar purchased. &nbsp;Also, even if&nbsp;you do not&nbsp;view the entire webinar recording when you access the file,&nbsp;it still&nbsp;will be considered 1 view or 1 download used. From the date of purchase, you have <strong>1 year </strong>to use/view the CSR recorded webinars. The recorded webinars can be viewed 5 times each within the <strong>1 year </strong>period.</span></span></p><p><span style=\"font-family: arial,helvetica,sans-serif;\"><span style=\"font-size: small;\"><span style=\"color: #ff0000;\"><strong>Note</strong></span>: Tests at the end of the webinar are only for personal comprehension use and NOT for CPEU credit.</span></span></p>',25,15,0,0,'renal-nutrition-dpg-csr-webinar-series--session-3-recorded',0,'/files/products/Renal3242010_webinar.flv',1,'/files/products/renal_session3.zip',1,0,0,1),
	(4,'Renal Nutrition DPG : CSR Webinar Series  Session #4 Recorded','<p><span style=\"font-family: arial,helvetica,sans-serif;\"><span style=\"font-size: small;\"><strong><span style=\"text-decoration: underline;\">First Topic</span></strong><br />Nutrition &amp; Transplant<br />by Carolyn Cochran, MS, RD/LD, CDE</span></span></p><ul><li><div><span style=\"font-family: arial,helvetica,sans-serif;\"><span style=\"font-size: small;\">Pre-Transplant Evaluation &amp; Education<br /></span></span></div></li><li><div><span style=\"font-family: arial,helvetica,sans-serif;\"><span style=\"font-size: small;\">Pre-transplant interventions<br /></span></span></div></li><li><div><span style=\"font-family: arial,helvetica,sans-serif;\"><span style=\"font-size: small;\">Immunosuppressive&nbsp; Medications<br /></span></span></div></li><li><div><span style=\"font-family: arial,helvetica,sans-serif;\"><span style=\"font-size: small;\">Acute Care Post Transplant<br /></span></span></div></li><li><div><span style=\"font-family: arial,helvetica,sans-serif;\"><span style=\"font-size: small;\">Nutrition Care Post Transplant and Long Term Issues<br /></span></span></div></li><li><div><span style=\"font-family: arial,helvetica,sans-serif;\"><span style=\"font-size: small;\">Nutrition &amp; Intercurrent Illness<br /></span></span></div></li><li><div><span style=\"font-family: arial,helvetica,sans-serif;\"><span style=\"font-size: small;\">Nutrition &amp; Chronic Graft Dysfunction</span></span></div></li></ul><p><span style=\"font-family: arial,helvetica,sans-serif;\"><span style=\"font-size: small;\"><strong><span style=\"text-decoration: underline;\">Second Topic<br /></span></strong>CSR Test Taking 101<br />by Patricia Williams, RD, CSR, LDN</span></span></p><ul><li><div><span style=\"font-family: arial,helvetica,sans-serif;\"><span style=\"font-size: small;\">Review testing procedure and layout<br /></span></span></div></li><li><div><span style=\"font-family: arial,helvetica,sans-serif;\"><span style=\"font-size: small;\">Review tips for taking the CSR exam<br /></span></span></div></li><li><div><span style=\"font-family: arial,helvetica,sans-serif;\"><span style=\"font-size: small;\">Discuss simulation sample test problem</span></span></div></li></ul><p><span style=\"font-family: arial,helvetica,sans-serif;\"><span style=\"font-size: small;\"><strong><a href=\"../Webinar_Viewing_Tips.pdf\" target=\"_blank\">Webinar Viewing Tips (pdf)</a></strong></span></span></p><p><span style=\"font-family: arial,helvetica,sans-serif;\"><span style=\"font-size: small;\"><strong>Webinar Viewing Tip:</strong>&nbsp; The webinar is a very large file and will take a while to load.&nbsp; <span style=\"color: #ff0000;\"><strong>DO NOT</strong> </span>click the view button more than once while the file is loading or you may use an additional download.&nbsp; You are allowed 5 downloads/webinar purchased. &nbsp;Also, even if&nbsp;you do not&nbsp;view the entire webinar recording when you access the file,&nbsp;it still&nbsp;will be considered 1 view or 1 download used. From the date of purchase, you have <strong>1 year </strong>to use/view the CSR recorded webinars. The recorded webinars can be viewed 5 times each within the <strong>1 year</strong> period.</span></span></p><p><span style=\"font-family: arial,helvetica,sans-serif;\"><span style=\"font-size: small;\"><span style=\"color: #ff0000;\"><strong>Note</strong></span>: Tests at the end of the webinar are only for personal comprehension use and NOT for CPEU credit.<br /></span></span></p>',25,15,0,0,'renal-nutrition-dpg-csr-webinar-series--session-4-recorded',0,'/files/products/2010-04-21 10.flv',1,'/files/products/webinar4.zip',1,0,0,1),
	(5,'Eating Simply with Renal Disease (English Version)','<p>Eating Simply with Renal Disease <br />Simple overview of the renal nutrition plan for patients with CKD Stage 5. (Twenty-five per package.)</p><p><strong>Member Price:</strong>&nbsp;$<span style=\"text-decoration: line-through;\">15.50 per pkg</span>&nbsp;<strong>Now Only $7.75 per pkg!<br />Non-Member Price:</strong> <span style=\"text-decoration: line-through;\">$20.50 per pkg</span> <strong>Now Only $10.25 per pkg!</strong></p><p>*Shipping/Handling:<br />1-3 pkgs = $5.95<br />4-13 pkgs=$12.95<br />14-20 pkgs=$16.50</p><p>For additional information regarding content or questions about Eating Simply with Renal Disease, please contact the Renal Practice Group\'s Education Chair Dee Hartwell&nbsp;at <a href=\"mailto:di8tician@aol.com\">di8tician@aol.com</a></p>',0,7.75,0,0,'eating-simply-with-renal-disease-english-version',1,'',2,'',1,0,0,1),
	(6,'Eating Simply with Renal Disease Download (English Version)','<p>Eating Simply with Renal Disease <br />Simple overview of the renal nutrition plan for patients with CKD Stage 5.</p><p><strong>Pricing:</strong><br />Member $5.00 <br />Non-Member $7.00 <br />Institution $10.00 <br />(Limit of 5 user access to file once purchased.)</p><p>Sample of brochure: <a href=\"../files/ESRD_brochure_sample.pdf\" target=\"_blank\">Click Here</a></p><p><strong>To print brochure download</strong>: Use 8 1/2 x 11 paper</p><p>For additional information about Eating Simply with Renal Disease, please email <a href=\"mailto:helpU@renalnutrition.org\">helpU@renalnutrition.org</a>.<a href=\"mailto:di8tician@aol.com\"></a></p>',7,5,10,0,'eating-simply-with-renal-disease-download-english-version',0,'',2,'/files/products/ESRD_brochure_v6.pdf',1,0,0,1),
	(7,'Eating Simply with Renal Disease Download (Spanish Version) ','<p>Eating Simply with Renal Disease (Spanish)<br />Simple overview of the renal nutrition plan for patients with CKD Stage 5.</p><p><strong>Pricing:</strong><br />Member $5.00 <br />Non-Member $7.00 <br />Institution $10.00 <br />(Limit of 5 user access to file once purchased.)</p><p>Sample of brochure (sample version): <a href=\"../files/ESRD_brochure_spanish_sample.pdf\" target=\"_blank\">Click Here</a></p><p><strong>To print brochure download</strong>: Use 8 1/2 x 11 paper</p><p>For additional information about Eating Simply with Renal Disease, please email <a href=\"mailto:helpU@renalnutrition.org\">helpU@renalnutrition.org</a>.<a href=\"mailto:di8tician@aol.com\"></a></p>',7,5,10,0,'eating-simply-with-renal-disease-download-spanish-version',0,'',2,'/files/products/ESRD_brochure_spanish_v3.pdf',1,0,0,1),
	(8,'Eating Simply with Renal Disease (Spanish Version)','<p>Eating Simply with Renal Disease <br />Simple overview of the renal nutrition plan for patients with CKD Stage 5. (Twenty-five per package.)</p><p><strong><span style=\"color: #ff0000;\">Now 75% off!<br /></span>Member Price: <span style=\"text-decoration: line-through;\">$15.50 per pkg</span> Now Only $3.88 per pkg!&nbsp; <br />Non-Member Price: <span style=\"text-decoration: line-through;\">$20.50 per pkg</span> Now Only $5.13 per pkg!</strong></p><p>*Shipping/Handling:<br />1-3 Items= $5.95<br />4-13 Items=$12.95<br />14-20 Items=$16.50</p><p>For additional information regarding content or questions about Eating Simply with Renal Disease, please contact the Renal Practice Group\'s Education Chair Dee Hartwell at <a href=\"mailto:di8tician@aol.com\">di8tician@aol.com</a></p>',0,3.88,0,0,'eating-simply-with-renal-disease-spanish-version',1,'',2,'',1,0,0,1),
	(9,'(Members Only) RNF Reprint: Preferred Provider: A Key Linkage to Reimbursement','<p>RNF Reprint: Preferred Provider: A Key Linkage to Reimbursement<br />Vol 14 No 1 Winter 95</p><p>Members Only Cost: $2</p><p>The reprints are now downloadable! After you purchase the reprints, you will be able to login to your account and download the reprints immediately.&nbsp; <strong>You will be able to download each reprint 5 times only.</strong></p>',0,2,0,0,'members-only-rnf-reprint-preferred-provider-a-key-linkage-to-reimbursement',0,'',4,'',1,0,0,1),
	(10,'(Members Only) RNF Reprint: Should Hemodialysis Patients Receive Carnitine?','<p>RNF Reprint: Should Hemodialysis Patients Receive Carnitine?<br />Vol 14 No 2 Spring 95</p><p>Cost $2.00</p><p>Reprints are now downloadable! After you purchase the reprint you will be able to log in to your account and dowload the reprint immediately. <strong>You will be able to download each reprint 5 times only.</strong></p>',0,2,0,0,'members-only-rnf-reprint-should-hemodialysis-patients-receive-carnitine',0,'',4,'',1,0,0,1),
	(11,'(Members Only) RNF Reprint: Back to BasicsDo We Need to Think About Zinc?','<p>RNF Reprint: Back to Basics&hellip;Do We Need to Think About Zinc?<br />Vol 14 No 2 Spring 95</p><p>Cost $2.00</p><p>Reprints are now downloadable! After you purchase the reprint you will be able to log in to your account and dowload the reprints immediately. <strong>You will be able to download each reprint 5 times only.</strong></p>',0,2,0,0,'members-only-rnf-reprint-back-to-basicsdo-we-need-to-think-about-zinc',0,'',4,'',1,0,0,1),
	(12,'(Members Only) RNF Reprint: Diet Instruction for Ethnic Dialysis Patients','<p>RNF Reprint: Diet Instruction for Ethnic Dialysis Patients<br />Vol 14 No 3 Summer 95<br /><br />Cost $2.00<br /><br />Reprints are now downloadable! After you purchase the reprint you will be able to log in to your account and dowload the reprint immediately. <strong>You will be able to download each reprint 5 times only.</strong></p>',0,2,0,0,'members-only-rnf-reprint-diet-instruction-for-ethnic-dialysis-patients',0,'',4,'',1,0,0,1),
	(13,'RNF Reprint: Cultural Competence in Renal Dietetics','<p>RNF Reprint: Cultural Competence in Renal Dietetics<br />Vol 14 No 3 Summer 95<br /><br />Cost $2.00<br /><br />Reprints are now downloadable! After you purchase the reprint you will be able to log in to your account and dowload the reprint immediately. <strong>You will be able to download each reprint 5 times only.</strong></p>',0,2,0,0,'rnf-reprint-cultural-competence-in-renal-dietetics',0,'',3,'',1,0,0,1),
	(14,'(Members Only) RNF Reprint: Caribbean Food','<p>RNF Reprint: Caribbean Food<br />Vol 14 No 3 Summer 95<br /><br />Cost $2.00<br /><br />Reprints are now downloadable! After you purchase the reprint you will be able to log in to your account and dowload the reprint immediately. You will be able to download each reprint 5 times only.</p>',0,2,0,0,'members-only-rnf-reprint-caribbean-food',0,'',4,'',1,0,0,1),
	(15,'(Members Only) RNF Reprint: Vitamins, Vitamins Everywhere, But Which One to Choose?','<p>RNF Reprint: Vitamins, Vitamins Everywhere, But Which One to Choose?<br />Vol 14 No 3 Summer 95<br /><br />Cost $2.00<br /><br />Reprints are now downloadable! After you purchase the reprint you will be able to log in to your account and dowload the reprint immediately. <strong>You will be able to download each reprint 5 times only.</strong></p>',0,2,0,0,'members-only-rnf-reprint-vitamins-vitamins-everywhere-but-which-one-to-choose',0,'',4,'',1,0,0,1),
	(16,'(Members Only) RNF Reprint: The Renal Vegetarian Challenge','<p>RNF Reprint: The Renal Vegetarian Challenge<br />Vol 14 No 3 Summer 95<br /><br />Cost $2.00<br /><br />Reprints are now downloadable! After you purchase the reprint you will be able to log in to your account and dowload the reprint immediately. <strong>You will be able to download each reprint 5 times only.</strong></p>',0,2,0,0,'members-only-rnf-reprint-the-renal-vegetarian-challenge',0,'',4,'',1,0,0,1),
	(17,'RNF Reprint: Malnutrition in the Hemodialysis Patient','<p>RNF Reprint: Malnutrition in the Hemodialysis Patient<br />Vol 14 No 4 Fall 95<br /><br />Cost $2.00<br /><br />Reprints are now downloadable! After you purchase the reprint you will be able to log in to your account and dowload the reprint immediately. <strong>You will be able to download each reprint 5 times only.</strong></p>',0,2,0,0,'rnf-reprint-malnutrition-in-the-hemodialysis-patient',0,'',3,'',1,0,0,1),
	(18,'(Members Only) RNF Reprint: Nutrition Supplements for the Renal Patient','<p>RNF Reprint: Nutrition Supplements for the Renal Patient<br />Vol 14 No 4 Fall 95<br /><br />Cost $2.00<br /><br />Reprints are now downloadable! After you purchase the reprint you will be able to log in to your account and dowload the reprint immediately. <strong>You will be able to download each reprint 5 times only.</strong></p>',0,2,0,0,'members-only-rnf-reprint-nutrition-supplements-for-the-renal-patient',0,'',4,'',1,0,0,1),
	(19,'(Members Only) RNF Reprint: The Wonderful World of Supplements','<p>RNF Reprint: The Wonderful World of Supplements<br />Vol 14 No 4 Fall 95<br /><br />Cost $2.00<br /><br />Reprints are now downloadable! After you purchase the reprint you will be able to log in to your account and dowload the reprint immediately.<strong> You will be able to download each reprint 5 times only.</strong></p>',0,2,0,0,'members-only-rnf-reprint-the-wonderful-world-of-supplements',0,'',4,'',1,0,0,1),
	(20,'RNF Reprint: Intraperitoneal Nutrition: A Review of Current Research','<p>RNF Reprint: Intraperitoneal Nutrition: A Review of Current Research<br />Vol 14 No 4 Fall 95<br /><br />Cost $2.00<br /><br />Reprints are now downloadable! After you purchase the reprint you will be able to log in to your account and dowload the reprint immediately. <strong>You will be able to download each reprint 5 times only.</strong></p>',0,2,0,0,'rnf-reprint-intraperitoneal-nutrition-a-review-of-current-research',0,'',3,'',1,0,0,1),
	(21,'RNF Reprint: Essential Fatty Acid Deficiency in Renal Failure','<p>RNF Reprint: Essential Fatty Acid Deficiency in Renal Failure<br />Vol 15 No 1 Fall 96<br /><br />Cost $2.00<br /><br />Reprints are now downloadable! After you purchase the reprint you will be able to log in to your account and dowload the reprint immediately. <strong>You will be able to download each reprint 5 times only.</strong></p>',0,2,0,0,'rnf-reprint-essential-fatty-acid-deficiency-in-renal-failure',0,'',3,'',1,0,0,1),
	(22,'RNF Reprint: Whats Up: Know the Bare Bone Facts','<p>RNF Reprint: What&rsquo;s Up: Know the Bare Bone Facts<br />Vol 15 No 1 Fall 96<br /><br />Cost $2.00<br /><br />Reprints are now downloadable! After you purchase the reprint you will be able to log in to your account and dowload the reprint immediately. <strong>You will be able to download each reprint 5 times only.</strong></p>',0,2,0,0,'rnf-reprint-whats-up-know-the-bare-bone-facts',0,'',3,'',1,0,0,1),
	(23,'RNF Reprint: Making Sense of Sodium','<p>RNF Reprint: Making Sense of Sodium<br />Vol 15 No 1 Fall 96<br /><br />Cost $2.00<br /><br />Reprints are now downloadable! After you purchase the reprint you will be able to log in to your account and dowload the reprint immediately. <strong>You will be able to download each reprint 5 times only.</strong></p>',0,2,0,0,'rnf-reprint-making-sense-of-sodium',0,'',3,'',1,0,0,1),
	(24,'RNF Reprint: Solving Root Causes','<p>RNF Reprint: Solving Root Causes<br />Vol 15 No 1 Fall 96<br /><br />Cost $2.00<br /><br />Reprints are now downloadable! After you purchase the reprint you will be able to log in to your account and dowload the reprint immediately. <strong>You will be able to download each reprint 5 times only.</strong></p>',0,2,0,0,'rnf-reprint-solving-root-causes',0,'',3,'',1,0,0,1),
	(25,'RNF Reprint: Low Literacy Patient Education: Sharpening Your Counseling Skills','<p>RNF Reprint: Low Literacy Patient Education: Sharpening Your Counseling Skills<br />Vol 15 No 2 Spring 96<br /><br />Cost $2.00<br /><br />Reprints are now downloadable! After you purchase the reprint you will be able to log in to your account and dowload the reprint immediately. <strong>You will be able to download each reprint 5 times only.</strong></p>',0,2,0,0,'rnf-reprint-low-literacy-patient-education-sharpening-your-counseling-skills',0,'',3,'',1,0,0,1),
	(26,'RNF Reprint: Low Literacy Patient Education: Putting Theory Into Practice','<p>RNF Reprint: Low Literacy Patient Education: Putting Theory Into Practice<br />Vol 15 No 2 Spring 96<br /><br />Cost $2.00<br /><br />Reprints are now downloadable! After you purchase the reprint you will be able to log in to your account and dowload the reprint immediately. <strong>You will be able to download each reprint 5 times only.</strong></p>',0,2,0,0,'rnf-reprint-low-literacy-patient-education-putting-theory-into-practice',0,'',3,'',1,0,0,1),
	(27,'RNF Reprint: The Renal Recipe Swap!!!','<p>RNF Reprint: The Renal Recipe Swap!!!<br />Vol 15 No 2 Spring 96<br /><br />Cost $2.00<br /><br />Reprints are now downloadable! After you purchase the reprint you will be able to log in to your account and dowload the reprint immediately. <strong>You will be able to download each reprint 5 times only.</strong></p>',0,2,0,0,'rnf-reprint-the-renal-recipe-swap',0,'',3,'',1,0,0,1),
	(28,'RNF Reprint: Low Literacy Patient Education: A Picture is Worth A Thousand Words','<p>RNF Reprint: Low Literacy Patient Education: A Picture is Worth A Thousand Words<br />Vol 15 No 2 Spring 96<br /><br />Cost $2.00<br /><br />Reprints are now downloadable! After you purchase the reprint you will be able to log in to your account and dowload the reprint immediately. <strong>You will be able to download each reprint 5 times only.</strong></p>',0,2,0,0,'rnf-reprint-low-literacy-patient-education-a-picture-is-worth-a-thousand-words',0,'',3,'',1,0,0,1),
	(29,'RNF Reprint: Computerize Your CQI Program','<p>RNF Reprint: Computerize Your CQI Program<br />Vol 15 No 2 Spring 96<br /><br />Cost $2.00<br /><br />Reprints are now downloadable! After you purchase the reprint you will be able to log in to your account and dowload the reprint immediately. <strong>You will be able to download each reprint 5 times only.</strong></p>',0,2,0,0,'rnf-reprint-computerize-your-cqi-program',0,'',3,'',1,0,0,1),
	(30,'RNF Reprint: Smokeless Tobacco and the Dialysis Patient','<p>RNF Reprint: Smokeless Tobacco and the Dialysis Patient<br />Vol 15 No 2 Spring 96<br /><br />Cost $2.00<br /><br />Reprints are now downloadable! After you purchase the reprint you will be able to log in to your account and dowload the reprint immediately. <strong>You will be able to download each reprint 5 times only.</strong></p>',0,2,0,0,'rnf-reprint-smokeless-tobacco-and-the-dialysis-patient',0,'',3,'',1,0,0,1),
	(31,'RNF Reprint: Getting Involved in Research: Question, Project, Result','<p>RNF Reprint: Getting Involved in Research: Question, Project, Result<br />Vol 15 No 3 Summer 96<br /><br />Cost $2.00<br /><br />Reprints are now downloadable! After you purchase the reprint you will be able to log in to your account and dowload the reprint immediately. <strong>You will be able to download each reprint 5 times only.</strong></p>',0,2,0,0,'rnf-reprint-getting-involved-in-research-question-project-result',0,'',3,'',1,0,0,1),
	(32,'RNF Reprint: Nutrition and Outcomes in Dialysis Patients: A Review','<p>RNF Reprint: Nutrition and Outcomes in Dialysis Patients: A Review<br />Vol 15 No 3 Summer 96<br /><br />Cost $2.00<br /><br />Reprints are now downloadable! After you purchase the reprint you will be able to log in to your account and dowload the reprint immediately. <strong>You will be able to download each reprint 5 times only.</strong></p>',0,2,0,0,'rnf-reprint-nutrition-and-outcomes-in-dialysis-patients-a-review',0,'',3,'',1,0,0,1),
	(33,'RNF Reprint: Outcomes and Quality in Dialysis Care','<p>RNF Reprint: Outcomes and Quality in Dialysis Care<br />Vol 15 No 3 Summer 96<br /><br />Cost $2.00<br /><br />Reprints are now downloadable! After you purchase the reprint you will be able to log in to your account and dowload the reprint immediately. <strong>You will be able to download each reprint 5 times only.</strong></p>',0,2,0,0,'rnf-reprint-outcomes-and-quality-in-dialysis-care',0,'',3,'',1,0,0,1),
	(34,'RNF Reprint: Outcomes Research: Getting Started  Research Resource List','<p>RNF Reprint: Outcomes Research: Getting Started &ndash; Research Resource List<br />Vol 15 No 3 Summer 96<br /><br />Cost $2.00<br /><br />Reprints are now downloadable! After you purchase the reprint you will be able to log in to your account and dowload the reprint immediately.<strong> You will be able to download each reprint 5 times only.</strong></p>',0,2,0,0,'rnf-reprint-outcomes-research-getting-started--research-resource-list',0,'',3,'',1,0,0,1),
	(35,'RNF Reprint: Whats Up? Spreadsheets Are Dietitian Friendly!','<p>RNF Reprint: What&rsquo;s Up? Spreadsheets Are Dietitian Friendly!<br />Vol 15 No 3 Summer 96<br /><br />Cost $2.00<br /><br />Reprints are now downloadable! After you purchase the reprint you will be able to log in to your account and dowload the reprint immediately. <strong>You will be able to download each reprint 5 times only.</strong></p>',0,2,0,0,'rnf-reprint-whats-up-spreadsheets-are-dietitian-friendly',0,'',3,'',1,0,0,1),
	(36,'RNF Reprint: Professionally Speaking Education Protocols Revisited','<p>RNF Reprint: Professionally Speaking Education Protocols Revisited<br />Vol 15 No 3 Summer 96<br /><br />Cost $2.00<br /><br />Reprints are now downloadable! After you purchase the reprint you will be able to log in to your account and dowload the reprint immediately. <strong>You will be able to download each reprint 5 times only.</strong></p>',0,2,0,0,'rnf-reprint-professionally-speaking-education-protocols-revisited',0,'',3,'',1,0,0,1),
	(37,'RNF Reprint: Making Grocery Shopping Easier  Grocery Shopping Guide for Dialysis Patients','<p>RNF Reprint: Making Grocery Shopping Easier &ndash; Grocery Shopping Guide for Dialysis Patients<br />Vol 15 No 3 Summer 96<br /><br />Cost $2.00<br /><br />Reprints are now downloadable! After you purchase the reprint you will be able to log in to your account and dowload the reprint immediately. <strong>You will be able to download each reprint 5 times only.</strong></p>',0,2,0,0,'rnf-reprint-making-grocery-shopping-easier--grocery-shopping-guide-for-dialysis-patients',0,'',3,'',1,0,0,1),
	(38,'RNF Reprint: A Sale on Bananas is Not the Only Cause of Hyperkalemia','<p>RNF Reprint: A Sale on Bananas is Not the Only Cause of Hyperkalemia<br />Vol 15 No 3 Summer 96<br /><br />Cost $2.00<br /><br />Reprints are now downloadable! After you purchase the reprint you will be able to log in to your account and dowload the reprint immediately. You will be able to download each reprint 5 times only.</p>',0,2,0,0,'rnf-reprint-a-sale-on-bananas-is-not-the-only-cause-of-hyperkalemia',0,'',3,'',1,0,0,1),
	(39,'RNF Reprint: CQI : Getting Started','<p>RNF Reprint: CQI : Getting Started<br />Vol 15 No 3 Summer 96<br /><br />Cost $2.00<br /><br />Reprints are now downloadable! After you purchase the reprint you will be able to log in to your account and dowload the reprint immediately. <strong>You will be able to download each reprint 5 times only.</strong></p>',0,2,0,0,'rnf-reprint-cqi-getting-started',0,'',3,'',1,0,0,1),
	(40,'RNF Reprint: Nutrition Management of Diabetes in the Adult Peritoneal Dialysis Patient','<p>RNF Reprint: Nutrition Management of Diabetes in the Adult Peritoneal Dialysis Patient<br />Vol 16 No 4 Fall 96<br /><br />Cost $2.00<br /><br />Reprints are now downloadable! After you purchase the reprint you will be able to log in to your account and dowload the reprint immediately. <strong>You will be able to download each reprint 5 times only.</strong></p>',0,2,0,0,'rnf-reprint-nutrition-management-of-diabetes-in-the-adult-peritoneal-dialysis-patient',0,'',3,'',1,0,0,1),
	(41,'RNF Reprint: Strategies for Clinical Dietetics Survival','<p>RNF Reprint: Strategies for Clinical Dietetics Survival<br />Vol 16 No 4 Fall 96<br /><br />Cost $2.00<br /><br />Reprints are now downloadable! After you purchase the reprint you will be able to log in to your account and dowload the reprint immediately. <strong>You will be able to download each reprint 5 times only.</strong></p>',0,2,0,0,'rnf-reprint-strategies-for-clinical-dietetics-survival',0,'',3,'',1,0,0,1),
	(42,'RNF Reprint: Thirsty Tips for Dialysis Patients','<p>RNF Reprint: Thirsty Tips for Dialysis Patients<br />Vol 16 No 4 Fall 96<br /><br />Cost $2.00<br /><br />Reprints are now downloadable! After you purchase the reprint you will be able to log in to your account and dowload the reprint immediately. <strong>You will be able to download each reprint 5 times only.</strong></p>',0,2,0,0,'rnf-reprint-thirsty-tips-for-dialysis-patients',0,'',3,'',1,0,0,1),
	(43,'RNF Reprint: Malnutrition in Hemodialysis Patients','<p>RNF Reprint: Malnutrition in Hemodialysis Patients<br />Vol 16 No 4 Fall 96<br /><br />Cost $2.00<br /><br />Reprints are now downloadable! After you purchase the reprint you will be able to log in to your account and dowload the reprint immediately. <strong>You will be able to download each reprint 5 times only.</strong></p>',0,2,0,0,'rnf-reprint-malnutrition-in-hemodialysis-patients',0,'',3,'',1,0,0,1),
	(44,'RNF Reprint: Pre-End Stage Renal Disease Medical Nutrition Therapy Protocol','<p>RNF Reprint: Pre-End Stage Renal Disease Medical Nutrition Therapy Protocol<br />Vol 16 No 4 Fall 96<br /><br />Cost $2.00<br /><br />Reprints are now downloadable! After you purchase the reprint you will be able to log in to your account and dowload the reprint immediately. <strong>You will be able to download each reprint 5 times only.</strong></p>',0,2,0,0,'rnf-reprint-pre-end-stage-renal-disease-medical-nutrition-therapy-protocol',0,'',3,'',1,0,0,1),
	(45,'RNF Reprint: CQI and The Extended Care Facility','<p>RNF Reprint: CQI and The Extended Care Facility<br />Vol 16 No 4 Fall 96<br /><br />Cost $2.00<br /><br />Reprints are now downloadable! After you purchase the reprint you will be able to log in to your account and dowload the reprint immediately. <strong>You will be able to download each reprint 5 times only.</strong></p>',0,2,0,0,'rnf-reprint-cqi-and-the-extended-care-facility',0,'',3,'',1,0,0,1),
	(46,'RNF Reprint: Nutrition in the Prevention & Progression of Diabetic Nephropathy','<p>RNF Reprint: Nutrition in the Prevention &amp; Progression of Diabetic Nephropathy<br />Vol 16 No 1 Winter 97<br /><br />Cost $2.00<br /><br />Reprints are now downloadable! After you purchase the reprint you will be able to log in to your account and dowload the reprint immediately. <strong>You will be able to download each reprint 5 times only.</strong></p>',0,2,0,0,'rnf-reprint-nutrition-in-the-prevention-progression-of-diabetic-nephropathy',0,'',3,'',1,0,0,1),
	(47,'RNF Reprint: Advanced Glycosylation End-Products: The Bad Guys?','<p>RNF Reprint: Advanced Glycosylation End-Products: The Bad Guys?<br />Vol 16 No 1 Winter 97<br /><br />Cost $2.00<br /><br />Reprints are now downloadable! After you purchase the reprint you will be able to log in to your account and dowload the reprint immediately. <strong>You will be able to download each reprint 5 times only.</strong></p>',0,2,0,0,'rnf-reprint-advanced-glycosylation-end-products-the-bad-guys',0,'',3,'',1,0,0,1),
	(48,'RNF Reprint: Disaster Planning for Dialysis Patients','<p>RNF Reprint: Disaster Planning for Dialysis Patients<br />Vol 16 No 1 Winter 97<br /><br />Cost $2.00<br /><br />Reprints are now downloadable! After you purchase the reprint you will be able to log in to your account and dowload the reprint immediately. <strong>You will be able to download each reprint 5 times only.</strong></p>',0,2,0,0,'rnf-reprint-disaster-planning-for-dialysis-patients',0,'',3,'',1,0,0,1),
	(49,'RNF Reprint: Understanding Peritoneal Dialysis','<p>RNF Reprint: Understanding Peritoneal Dialysis<br />Vol 16 No 1 Winter 97<br /><br />Cost $2.00<br /><br />Reprints are now downloadable! After you purchase the reprint you will be able to log in to your account and dowload the reprint immediately. <strong>You will be able to download each reprint 5 times only.</strong></p>',0,2,0,0,'rnf-reprint-understanding-peritoneal-dialysis',0,'',3,'',1,0,0,1),
	(50,'RNF Reprint: Enteral Feedings For Renal Patients: A Primer','<p>RNF Reprint: Enteral Feedings For Renal Patients: A Primer<br />Vol 16 No 2 Spring 97<br /><br />Cost $2.00<br /><br />Reprints are now downloadable! After you purchase the reprint you will be able to log in to your account and dowload the reprint immediately.<strong> You will be able to download each reprint 5 times only.</strong></p>',0,2,0,0,'rnf-reprint-enteral-feedings-for-renal-patients-a-primer',0,'',3,'',1,0,0,1),
	(51,'RNF Reprint: Intradialytic Parenteral Nutrition: From Policy to Patient Care','<p>RNF Reprint: Intradialytic Parenteral Nutrition: From Policy to Patient Care<br />Vol 16 No 2 Spring 97<br /><br />Cost $2.00<br /><br />Reprints are now downloadable! After you purchase the reprint you will be able to log in to your account and dowload the reprint immediately. <strong>You will be able to download each reprint 5 times only.</strong></p>',0,2,0,0,'rnf-reprint-intradialytic-parenteral-nutrition-from-policy-to-patient-care',0,'',3,'',1,0,0,1),
	(52,'RNF Reprint: Protein Yes, Phosphorus  No: Helping Patients Cope','<p>RNF Reprint: Protein &ldquo;Yes&rdquo;, Phosphorus &ldquo; No&rdquo;: Helping Patients Cope<br />Vol 16 No 2 Spring 97<br /><br />Cost $2.00<br /><br />Reprints are now downloadable! After you purchase the reprint you will be able to log in to your account and dowload the reprint immediately. <strong>You will be able to download each reprint 5 times only.</strong></p>',0,2,0,0,'rnf-reprint-protein-yes-phosphorus--no-helping-patients-cope',0,'',3,'',1,0,0,1),
	(53,'RNF Reprint: Medical Nutrition Therapy Screening Tool','<p>RNF Reprint: Medical Nutrition Therapy Screening Tool<br />Vol 16 No 2 Spring 97<br /><br />Cost $2.00<br /><br />Reprints are now downloadable! After you purchase the reprint you will be able to log in to your account and dowload the reprint immediately. <strong>You will be able to download each reprint 5 times only.</strong></p>',0,2,0,0,'rnf-reprint-medical-nutrition-therapy-screening-tool',0,'',3,'',1,0,0,1),
	(54,'RNF Reprint: Planning Renal Diets for Nursing Facilities Doesnt Have To Be A Nightmare','<p>RNF Reprint: Planning Renal Diets for Nursing Facilities Doesn&rsquo;t Have To Be A Nightmare<br />Vol 16 No 3 SUmmer 97<br /><br />Cost $2.00<br /><br />Reprints are now downloadable! After you purchase the reprint you will be able to log in to your account and dowload the reprint immediately. <strong>You will be able to download each reprint 5 times only.</strong></p>',0,2,0,0,'rnf-reprint-planning-renal-diets-for-nursing-facilities-doesnt-have-to-be-a-nightmare',0,'',3,'',1,0,0,1),
	(55,'RNF Reprint: Continuum of Care of the LTC Dialysis Patient','<p>RNF Reprint: Continuum of Care of the LTC Dialysis Patient<br />Vol 16 No 3 SUmmer 97<br /><br />Cost $2.00<br /><br />Reprints are now downloadable! After you purchase the reprint you will be able to log in to your account and dowload the reprint immediately. <strong>You will be able to download each reprint 5 times only.</strong></p>',0,2,0,0,'rnf-reprint-continuum-of-care-of-the-ltc-dialysis-patient',0,'',3,'',1,0,0,1),
	(56,'RNF Reprint: CQI And Fluid Control','<p>RNF Reprint: CQI And Fluid Control<br />Vol 16 No 3 SUmmer 97<br /><br />Cost $2.00<br /><br />Reprints are now downloadable! After you purchase the reprint you will be able to log in to your account and dowload the reprint immediately. <strong>You will be able to download each reprint 5 times only.</strong></p>',0,2,0,0,'rnf-reprint-cqi-and-fluid-control',0,'',3,'',1,0,0,1),
	(57,'RNF Reprint: Renal Failure and Nutrition in the Geriatric Patient','<p>RNF Reprint: Renal Failure and Nutrition in the Geriatric Patient<br />Vol 16 No 3 SUmmer 97<br /><br />Cost $2.00<br /><br />Reprints are now downloadable! After you purchase the reprint you will be able to log in to your account and dowload the reprint immediately. <strong>You will be able to download each reprint 5 times only.</strong></p>',0,2,0,0,'rnf-reprint-renal-failure-and-nutrition-in-the-geriatric-patient',0,'',3,'',1,0,0,1),
	(58,'RNF Reprint: Malnutrition in the Elderly Person: Contributing Factors','<p>RNF Reprint: Malnutrition in the Elderly Person: Contributing Factors<br />Vol 16 No 3 SUmmer 97<br /><br />Cost $2.00<br /><br />Reprints are now downloadable! After you purchase the reprint you will be able to log in to your account and dowload the reprint immediately. <strong>You will be able to download each reprint 5 times only.</strong></p>',0,2,0,0,'rnf-reprint-malnutrition-in-the-elderly-person-contributing-factors',0,'',3,'',1,0,0,1),
	(59,'RNF Reprint: Vitamin Supplements for Dialysis Patients','<p>RNF Reprint: Vitamin Supplements for Dialysis Patients<br />Vol 16 No 3 Summer 97<br /><br />Cost $2.00<br /><br />Reprints are now downloadable! After you purchase the reprint you will be able to log in to your account and dowload the reprint immediately. <strong>You will be able to download each reprint 5 times only.</strong></p>',0,2,0,0,'rnf-reprint-vitamin-supplements-for-dialysis-patients',0,'',3,'',1,0,0,1),
	(60,'RNF Reprint: Nutrition Implications of the Proposed Clinical Practice Guidelines for Peritoneal Dialysis','<p>RNF Reprint: Vitamin Supplements for Dialysis Patients<br />Vol 16 No 4 Fall 97<br /><br />Cost $2.00<br /><br />Reprints are now downloadable! After you purchase the reprint you will be able to log in to your account and dowload the reprint immediately. <strong>You will be able to download each reprint 5 times only.</strong></p>',0,2,0,0,'rnf-reprint-nutrition-implications-of-the-proposed-clinical-practice-guidelines-for-peritoneal-dialysis',0,'',3,'',1,0,0,1),
	(61,'RNF Reprint: Managing Change','<p>RNF Reprint: Managing Change<br />Vol 16 No 4 Fall 97<br /><br />Cost $2.00<br /><br />Reprints are now downloadable! After you purchase the reprint you will be able to log in to your account and dowload the reprint immediately. <strong>You will be able to download each reprint 5 times only.</strong></p>',0,2,0,0,'rnf-reprint-managing-change',0,'',3,'',1,0,0,1),
	(62,'RNF Reprint: Iron Status in Hemodialysis Patients','<p>RNF Reprint: Iron Status in Hemodialysis Patients<br />Vol 16 No 4 Fall 97<br /><br />Cost $2.00<br /><br />Reprints are now downloadable! After you purchase the reprint you will be able to log in to your account and dowload the reprint immediately. <strong>You will be able to download each reprint 5 times only.</strong></p>',0,2,0,0,'rnf-reprint-iron-status-in-hemodialysis-patients',0,'',3,'',1,0,0,1),
	(63,'RNF Reprint: CQI And Dialysis Patients With Diabetes','<p>RNF Reprint: CQI And Dialysis Patients With Diabetes<br />Vol 16 No 4 Fall 97<br /><br />Cost $2.00<br /><br />Reprints are now downloadable! After you purchase the reprint you will be able to log in to your account and dowload the reprint immediately. <strong>You will be able to download each reprint 5 times only.</strong></p>',0,2,0,0,'rnf-reprint-cqi-and-dialysis-patients-with-diabetes',0,'',3,'',1,0,0,1),
	(64,'RNF Reprint: Doin\' It All For Our Members','<p>RNF Reprint: Doin\' It All For Our Members<br />Vol 17 No 1 Winter 98<br /><br />Cost $2.00<br /><br />Reprints are now downloadable! After you purchase the reprint you will be able to log in to your account and dowload the reprint immediately. <strong>You will be able to download each reprint 5 times only.</strong></p>',0,2,0,0,'rnf-reprint-doin-it-all-for-our-members',0,'',3,'',1,0,0,1),
	(65,'RNF Reprint: Enteral Supplements for Dialysis Patients','<p>RNF Reprint: Enteral Supplements for Dialysis Patients<br />Vol 17 No 1 Winter 98<br /><br />Cost $2.00<br /><br />Reprints are now downloadable! After you purchase the reprint you will be able to log in to your account and dowload the reprint immediately. <strong>You will be able to download each reprint 5 times only.</strong></p>',0,2,0,0,'rnf-reprint-enteral-supplements-for-dialysis-patients',0,'',3,'',1,0,0,1),
	(66,'RNF Reprint: Letter:  Guidelines for evaluating Vegetarian Foods and Products','<p>RNF Reprint: Letter:&nbsp; Guidelines for evaluating Vegetarian Foods and Products<br />Vol 17 No 1 Winter 98<br /><br />Cost $2.00<br /><br />Reprints are now downloadable! After you purchase the reprint you will be able to log in to your account and dowload the reprint immediately. <strong>You will be able to download each reprint 5 times only.</strong></p>',0,2,0,0,'rnf-reprint-letter-guidelines-for-evaluating-vegetarian-foods-and-products',0,'',3,'',1,0,0,1),
	(67,'RNF Reprint: Dietetic Technicians in the Dialysis UnitA Case for Review','<p>RNF Reprint: Dietetic Technicians in the Dialysis Unit&mdash;A Case for Review<br />Vol 17 No 1 Winter 98<br /><br />Cost $2.00<br /><br />Reprints are now downloadable! After you purchase the reprint you will be able to log in to your account and dowload the reprint immediately. <strong>You will be able to download each reprint 5 times only.</strong></p>',0,2,0,0,'rnf-reprint-dietetic-technicians-in-the-dialysis-unita-case-for-review',0,'',3,'',1,0,0,1),
	(68,'RNF Reprint: The HEMO Study:  Rationale, Design, and Role of Nutrtion in a Prospective Hemodialysis Study','<p>RNF Reprint: The HEMO Study:&nbsp; Rationale, Design, and Role of Nutrtion in a Prospective Hemodialysis Study<br />Vol 17 No 2 Spring 98<br /><br />Cost $2.00<br /><br />Reprints are now downloadable! After you purchase the reprint you will be able to log in to your account and dowload the reprint immediately. <strong>You will be able to download each reprint 5 times only.</strong></p>',0,2,0,0,'rnf-reprint-the-hemo-study-rationale-design-and-role-of-nutrtion-in-a-prospective-hemodialysis-study',0,'',3,'',1,0,0,1),
	(69,'RNF Reprint: DOQI Recommendations:  An Update on Iron Status in Chronic Renal Failure','<p>RNF Reprint: DOQI Recommendations:&nbsp; An Update on Iron Status in Chronic Renal Failure<br />Vol 17 No 2 Spring 98<br /><br />Cost $2.00<br /><br />Reprints are now downloadable! After you purchase the reprint you will be able to log in to your account and dowload the reprint immediately. <strong>You will be able to download each reprint 5 times only.</strong></p>',0,2,0,0,'rnf-reprint-doqi-recommendations-an-update-on-iron-status-in-chronic-renal-failure',0,'',3,'',1,0,0,1),
	(70,'RNF Reprint: Impact of Anemia Management Protocol','<p>RNF Reprint: Impact of Anemia Management Protocol<br />Vol 17 No 2 Spring 98<br /><br />Cost $2.00<br /><br />Reprints are now downloadable! After you purchase the reprint you will be able to log in to your account and dowload the reprint immediately. <strong>You will be able to download each reprint 5 times only.</strong></p>',0,2,0,0,'rnf-reprint-impact-of-anemia-management-protocol',0,'',3,'',1,0,0,1),
	(71,'RNF Reprint: Statistics:  Understanding the Basics','<p>RNF Reprint: Statistics:&nbsp; Understanding the Basics<br />Vol 17 No 2 Spring 98<br /><br />Cost $2.00<br /><br />Reprints are now downloadable! After you purchase the reprint you will be able to log in to your account and dowload the reprint immediately. <strong>You will be able to download each reprint 5 times only.</strong></p>',0,2,0,0,'rnf-reprint-statistics-understanding-the-basics',0,'',3,'',1,0,0,1),
	(72,'RNF Reprint: Focus on Collaborative Research','<p>RNF Reprint: Focus on Collaborative Research<br />Vol 17 No 3 Summer 98<br /><br />Cost $2.00<br /><br />Reprints are now downloadable! After you purchase the reprint you will be able to log in to your account and dowload the reprint immediately. <strong>You will be able to download each reprint 5 times only.</strong></p>',0,2,0,0,'rnf-reprint-focus-on-collaborative-research',0,'',3,'',1,0,0,1),
	(73,'RNF Reprint: Basic Practice for Renal Dietitians: Fluid Management','<p>RNF Reprint: Basic Practice for Renal Dietitians: Fluid Management<br />Vol 17 No 3 Summer 98<br /><br />Cost $2.00<br /><br />Reprints are now downloadable! After you purchase the reprint you will be able to log in to your account and dowload the reprint immediately. <strong>You will be able to download each reprint 5 times only.</strong></p>',0,2,0,0,'rnf-reprint-basic-practice-for-renal-dietitians-fluid-management',0,'',3,'',1,0,0,1),
	(74,'RNF Reprint: Cures for the Ailment of Constipation','<p>RNF Reprint: Cures for the Ailment of Constipation<br />Vol 17 No 3 Summer 98<br /><br />Cost $2.00<br /><br />Reprints are now downloadable! After you purchase the reprint you will be able to log in to your account and dowload the reprint immediately. <strong>You will be able to download each reprint 5 times only.</strong></p>',0,2,0,0,'rnf-reprint-cures-for-the-ailment-of-constipation',0,'',3,'',1,0,0,1),
	(75,'RNF Reprint: Anemia: Treatment Based on Evidence','<p>RNF Reprint: Anemia: Treatment Based on Evidence<br />Vol 17 No 3 Summer 98<br /><br />Cost $2.00<br /><br />Reprints are now downloadable! After you purchase the reprint you will be able to log in to your account and dowload the reprint immediately. <strong>You will be able to download each reprint 5 times only.</strong></p>',0,2,0,0,'rnf-reprint-anemia-treatment-based-on-evidence',0,'',3,'',1,0,0,1),
	(76,'RNF Reprint: New Treatments for Renal Bone Disease','<p>RNF Reprint: New Treatments for Renal Bone Disease<br />Vol 17 No 3 Summer 98<br /><br />Cost $2.00<br /><br />Reprints are now downloadable! After you purchase the reprint you will be able to log in to your account and dowload the reprint immediately. <strong>You will be able to download each reprint 5 times only.</strong></p>',0,2,0,0,'rnf-reprint-new-treatments-for-renal-bone-disease',0,'',3,'',1,0,0,1),
	(77,'RNF Reprint: Nutrition in Acute Renal Failure','<p>RNF Reprint: Nutrition in Acute Renal Failure<br />Vol 17 No 4 Fall 98<br /><br />Cost $2.00<br /><br />Reprints are now downloadable! After you purchase the reprint you will be able to log in to your account and dowload the reprint immediately. <strong>You will be able to download each reprint 5 times only.</strong></p>',0,2,0,0,'rnf-reprint-nutrition-in-acute-renal-failure',0,'',3,'',1,0,0,1),
	(78,'RNF Reprint: Basic Practice for Dietetics Professionals: Sodium Restrictions','<p>RNF Reprint: Basic Practice for Dietetics Professionals: Sodium Restrictions<br />Vol 17 No 4 Fall 98<br /><br />Cost $2.00<br /><br />Reprints are now downloadable! After you purchase the reprint you will be able to log in to your account and dowload the reprint immediately. <strong>You will be able to download each reprint 5 times only.</strong></p>',0,2,0,0,'rnf-reprint-basic-practice-for-dietetics-professionals-sodium-restrictions',0,'',3,'',1,0,0,1),
	(79,'RNF Reprint: Gastrointestinal Issues','<p>RNF Reprint: Gastrointestinal Issues<br />Vol 18 No 1 Winter 1999<br /><br />Cost $2.00<br /><br />Reprints are now downloadable! After you purchase the reprint you will be able to log in to your account and dowload the reprint immediately. You will be able to download each reprint 5 times only.</p>',0,2,0,0,'rnf-reprint-gastrointestinal-issues',0,'',3,'',1,0,0,1),
	(80,'RNF Reprint: Case Study: Bulimia','<p>RNF Reprint: Case Study: Bulimia<br />Vol 18 No 1 Winter 1999<br /><br />Cost $2.00<br /><br />Reprints are now downloadable! After you purchase the reprint you will be able to log in to your account and dowload the reprint immediately. <strong>You will be able to download each reprint 5 times only.</strong></p>',0,2,0,0,'rnf-reprint-case-study-bulimia',0,'',3,'',1,0,0,1),
	(81,'RNF Reprint: Nutritional Management of Kidney Stones: Rationale and Current Recommendations','<p>RNF Reprint: Nutritional Management of Kidney Stones: Rationale and Current Recommendations<br />Vol 18 No 2 Spring 1999<br /><br />Cost $2.00<br /><br />Reprints are now downloadable! After you purchase the reprint you will be able to log in to your account and dowload the reprint immediately. <strong>You will be able to download each reprint 5 times only.</strong></p>',0,2,0,0,'rnf-reprint-nutritional-management-of-kidney-stones-rationale-and-current-recommendations',0,'',3,'',1,0,0,1),
	(82,'RNF Reprint: Malnutrition in Renal Failure','<p>RNF Reprint: Malnutrition in Renal Failure<br />Vol 18 No 2 Spring 1999<br /><br />Cost $2.00<br /><br />Reprints are now downloadable! After you purchase the reprint you will be able to log in to your account and dowload the reprint immediately. <strong>You will be able to download each reprint 5 times only.</strong></p>',0,2,0,0,'rnf-reprint-malnutrition-in-renal-failure',0,'',3,'',1,0,0,1),
	(83,'RNF Reprint: Case Study:  The Effect of Zemplar and team Work on PTH in Hemodialysis Patients','<p>RNF Reprint: Case Study:&nbsp; The Effect of Zemplar and team Work on PTH in Hemodialysis Patients<br />Vol 18 No 2 Spring 1999<br /><br />Cost $2.00<br /><br />Reprints are now downloadable! After you purchase the reprint you will be able to log in to your account and dowload the reprint immediately. <strong>You will be able to download each reprint 5 times only.</strong></p>',0,2,0,0,'rnf-reprint-case-study-the-effect-of-zemplar-and-team-work-on-pth-in-hemodialysis-patients',0,'',3,'',1,0,0,1),
	(84,'RNF Reprint: Suggestions for Use of the Low Literacy Diet for Dialysis','<p>RNF Reprint: Suggestions for Use of the Low Literacy Diet for Dialysis<br />Vol 18 No 2 Spring 1999<br /><br />Cost $2.00<br /><br />Reprints are now downloadable! After you purchase the reprint you will be able to log in to your account and dowload the reprint immediately. <strong>You will be able to download each reprint 5 times only.</strong></p>',0,2,0,0,'rnf-reprint-suggestions-for-use-of-the-low-literacy-diet-for-dialysis',0,'',3,'',1,0,0,1),
	(85,'RNF Reprint: Collecting Data for Outcomes Via the Internet','<p>RNF Reprint: Collecting Data for Outcomes Via the Internet<br />Vol 18 No 2 Spring 1999<br /><br />Cost $2.00<br /><br />Reprints are now downloadable! After you purchase the reprint you will be able to log in to your account and dowload the reprint immediately. <strong>You will be able to download each reprint 5 times only.</strong></p>',0,2,0,0,'rnf-reprint-collecting-data-for-outcomes-via-the-internet',0,'',3,'',1,0,0,1),
	(86,'RNF Reprint: Total Parenteral Nutrition for Patients with Renal Failure in the Acute Care Setting','<p>RNF Reprint: Total Parenteral Nutrition for Patients with Renal Failure in the Acute Care Setting<br />Vol 18 No 3 Summer 1999<br /><br />Cost $2.00<br /><br />Reprints are now downloadable! After you purchase the reprint you will be able to log in to your account and dowload the reprint immediately. <strong>You will be able to download each reprint 5 times only.</strong></p>',0,2,0,0,'rnf-reprint-total-parenteral-nutrition-for-patients-with-renal-failure-in-the-acute-care-setting',0,'',3,'',1,0,0,1),
	(87,'RNF Reprint: Basic Practice for Dietetics Professionals-Nutrition Support: Bridging the Gap Vol 18 No 3 Summer 1999','<p>RNF Reprint: Basic Practice for Dietetics Professionals-Nutrition Support: Bridging the Gap<br />Vol 18 No 3 Summer 1999<br /><br />Cost $2.00<br /><br />Reprints are now downloadable! After you purchase the reprint you will be able to log in to your account and dowload the reprint immediately. <strong>You will be able to download each reprint 5 times only.</strong></p>',0,2,0,0,'rnf-reprint-basic-practice-for-dietetics-professionals-nutrition-support-bridging-the-gap-vol-18-no-3-summer-1999',0,'',3,'',1,0,0,1),
	(88,'RNF Reprint: Predialysis Patients and Outcome Collection','<p>RNF Reprint: Predialysis Patients and Outcome Collection<br />Vol 18 No 3 Summer 1999<br /><br />Cost $2.00<br /><br />Reprints are now downloadable! After you purchase the reprint you will be able to log in to your account and dowload the reprint immediately. <strong>You will be able to download each reprint 5 times only.</strong></p>',0,2,0,0,'rnf-reprint-predialysis-patients-and-outcome-collection',0,'',3,'',1,0,0,1),
	(89,'RNF Reprint: Running of the BowelsThat Means Diarrhea!','<p>RNF Reprint: Running of the Bowels&hellip;That Means Diarrhea!<br />Vol 18 No 3 Summer 1999<br /><br />Cost $2.00<br /><br />Reprints are now downloadable! After you purchase the reprint you will be able to log in to your account and dowload the reprint immediately. <strong>You will be able to download each reprint 5 times only.</strong></p>',0,2,0,0,'rnf-reprint-running-of-the-bowelsthat-means-diarrhea',0,'',3,'',1,0,0,1),
	(90,'RNF Reprint: Limitations of Serum Albumin As An Indicator of Nutritional Status in Dialysis Patients','<p>RNF Reprint: Limitations of Serum Albumin As An Indicator of Nutritional Status in Dialysis Patients<br />Vol 18 No 4 Fall 1999<br /><br />Cost $2.00<br /><br />Reprints are now downloadable! After you purchase the reprint you will be able to log in to your account and dowload the reprint immediately. <strong>You will be able to download each reprint 5 times only.</strong></p>',0,2,0,0,'rnf-reprint-limitations-of-serum-albumin-as-an-indicator-of-nutritional-status-in-dialysis-patients',0,'',3,'',1,0,0,1),
	(91,'RNF Reprint: Nutrition for the Renal Transplant Patient','<p>RNF Reprint: Nutrition for the Renal Transplant Patient<br />Vol 18 No 4 Fall 1999<br /><br />Cost $2.00<br /><br />Reprints are now downloadable! After you purchase the reprint you will be able to log in to your account and dowload the reprint immediately. <strong>You will be able to download each reprint 5 times only.</strong></p>',0,2,0,0,'rnf-reprint-nutrition-for-the-renal-transplant-patient',0,'',3,'',1,0,0,1),
	(92,'RNF Reprint: NSAIDS, Aspirin, Acetaminophen, and Renal Disease:  A Public Health Hazard or Much Ado about Nothing','<p>RNF Reprint: NSAIDS, Aspirin, Acetaminophen, and Renal Disease:&nbsp; A Public Health Hazard or Much Ado about Nothing<br />Vol 18 No 4 Fall 1999<br /><br />Cost $2.00<br /><br />Reprints are now downloadable! After you purchase the reprint you will be able to log in to your account and dowload the reprint immediately. <strong>You will be able to download each reprint 5 times only.</strong></p>',0,2,0,0,'rnf-reprint-nsaids-aspirin-acetaminophen-and-renal-disease-a-public-health-hazard-or-much-ado-about-nothing',0,'',3,'',1,0,0,1),
	(93,'RNF Reprint: Net-abolism:  A listing of on-line web sites for foreign language dictionaries','<p>RNF Reprint: Net-abolism:&nbsp; A listing of on-line web sites for foreign language dictionaries<br />Vol 18 No 4 Fall 1999<br /><br />Cost $2.00<br /><br />Reprints are now downloadable! After you purchase the reprint you will be able to log in to your account and dowload the reprint immediately. <strong>You will be able to download each reprint 5 times only.</strong></p>',0,2,0,0,'rnf-reprint-net-abolism-a-listing-of-on-line-web-sites-for-foreign-language-dictionaries',0,'',3,'',1,0,0,1),
	(94,'RNF Reprint: Results of the Vegetarian Renal Resource Questionnaire','<p>RNF Reprint: Results of the Vegetarian Renal Resource Questionnaire<br />Vol 18 No 4 Fall 1999<br /><br />Cost $2.00<br /><br />Reprints are now downloadable! After you purchase the reprint you will be able to log in to your account and dowload the reprint immediately. <strong>You will be able to download each reprint 5 times only.</strong></p>',0,2,0,0,'rnf-reprint-results-of-the-vegetarian-renal-resource-questionnaire',0,'',3,'',1,0,0,1),
	(95,'RNF Reprint: Basic Practice for Dietetics Professionals:  Successful Interviewing for the Job You Want','<p>RNF Reprint: Basic Practice for Dietetics Professionals:&nbsp; Successful Interviewing for the Job You Want<br />Vol 18 No 4 Fall 1999<br /><br />Cost $2.00<br /><br />Reprints are now downloadable! After you purchase the reprint you will be able to log in to your account and dowload the reprint immediately. <strong>You will be able to download each reprint 5 times only.</strong></p>',0,2,0,0,'rnf-reprint-basic-practice-for-dietetics-professionals-successful-interviewing-for-the-job-you-want',0,'',3,'',1,0,0,1),
	(96,'RNF Reprint: Interpreting Laboratory Values in the Renal Patient','<p>RNF Reprint: Interpreting Laboratory Values in the Renal Patient<br />Vol 19 No 1 Winter 2000<br /><br />Cost $2.00<br /><br />Reprints are now downloadable! After you purchase the reprint you will be able to log in to your account and dowload the reprint immediately. <strong>You will be able to download each reprint 5 times only.</strong></p>',0,2,0,0,'rnf-reprint-interpreting-laboratory-values-in-the-renal-patient',0,'',3,'',1,0,0,1),
	(97,'RNF Reprint: Basic Practice for Dietetics Professionals:  Recent Advances in Anemia Management','<p>RNF Reprint: Basic Practice for Dietetics Professionals:&nbsp; Recent Advances in Anemia Management<br />Vol 19 No 1 Winter 2000<br /><br />Cost $2.00<br /><br />Reprints are now downloadable! After you purchase the reprint you will be able to log in to your account and dowload the reprint immediately. <strong>You will be able to download each reprint 5 times only.</strong></p>',0,2,0,0,'rnf-reprint-basic-practice-for-dietetics-professionals-recent-advances-in-anemia-management',0,'',3,'',1,0,0,1),
	(98,'RNF Reprint: Rehab Corner: Patient Education materials available from RRC','<p>RNF Reprint: Rehab Corner: Patient Education materials available from RRC<br />Vol 19 No 1 Winter 2000<br /><br />Cost $2.00<br /><br />Reprints are now downloadable! After you purchase the reprint you will be able to log in to your account and dowload the reprint immediately. <strong>You will be able to download each reprint 5 times only.</strong></p>',0,2,0,0,'rnf-reprint-rehab-corner-patient-education-materials-available-from-rrc',0,'',3,'',1,0,0,1),
	(99,'RNF Reprint: Net-abolism:  Statistics on the growth of the internet','<p>RNF Reprint: Net-abolism:&nbsp; Statistics on the growth of the internet<br />Vol 19 No 1 Winter 2000<br /><br />Cost $2.00<br /><br />Reprints are now downloadable! After you purchase the reprint you will be able to log in to your account and dowload the reprint immediately. <strong>You will be able to download each reprint 5 times only.</strong></p>',0,2,0,0,'rnf-reprint-net-abolism-statistics-on-the-growth-of-the-internet',0,'',3,'',1,0,0,1),
	(100,'RNF Reprint: Cookbook Corner ','<p>RNF Reprint: Cookbook Corner&nbsp;&nbsp; <br />Vol 19 No 1 Winter 2000<br /><br />Cost $2.00<br /><br />Reprints are now downloadable! After you purchase the reprint you will be able to log in to your account and dowload the reprint immediately. <strong>You will be able to download each reprint 5 times only.</strong></p>',0,2,0,0,'rnf-reprint-cookbook-corner',0,'',3,'',1,0,0,1),
	(101,'RNF Reprint: Cultural Issues in Nutrition Education:  Tohono OOdham Hemodialysis Patients','<p>RNF Reprint: Cultural Issues in Nutrition Education:&nbsp; Tohono O&rsquo;Odham Hemodialysis Patients<br />Vol 19 No 2 Spring 2000<br /><br />Cost $2.00<br /><br />Reprints are now downloadable! After you purchase the reprint you will be able to log in to your account and dowload the reprint immediately. <strong>You will be able to download each reprint 5 times only.</strong></p>',0,2,0,0,'rnf-reprint-cultural-issues-in-nutrition-education-tohono-oodham-hemodialysis-patients',0,'',3,'',1,0,0,1),
	(102,'RNF Reprint: Create Education','<p>RNF Reprint: Create Education<br />Vol 19 No 2 Spring 2000<br /><br />Cost $2.00<br /><br />Reprints are now downloadable! After you purchase the reprint you will be able to log in to your account and dowload the reprint immediately. <strong>You will be able to download each reprint 5 times only.</strong></p>',0,2,0,0,'rnf-reprint-create-education',0,'',3,'',1,0,0,1),
	(103,'RNF Reprint: Protein:  How Much is Enough','<p>RNF Reprint: Protein:&nbsp; How Much is Enough<br />Vol 19 No 2 Spring 2000<br /><br />Cost $2.00<br /><br />Reprints are now downloadable! After you purchase the reprint you will be able to log in to your account and dowload the reprint immediately. <strong>You will be able to download each reprint 5 times only.</strong></p>',0,2,0,0,'rnf-reprint-protein-how-much-is-enough',0,'',3,'',1,0,0,1),
	(104,'RNF Reprint: Basic Practice for Dietetics Professionals:  Update on Homocysteine','<p>RNF Reprint: Basic Practice for Dietetics Professionals:&nbsp; Update on Homocysteine<br />Vol 19 No 2 Spring 2000<br /><br />Cost $2.00<br /><br />Reprints are now downloadable! After you purchase the reprint you will be able to log in to your account and dowload the reprint immediately. <strong>You will be able to download each reprint 5 times only.</strong></p>',0,2,0,0,'rnf-reprint-basic-practice-for-dietetics-professionals-update-on-homocysteine',0,'',3,'',1,0,0,1),
	(105,'RNF Reprint: Rehab Corner:  Clinical guidelines for Selecting Patients for Exercise Programs','<p>RNF Reprint: Rehab Corner:&nbsp; Clinical guidelines for Selecting Patients for Exercise Programs<br />Vol 19 No 2 Spring 2000<br /><br />Cost $2.00<br /><br />Reprints are now downloadable! After you purchase the reprint you will be able to log in to your account and dowload the reprint immediately. <strong>You will be able to download each reprint 5 times only.</strong></p>',0,2,0,0,'rnf-reprint-rehab-corner-clinical-guidelines-for-selecting-patients-for-exercise-programs',0,'',3,'',1,0,0,1),
	(106,'RNF Reprint: Healthy People 2010:  A Path to the Future','<p>RNF Reprint: Healthy People 2010:&nbsp; A Path to the Future<br />Vol 19 No 2 Spring 2000<br /><br />Cost $2.00<br /><br />Reprints are now downloadable! After you purchase the reprint you will be able to log in to your account and dowload the reprint immediately. <strong>You will be able to download each reprint 5 times only.</strong></p>',0,2,0,0,'rnf-reprint-healthy-people-2010-a-path-to-the-future',0,'',3,'',1,0,0,1),
	(107,'RNF Reprint: Net-abolism:  Web Sites that review Web Sites','<p>RNF Reprint: Net-abolism:&nbsp; Web Sites that review Web Sites<br />Vol 19 No 2 Spring 2000<br /><br />Cost $2.00<br /><br />Reprints are now downloadable! After you purchase the reprint you will be able to log in to your account and dowload the reprint immediately. <strong>You will be able to download each reprint 5 times only.</strong></p>',0,2,0,0,'rnf-reprint-net-abolism-web-sites-that-review-web-sites',0,'',3,'',1,0,0,1),
	(108,'RNF Reprint: CQIA Time to Show Off','<p>RNF Reprint: CQI&mdash;A Time to Show Off<br />Vol 19 No 2 Spring 2000<br /><br />Cost $2.00<br /><br />Reprints are now downloadable! After you purchase the reprint you will be able to log in to your account and dowload the reprint immediately. <strong>You will be able to download each reprint 5 times only.</strong></p>',0,2,0,0,'rnf-reprint-cqia-time-to-show-off',0,'',3,'',1,0,0,1),
	(109,'RNF Reprint: Fresh From the Market','<p>RNF Reprint: Fresh From the Market<br />Vol 19 No 2 Spring 2000<br /><br />Cost $2.00<br /><br />Reprints are now downloadable! After you purchase the reprint you will be able to log in to your account and dowload the reprint immediately. <strong>You will be able to download each reprint 5 times only.</strong></p>',0,2,0,0,'rnf-reprint-fresh-from-the-market',0,'',3,'',1,0,0,1),
	(110,'RNF Reprint: The World Outside of Renal:  Low Carbohydrate Diets on the RiseAgain!','<p>RNF Reprint: The World Outside of Renal:&nbsp; Low Carbohydrate Diets on the Rise&mdash;Again!<br />Vol 19 No 2 Spring 2000<br /><br />Cost $2.00<br /><br />Reprints are now downloadable! After you purchase the reprint you will be able to log in to your account and dowload the reprint immediately. <strong>You will be able to download each reprint 5 times only.</strong></p>',0,2,0,0,'rnf-reprint-the-world-outside-of-renal-low-carbohydrate-diets-on-the-riseagain',0,'',3,'',1,0,0,1),
	(111,'RNF Reprint: Vegetarian Renal Diet and Practical Applications','<p>RNF Reprint: Vegetarian Renal Diet and Practical Applications<br />Vol 19 No 3 Summer 2000<br /><br />Cost $2.00<br /><br />Reprints are now downloadable! After you purchase the reprint you will be able to log in to your account and dowload the reprint immediately. <strong>You will be able to download each reprint 5 times only.</strong></p>',0,2,0,0,'rnf-reprint-vegetarian-renal-diet-and-practical-applications',0,'',3,'',1,0,0,1),
	(112,'RNF Reprint: Protein Status in Chronic Dialysis Patients','<p>RNF Reprint: Protein Status in Chronic Dialysis Patients<br />Vol 19 No 3 Summer 2000<br /><br />Cost $2.00<br /><br />Reprints are now downloadable! After you purchase the reprint you will be able to log in to your account and dowload the reprint immediately. <strong>You will be able to download each reprint 5 times only.</strong></p>',0,2,0,0,'rnf-reprint-protein-status-in-chronic-dialysis-patients',0,'',3,'',1,0,0,1),
	(113,'RNF Reprint: Rehab Corner:  Planning a Exercise Program','<p>RNF Reprint: Rehab Corner:&nbsp; Planning a Exercise Program<br />Vol 19 No 3 Summer 2000<br /><br />Cost $2.00<br /><br />Reprints are now downloadable! After you purchase the reprint you will be able to log in to your account and dowload the reprint immediately. <strong>You will be able to download each reprint 5 times only.</strong></p>',0,2,0,0,'rnf-reprint-rehab-corner-planning-a-exercise-program',0,'',3,'',1,0,0,1),
	(114,'RNF Reprint: CQI and Nutrition Education','<p>RNF Reprint: CQI and Nutrition Education<br />Vol 19 No 3 Summer 2000<br /><br />Cost $2.00<br /><br />Reprints are now downloadable! After you purchase the reprint you will be able to log in to your account and dowload the reprint immediately. <strong>You will be able to download each reprint 5 times only.</strong></p>',0,2,0,0,'rnf-reprint-cqi-and-nutrition-education',0,'',3,'',1,0,0,1),
	(115,'RNF Reprint: Kidney Friendly Food Facts:  Summertime Tips','<p>RNF Reprint: Kidney Friendly Food Facts:&nbsp; Summertime Tips<br />Vol 19 No 3 Summer 2000<br /><br />Cost $2.00<br /><br />Reprints are now downloadable! After you purchase the reprint you will be able to log in to your account and dowload the reprint immediately. <strong>You will be able to download each reprint 5 times only.</strong></p>',0,2,0,0,'rnf-reprint-kidney-friendly-food-facts-summertime-tips',0,'',3,'',1,0,0,1),
	(116,'RNF Reprint: Basic Practice:  Biotechnology:  Can You Answer these Common Questions','<p>RNF Reprint: Basic Practice:&nbsp; Biotechnology:&nbsp; Can You Answer these Common Questions<br />Vol 19 No 3 Summer 2000<br /><br />Cost $2.00<br /><br />Reprints are now downloadable! After you purchase the reprint you will be able to log in to your account and dowload the reprint immediately. <strong>You will be able to download each reprint 5 times only.</strong></p>',0,2,0,0,'rnf-reprint-basic-practice-biotechnology-can-you-answer-these-common-questions',0,'',3,'',1,0,0,1),
	(117,'RNF Reprint: The World Outside of Renal:  Excess Deaths Associated with Stroke','<p>RNF Reprint: The World Outside of Renal:&nbsp; Excess Deaths Associated with Stroke<br />Vol 19 No 3 Summer 2000<br /><br />Cost $2.00<br /><br />Reprints are now downloadable! After you purchase the reprint you will be able to log in to your account and dowload the reprint immediately. <strong>You will be able to download each reprint 5 times only.</strong></p>',0,2,0,0,'rnf-reprint-the-world-outside-of-renal-excess-deaths-associated-with-stroke',0,'',3,'',1,0,0,1),
	(118,'RNF Reprint: Body Composition and the Dialysis Patient','<p>RNF Reprint: Body Composition and the Dialysis Patient<br />Vol 19 No 4 Fall 2000<br /><br />Cost $2.00<br /><br />Reprints are now downloadable! After you purchase the reprint you will be able to log in to your account and dowload the reprint immediately. <strong>You will be able to download each reprint 5 times only.</strong></p>',0,2,0,0,'rnf-reprint-body-composition-and-the-dialysis-patient',0,'',3,'',1,0,0,1),
	(119,'RNF Reprint: Role of Omega-3 (n-3) Fatty Acids in Treatment of Chronic Renal Failure','<p>RNF Reprint: Role of Omega-3 (n-3) Fatty Acids in Treatment of Chronic Renal Failure<br />Vol 19 No 4 Fall 2000<br /><br />Cost $2.00<br /><br />Reprints are now downloadable! After you purchase the reprint you will be able to log in to your account and dowload the reprint immediately. <strong>You will be able to download each reprint 5 times only.</strong></p>',0,2,0,0,'rnf-reprint-role-of-omega-3-n-3-fatty-acids-in-treatment-of-chronic-renal-failure',0,'',3,'',1,0,0,1),
	(120,'RNF Reprint: Rehab Corner:  Healthy People 2010 goals','<p>RNF Reprint: Rehab Corner:&nbsp; Healthy People 2010 goals<br />Vol 19 No 4 Fall 2000<br /><br />Cost $2.00<br /><br />Reprints are now downloadable! After you purchase the reprint you will be able to log in to your account and dowload the reprint immediately. <strong>You will be able to download each reprint 5 times only.</strong></p>',0,2,0,0,'rnf-reprint-rehab-corner-healthy-people-2010-goals',0,'',3,'',1,0,0,1),
	(121,'RNF Reprint: Kidney Friendly Foods Facts:  Holiday Tips','<p>RNF Reprint: Kidney Friendly Foods Facts:&nbsp; Holiday Tips<br />Vol 19 No 4 Fall 2000<br /><br />Cost $2.00<br /><br />Reprints are now downloadable! After you purchase the reprint you will be able to log in to your account and dowload the reprint immediately. <strong>You will be able to download each reprint 5 times only.</strong></p>',0,2,0,0,'rnf-reprint-kidney-friendly-foods-facts-holiday-tips',0,'',3,'',1,0,0,1),
	(122,'RNF Reprint: The World Outside of Renal:  Six Sigma Quality for Health Care?','<p>RNF Reprint: The World Outside of Renal:&nbsp; Six Sigma Quality for Health Care?<br />Vol 19 No 4 Fall 2000<br /><br />Cost $2.00<br /><br />Reprints are now downloadable! After you purchase the reprint you will be able to log in to your account and dowload the reprint immediately. <strong>You will be able to download each reprint 5 times only.</strong></p>',0,2,0,0,'rnf-reprint-the-world-outside-of-renal-six-sigma-quality-for-health-care',0,'',3,'',1,0,0,1),
	(123,'RNF Reprint: Introduction to Taste and Smell Dysfunction','<p>RNF Reprint: Introduction to Taste and Smell Dysfunction<br />Vol 20 No 1 Winter 2001<br /><br />Cost $2.00<br /><br />Reprints are now downloadable! After you purchase the reprint you will be able to log in to your account and dowload the reprint immediately. <strong>You will be able to download each reprint 5 times only.</strong></p>',0,2,0,0,'rnf-reprint-introduction-to-taste-and-smell-dysfunction',0,'',3,'',1,0,0,1),
	(124,'RNF Reprint: Achieving Dialysis Adequacy','<p>RNF Reprint: Achieving Dialysis Adequacy<br />Vol 20 No 1 Winter 2001<br /><br />Cost $2.00<br /><br />Reprints are now downloadable! After you purchase the reprint you will be able to log in to your account and dowload the reprint immediately. <strong>You will be able to download each reprint 5 times only.</strong></p>',0,2,0,0,'rnf-reprint-achieving-dialysis-adequacy',0,'',3,'',1,0,0,1),
	(125,'RNF Reprint: Know Your Cookbooks!','<p>RNF Reprint: Know Your Cookbooks!<br />Vol 20 No 1 Winter 2001<br /><br />Cost $2.00<br /><br />Reprints are now downloadable! After you purchase the reprint you will be able to log in to your account and dowload the reprint immediately. <strong>You will be able to download each reprint 5 times only.</strong></p>',0,2,0,0,'rnf-reprint-know-your-cookbooks',0,'',3,'',1,0,0,1),
	(126,'RNF Reprint: Rehab Corner:  Feelin Fit Program:  Award of excellence','<p>RNF Reprint: Rehab Corner:&nbsp; &ldquo;Feelin&rsquo; Fit&rdquo; Program:&nbsp; Award of excellence<br />Vol 20 No 1 Winter 2001<br /><br />Cost $2.00<br /><br />Reprints are now downloadable! After you purchase the reprint you will be able to log in to your account and dowload the reprint immediately. <strong>You will be able to download each reprint 5 times only.</strong></p>',0,2,0,0,'rnf-reprint-rehab-corner-feelin-fit-program-award-of-excellence',0,'',3,'',1,0,0,1),
	(127,'RNF Reprint: Kidney Friendly Food Facts:  Preparing for winter and emergency situations','<p>RNF Reprint: Kidney Friendly Food Facts:&nbsp; Preparing for winter and emergency situations<br />Vol 20 No 1 Winter 2001<br /><br />Cost $2.00<br /><br />Reprints are now downloadable! After you purchase the reprint you will be able to log in to your account and dowload the reprint immediately. <strong>You will be able to download each reprint 5 times only.</strong></p>',0,2,0,0,'rnf-reprint-kidney-friendly-food-facts-preparing-for-winter-and-emergency-situations',0,'',3,'',1,0,0,1),
	(128,'RNF Reprint: CQIThe Purpose and Process','<p>RNF Reprint: CQI&mdash;The Purpose and Process<br />Vol 20 No 1 Winter 2001<br /><br />Cost $2.00<br /><br />Reprints are now downloadable! After you purchase the reprint you will be able to log in to your account and dowload the reprint immediately. <strong>You will be able to download each reprint 5 times only.</strong></p>',0,2,0,0,'rnf-reprint-cqithe-purpose-and-process',0,'',3,'',1,0,0,1),
	(129,'RNF Reprint: CQISoy Protein in the Renal Diet','<p>RNF Reprint: Soy Protein in the Renal Diet<br />Vol 20 No 2 Spring 2001<br /><br />Cost $2.00<br /><br />Reprints are now downloadable! After you purchase the reprint you will be able to log in to your account and dowload the reprint immediately. <strong>You will be able to download each reprint 5 times only.</strong></p>',0,2,0,0,'rnf-reprint-cqisoy-protein-in-the-renal-diet',0,'',3,'',1,0,0,1),
	(130,'RNF Reprint: Rehab Corner:  Preparing staff for rehab program','<p>RNF Reprint: Rehab Corner:&nbsp; Preparing staff for rehab program<br />Vol 20 No 2 Spring 2001<br /><br />Cost $2.00<br /><br />Reprints are now downloadable! After you purchase the reprint you will be able to log in to your account and dowload the reprint immediately. <strong>You will be able to download each reprint 5 times only.</strong></p>',0,2,0,0,'rnf-reprint-rehab-corner-preparing-staff-for-rehab-program',0,'',3,'',1,0,0,1),
	(131,'RNF Reprint: What!?  You want me to eat Tofu!!?\"','<p>RNF Reprint: &ldquo;What!?&nbsp; You want me to eat Tofu!!?\"<br />Vol 20 No 2 Spring 2001<br /><br />Cost $2.00<br /><br />Reprints are now downloadable! After you purchase the reprint you will be able to log in to your account and dowload the reprint immediately. <strong>You will be able to download each reprint 5 times only.</strong></p>',0,2,0,0,'rnf-reprint-what-you-want-me-to-eat-tofu',0,'',3,'',1,0,0,1),
	(132,'RNF Reprint: The Use of Soy Products in Treating Renal Disease','<p>RNF Reprint: The Use of Soy Products in Treating Renal Disease<br />Vol 20 No 2 Spring 2001<br /><br />Cost $2.00<br /><br />Reprints are now downloadable! After you purchase the reprint you will be able to log in to your account and dowload the reprint immediately. You will be able to download each reprint 5 times only.</p>',0,2,0,0,'rnf-reprint-the-use-of-soy-products-in-treating-renal-disease',0,'',3,'',1,0,0,1),
	(133,'RNF Reprint: CQI Tools','<p>RNF Reprint: CQI Tools<br />Vol 20 No 2 Spring 2001<br /><br />Cost $2.00<br /><br />Reprints are now downloadable! After you purchase the reprint you will be able to log in to your account and dowload the reprint immediately. <strong>You will be able to download each reprint 5 times only.</strong></p>',0,2,0,0,'rnf-reprint-cqi-tools',0,'',3,'',1,0,0,1),
	(134,'RNF Reprint: Kidney Friendly Food Facts: Updating teaching materials for new food products ','<p>RNF Reprint: Kidney Friendly Food Facts: Updating teaching materials for new food products <br />Vol 20 No 2 Spring 2001<br /><br />Cost $2.00<br /><br />Reprints are now downloadable! After you purchase the reprint you will be able to log in to your account and dowload the reprint immediately. <strong>You will be able to download each reprint 5 times only.</strong></p>',0,2,0,0,'rnf-reprint-kidney-friendly-food-facts-updating-teaching-materials-for-new-food-products',0,'',3,'',1,0,0,1),
	(135,'RNF Reprint: The World Outside Renal:  The revised American Heart Association Dietary Guidelines 2000','<p>RNF Reprint: The World Outside Renal:&nbsp; The revised American Heart Association Dietary Guidelines 2000<br />Vol 20 No 2 Spring 2001<br /><br />Cost $2.00<br /><br />Reprints are now downloadable! After you purchase the reprint you will be able to log in to your account and dowload the reprint immediately. <strong>You will be able to download each reprint 5 times only.</strong></p>',0,2,0,0,'rnf-reprint-the-world-outside-renal-the-revised-american-heart-association-dietary-guidelines-2000',0,'',3,'',1,0,0,1),
	(136,'RNF Reprint: Drug Interactions:  Examining the Impact of Botanicals and Dietary Supplements','<p>RNF Reprint: Drug Interactions:&nbsp; Examining the Impact of Botanicals and Dietary Supplements<br />Vol 20 No 3 Summer 2001<br /><br />Cost $2.00<br /><br />Reprints are now downloadable! After you purchase the reprint you will be able to log in to your account and dowload the reprint immediately. <strong>You will be able to download each reprint 5 times only.</strong></p>',0,2,0,0,'rnf-reprint-drug-interactions-examining-the-impact-of-botanicals-and-dietary-supplements',0,'',3,'',1,0,0,1),
	(137,'RNF Reprint: Basic Practice for Professionals:  Assessing body weight in Adult Maintenance Dialysis Patients','<p>RNF Reprint: Basic Practice for Professionals:&nbsp; Assessing body weight in Adult Maintenance Dialysis Patients<br />Vol 20 No 3 Summer 2001<br /><br />Cost $2.00<br /><br />Reprints are now downloadable! After you purchase the reprint you will be able to log in to your account and dowload the reprint immediately. <strong>You will be able to download each reprint 5 times only.</strong></p>',0,2,0,0,'rnf-reprint-basic-practice-for-professionals-assessing-body-weight-in-adult-maintenance-dialysis-patients',0,'',3,'',1,0,0,1),
	(138,'RNF Reprint: Low Phosphorus Eating Guide','<p>RNF Reprint: Low Phosphorus Eating Guide<br />Vol 20 No 3 Summer 2001<br /><br />Cost $2.00<br /><br />Reprints are now downloadable! After you purchase the reprint you will be able to log in to your account and dowload the reprint immediately. <strong>You will be able to download each reprint 5 times only.</strong></p>',0,2,0,0,'rnf-reprint-low-phosphorus-eating-guide',0,'',3,'',1,0,0,1),
	(139,'RNF Reprint: A Personal Look at the Benefits of Membership ','<p>RNF Reprint: A Personal Look at the Benefits of Membership <br />Vol 20 No 3 Summer 2001<br /><br />Cost $2.00<br /><br />Reprints are now downloadable! After you purchase the reprint you will be able to log in to your account and dowload the reprint immediately. <strong>You will be able to download each reprint 5 times only.</strong></p>',0,2,0,0,'rnf-reprint-a-personal-look-at-the-benefits-of-membership',0,'',3,'',1,0,0,1),
	(140,'RNF Reprint: The Renal Dietitians Website goes Live! ','<p>RNF Reprint: The Renal Dietitian&rsquo;s Website goes Live! <br />Vol 20 No 3 Summer 2001<br /><br />Cost $2.00<br /><br />Reprints are now downloadable! After you purchase the reprint you will be able to log in to your account and dowload the reprint immediately. <strong>You will be able to download each reprint 5 times only.</strong></p>',0,2,0,0,'rnf-reprint-the-renal-dietitians-website-goes-live',0,'',3,'',1,0,0,1),
	(141,'RNF Reprint: Kidney Friendly Food Facts','<p>RNF Reprint: Kidney Friendly Food Facts<br />Vol 20 No 3 Summer 2001<br /><br />Cost $2.00<br /><br />Reprints are now downloadable! After you purchase the reprint you will be able to log in to your account and dowload the reprint immediately. <strong>You will be able to download each reprint 5 times only.</strong></p>',0,2,0,0,'rnf-reprint-kidney-friendly-food-facts',0,'',3,'',1,0,0,1),
	(142,'RNF Reprint: Correlation of Normalized Protein Catabolic And Pre-Treatment Serum Albumin Levels in a Hemodialysis Population','<p>RNF Reprint: Correlation of Normalized Protein Catabolic And Pre-Treatment Serum Albumin Levels in a Hemodialysis Population<br />Vol 20 No 4 Fall 2001<br /><br />Cost $2.00<br /><br />Reprints are now downloadable! After you purchase the reprint you will be able to log in to your account and dowload the reprint immediately. <strong>You will be able to download each reprint 5 times only.</strong></p>',0,2,0,0,'rnf-reprint-correlation-of-normalized-protein-catabolic-and-pre-treatment-serum-albumin-levels-in-a-hemodialysis-population',0,'',3,'',1,0,0,1),
	(143,'RNF Reprint: Piecing the Puzzle for Optimal clinical Care','<p>RNF Reprint: Piecing the Puzzle for Optimal clinical Care<br />Vol 20 No 4 Fall 2001<br /><br />Cost $2.00<br /><br />Reprints are now downloadable! After you purchase the reprint you will be able to log in to your account and dowload the reprint immediately. <strong>You will be able to download each reprint 5 times only.</strong></p>',0,2,0,0,'rnf-reprint-piecing-the-puzzle-for-optimal-clinical-care',0,'',3,'',1,0,0,1),
	(144,'RNF Reprint: Net Nutrition A-Z:  A New Interactive Web Tool for Renal Dietitians','<p>RNF Reprint: Net Nutrition A-Z:&nbsp; A New Interactive Web Tool for Renal Dietitians<br />Vol 20 No 4 Fall 2001<br /><br />Cost $2.00<br /><br />Reprints are now downloadable! After you purchase the reprint you will be able to log in to your account and dowload the reprint immediately. <strong>You will be able to download each reprint 5 times only.</strong></p>',0,2,0,0,'rnf-reprint-net-nutrition-a-z-a-new-interactive-web-tool-for-renal-dietitians',0,'',3,'',1,0,0,1),
	(145,'RNF Reprint: Update on Medical Nutrition Therapy (MNT) Regulations:  From the Office of ADA Governmental Affairs','<p>RNF Reprint: Update on Medical Nutrition Therapy (MNT) Regulations:&nbsp; From the Office of ADA Governmental Affairs<br />Vol 20 No 4 Fall 2001<br /><br />Cost $2.00<br /><br />Reprints are now downloadable! After you purchase the reprint you will be able to log in to your account and dowload the reprint immediately. <strong>You will be able to download each reprint 5 times only.</strong></p>',0,2,0,0,'rnf-reprint-update-on-medical-nutrition-therapy-mnt-regulations-from-the-office-of-ada-governmental-affairs',0,'',3,'',1,0,0,1),
	(146,'RNF Reprint: Medical Nutrition Therapy Update','<p>RNF Reprint: Medical Nutrition Therapy Update<br />Vol 20 No 4 Fall 2001<br /><br />Cost $2.00<br /><br />Reprints are now downloadable! After you purchase the reprint you will be able to log in to your account and dowload the reprint immediately. <strong>You will be able to download each reprint 5 times only.</strong></p>',0,2,0,0,'rnf-reprint-medical-nutrition-therapy-update',0,'',3,'',1,0,0,1),
	(147,'RNF Reprint: Rehab Corner:  Success in the Topeka, KS hemodialysis unit','<p>RNF Reprint: Rehab Corner:&nbsp; Success in the Topeka, KS hemodialysis unit<br />Vol 20 No 4 Fall 2001<br /><br />Cost $2.00<br /><br />Reprints are now downloadable! After you purchase the reprint you will be able to log in to your account and dowload the reprint immediately. <strong>You will be able to download each reprint 5 times only.</strong></p>',0,2,0,0,'rnf-reprint-rehab-corner-success-in-the-topeka-ks-hemodialysis-unit',0,'',3,'',1,0,0,1),
	(148,'RNF Reprint: Kidney Friendly Food Facts','<p>RNF Reprint: Kidney Friendly Food Facts<br />Vol 20 No 4 Fall 2001<br /><br />Cost $2.00<br /><br />Reprints are now downloadable! After you purchase the reprint you will be able to log in to your account and dowload the reprint immediately. <strong>You will be able to download each reprint 5 times only.</strong></p>',0,2,0,0,'rnf-reprint-kidney-friendly-food-facts',0,'',3,'',1,0,0,1),
	(149,'RNF Reprint: World Outside of Renal:  Childhood Obesity Doubles ','<p>RNF Reprint: World Outside of Renal:&nbsp; Childhood Obesity Doubles <br />Vol 20 No 4 Fall 2001<br /><br />Cost $2.00<br /><br />Reprints are now downloadable! After you purchase the reprint you will be able to log in to your account and dowload the reprint immediately. <strong>You will be able to download each reprint 5 times only.</strong></p>',0,2,0,0,'rnf-reprint-world-outside-of-renal-childhood-obesity-doubles',0,'',3,'',1,0,0,1),
	(150,'RNF Reprint: Cytokines: A Review','<p>RNF Reprint: Cytokines: A Review <br />Vol 21 No 1 Winter 2002<br /><br />Cost $2.00<br /><br />Reprints are now downloadable! After you purchase the reprint you will be able to log in to your account and dowload the reprint immediately. <strong>You will be able to download each reprint 5 times only.</strong></p>',0,2,0,0,'rnf-reprint-cytokines-a-review',0,'',3,'',1,0,0,1),
	(151,'RNF Reprint: Writing an Article for Publication in the Renal Nutrition Forum','<p>RNF Reprint: Writing an Article for Publication in the Renal Nutrition Forum<br />Vol 21 No 1 Winter 2002<br /><br />Cost $2.00<br /><br />Reprints are now downloadable! After you purchase the reprint you will be able to log in to your account and dowload the reprint immediately. <strong>You will be able to download each reprint 5 times only.</strong></p>',0,2,0,0,'rnf-reprint-writing-an-article-for-publication-in-the-renal-nutrition-forum',0,'',3,'',1,0,0,1),
	(152,'RNF Reprint: Writing for Publication in Other Renal Journals','<p>RNF Reprint: Writing for Publication in Other Renal Journals<br />Vol 21 No 1 Winter 2002<br /><br />Cost $2.00<br /><br />Reprints are now downloadable! After you purchase the reprint you will be able to log in to your account and dowload the reprint immediately.<strong> You will be able to download each reprint 5 times only.</strong></p>',0,2,0,0,'rnf-reprint-writing-for-publication-in-other-renal-journals',0,'',3,'',1,0,0,1),
	(153,'RNF Reprint: Kidney Friendly Food Facts','<p>RNF Reprint: Kidney Friendly Food Facts<br />Vol 21 No 1 Winter 2002<br /><br />Cost $2.00<br /><br />Reprints are now downloadable! After you purchase the reprint you will be able to log in to your account and dowload the reprint immediately. <strong>You will be able to download each reprint 5 times only.</strong></p>',0,2,0,0,'rnf-reprint-kidney-friendly-food-facts',0,'',3,'',1,0,0,1),
	(154,'RNF Reprint: Continuous Quality Improvement:  We Do It, But What is It?','<p>RNF Reprint: Continuous Quality Improvement:&nbsp; We Do It, But What is It?<br />Vol 21 No 1 Winter 2002<br /><br />Cost $2.00<br /><br />Reprints are now downloadable! After you purchase the reprint you will be able to log in to your account and dowload the reprint immediately. <strong>You will be able to download each reprint 5 times only.</strong></p>',0,2,0,0,'rnf-reprint-continuous-quality-improvement-we-do-it-but-what-is-it',0,'',3,'',1,0,0,1),
	(155,'RNF Reprint: Advances in Practice:  New Strategies for controlling vascular calcification associated with ESRD','<p>RNF Reprint: Advances in Practice:&nbsp; New Strategies for controlling vascular calcification associated with ESRD<br />Vol 21 No 1 Winter 2002<br /><br />Cost $2.00<br /><br />Reprints are now downloadable! After you purchase the reprint you will be able to log in to your account and dowload the reprint immediately. You will be able to download each reprint 5 times only.</p>',0,2,0,0,'rnf-reprint-advances-in-practice-new-strategies-for-controlling-vascular-calcification-associated-with-esrd',0,'',3,'',1,0,0,1),
	(156,'RNF Reprint: Dietary Advice to Help Prevent Calcium Oxalate Kidney Stones (handout)','<p>RNF Reprint: Dietary Advice to Help Prevent Calcium Oxalate Kidney Stones (handout)<br />Vol 21 No 1 Winter 2002<br /><br />Cost $2.00<br /><br />Reprints are now downloadable! After you purchase the reprint you will be able to log in to your account and dowload the reprint immediately. <strong>You will be able to download each reprint 5 times only.</strong></p>',0,2,0,0,'rnf-reprint-dietary-advice-to-help-prevent-calcium-oxalate-kidney-stones-handout',0,'',3,'',1,0,0,1),
	(157,'RNF Reprint: Creating Educational Materials','<p>RNF Reprint: Creating Educational Materials<br />Vol 21 No 1 Winter 2002<br /><br />Cost $2.00<br /><br />Reprints are now downloadable! After you purchase the reprint you will be able to log in to your account and dowload the reprint immediately. <strong>You will be able to download each reprint 5 times only.</strong></p>',0,2,0,0,'rnf-reprint-creating-educational-materials',0,'',3,'',1,0,0,1),
	(158,'RNF Reprint: Guidelines for Nutrition Care of Renal Patients, third edition','<p>RNF Reprint: Guidelines for Nutrition Care of Renal Patients, third edition<br />Vol 21 No 1 Winter 2002<br /><br />Cost $2.00<br /><br />Reprints are now downloadable! After you purchase the reprint you will be able to log in to your account and dowload the reprint immediately. <strong>You will be able to download each reprint 5 times only.</strong></p>',0,2,0,0,'rnf-reprint-guidelines-for-nutrition-care-of-renal-patients-third-edition',0,'',3,'',1,0,0,1),
	(159,'RNF Reprint: Reimbursement Report','<p>RNF Reprint: Reimbursement Report<br />Vol 21 No 1 Winter 2002<br /><br />Cost $2.00<br /><br />Reprints are now downloadable! After you purchase the reprint you will be able to log in to your account and dowload the reprint immediately. <strong>You will be able to download each reprint 5 times only.</strong></p>',0,2,0,0,'rnf-reprint-reimbursement-report',0,'',3,'',1,0,0,1),
	(160,'RNF Reprint: Rehab Corner:  Pen Pals for Dialysis patients at Kansas Dialysis Services Clinics','<p>RNF Reprint: Rehab Corner:&nbsp; Pen Pals for Dialysis patients at Kansas Dialysis Service&rsquo;s Clinics<br />Vol 21 No 1 Winter 2002<br /><br />Cost $2.00<br /><br />Reprints are now downloadable! After you purchase the reprint you will be able to log in to your account and dowload the reprint immediately. <strong>You will be able to download each reprint 5 times only.</strong></p>',0,2,0,0,'rnf-reprint-rehab-corner-pen-pals-for-dialysis-patients-at-kansas-dialysis-services-clinics',0,'',3,'',1,0,0,1),
	(161,'RNF Reprint: Networking around the World with Renal RD:  Renal RD Listserve','<p>RNF Reprint: Networking around the World with Renal RD:&nbsp; Renal RD Listserve<br />Vol 21 No 1 Winter 2002<br /><br />Cost $2.00<br /><br />Reprints are now downloadable! After you purchase the reprint you will be able to log in to your account and dowload the reprint immediately. <strong>You will be able to download each reprint 5 times only.</strong></p>',0,2,0,0,'rnf-reprint-networking-around-the-world-with-renal-rd-renal-rd-listserve',0,'',3,'',1,0,0,1),
	(162,'RNF Reprint: Nutrition Implications of Chronic Kidney Disease','<p>RNF Reprint: Nutrition Implications of Chronic Kidney Disease<br />Vol 21 No 2 Spring 2002<br /><br />Cost $2.00<br /><br />Reprints are now downloadable! After you purchase the reprint you will be able to log in to your account and dowload the reprint immediately. <strong>You will be able to download each reprint 5 times only.</strong></p>',0,2,0,0,'rnf-reprint-nutrition-implications-of-chronic-kidney-disease',0,'',3,'',1,0,0,1),
	(163,'RNF Reprint: Managing Dyslipidemia in Patients with Renal Disease','<p>RNF Reprint: Managing Dyslipidemia in Patients with Renal Disease<br />Vol 21 No 2 Spring 2002<br /><br />Cost $2.00<br /><br />Reprints are now downloadable! After you purchase the reprint you will be able to log in to your account and dowload the reprint immediately. <strong>You will be able to download each reprint 5 times only.</strong></p>',0,2,0,0,'rnf-reprint-managing-dyslipidemia-in-patients-with-renal-disease',0,'',3,'',1,0,0,1),
	(164,'RNF Reprint: New Directions in Diabetes Care','<p>RNF Reprint: New Directions in Diabetes Care<br />Vol 21 No 2 Spring 2002<br /><br />Cost $2.00<br /><br />Reprints are now downloadable! After you purchase the reprint you will be able to log in to your account and dowload the reprint immediately. <strong>You will be able to download each reprint 5 times only.</strong></p>',0,2,0,0,'rnf-reprint-new-directions-in-diabetes-care',0,'',3,'',1,0,0,1),
	(165,'RNF Reprint: Benchmarking: Achieving Best Practice','<p>RNF Reprint: Benchmarking: Achieving Best Practice<br />Vol 21 No 2 Spring 2002<br /><br />Cost $2.00<br /><br />Reprints are now downloadable! After you purchase the reprint you will be able to log in to your account and dowload the reprint immediately. <strong>You will be able to download each reprint 5 times only.</strong></p>',0,2,0,0,'rnf-reprint-benchmarking-achieving-best-practice',0,'',3,'',1,0,0,1),
	(166,'RNF Reprint: The Newly Revised Renal Diet','<p>RNF Reprint: The Newly Revised Renal Diet<br />Vol 21 No 2 Spring 2002<br /><br />Cost $2.00<br /><br />Reprints are now downloadable! After you purchase the reprint you will be able to log in to your account and dowload the reprint immediately. <strong>You will be able to download each reprint 5 times only.</strong></p>',0,2,0,0,'rnf-reprint-the-newly-revised-renal-diet',0,'',3,'',1,0,0,1),
	(167,'RNF Reprint: Getting Started: An Initial Simplified Diet Overview','<p>RNF Reprint: Getting Started: An Initial Simplified Diet Overview<br />Vol 21 No 2 Spring 2002<br /><br />Cost $2.00<br /><br />Reprints are now downloadable! After you purchase the reprint you will be able to log in to your account and dowload the reprint immediately. <strong>You will be able to download each reprint 5 times only.</strong></p>',0,2,0,0,'rnf-reprint-getting-started-an-initial-simplified-diet-overview',0,'',3,'',1,0,0,1),
	(168,'RNF Reprint: Rehab Corner: The Value of Exercise in the Pre-endstage Population','<p>RNF Reprint: Rehab Corner: The Value of Exercise in the Pre-endstage Population<br />Vol 21 No 2 Spring 2002<br /><br />Cost $2.00<br /><br />Reprints are now downloadable! After you purchase the reprint you will be able to log in to your account and dowload the reprint immediately. <strong>You will be able to download each reprint 5 times only.</strong></p>',0,2,0,0,'rnf-reprint-rehab-corner-the-value-of-exercise-in-the-pre-endstage-population',0,'',3,'',1,0,0,1),
	(169,'RNF Reprint: Kidney Friendly Food Facts: Protein Adequacy and Phosphorus Control','<p>RNF Reprint: Kidney Friendly Food Facts: Protein Adequacy and Phosphorus Control<br />Vol 21 No 2 Spring 2002<br /><br />Cost $2.00<br /><br />Reprints are now downloadable! After you purchase the reprint you will be able to log in to your account and dowload the reprint immediately. <strong>You will be able to download each reprint 5 times only.</strong></p>',0,2,0,0,'rnf-reprint-kidney-friendly-food-facts-protein-adequacy-and-phosphorus-control',0,'',3,'',1,0,0,1),
	(170,'RNF Reprint: Acid-Base Status and The Nutrition Kidney Disease','<p>RNF Reprint: Acid-Base Status and The Nutrition Kidney Disease<br />Vol 21 No 2 Spring 2002<br /><br />Cost $2.00<br /><br />Reprints are now downloadable! After you purchase the reprint you will be able to log in to your account and dowload the reprint immediately. You will be able to download each reprint 5 times only.</p>',0,2,0,0,'rnf-reprint-acid-base-status-and-the-nutrition-kidney-disease',0,'',3,'',1,0,0,1),
	(171,'RNF Reprint: World Outside Renal: Where the Public Obtains Nutrition and Health Information','<p>RNF Reprint: World Outside Renal: Where the Public Obtains Nutrition and Health Information<br />Vol 21 No 2 Spring 2002<br /><br />Cost $2.00<br /><br />Reprints are now downloadable! After you purchase the reprint you will be able to log in to your account and dowload the reprint immediately. <strong>You will be able to download each reprint 5 times only.</strong></p>',0,2,0,0,'rnf-reprint-world-outside-renal-where-the-public-obtains-nutrition-and-health-information',0,'',3,'',1,0,0,1),
	(172,'RNF Reprint: Malnutrition in End Stage Renal Disease: Beyond Inadequate Nutrient Intake','<p>RNF Reprint: Malnutrition in End Stage Renal Disease: Beyond Inadequate Nutrient Intake<br />Vol 21 No 3 Summer 2002<br /><br />Cost $2.00<br /><br />Reprints are now downloadable! After you purchase the reprint you will be able to log in to your account and dowload the reprint immediately. <strong>You will be able to download each reprint 5 times only.</strong></p>',0,2,0,0,'rnf-reprint-malnutrition-in-end-stage-renal-disease-beyond-inadequate-nutrient-intake',0,'',3,'',1,0,0,1),
	(173,'RNF Reprint: Advances in Practice:  Trends in Anemia Management in Patients with Renal Disease','<p>RNF Reprint: Advances in Practice:&nbsp; Trends in Anemia Management in Patients with Renal Disease<br />Vol 21 No 3 Summer 2002<br /><br />Cost $2.00<br /><br />Reprints are now downloadable! After you purchase the reprint you will be able to log in to your account and dowload the reprint immediately. You will be able to download each reprint 5 times only.</p>',0,2,0,0,'rnf-reprint-advances-in-practice-trends-in-anemia-management-in-patients-with-renal-disease',0,'',3,'',1,0,0,1),
	(174,'RNF Reprint: Rehab Corner: Wellness Challenge Benefits Patients and Staff','<p>RNF Reprint: Rehab Corner: Wellness Challenge Benefits Patients and Staff<br />Vol 21 No 3 Summer 2002<br /><br />Cost $2.00<br /><br />Reprints are now downloadable! After you purchase the reprint you will be able to log in to your account and dowload the reprint immediately. <strong>You will be able to download each reprint 5 times only.</strong></p>',0,2,0,0,'rnf-reprint-rehab-corner-wellness-challenge-benefits-patients-and-staff',0,'',3,'',1,0,0,1),
	(175,'RNF Reprint: Kidney Friendly Food Facts: Seasonal Fruits, Cold Treats, Juice Blends, and Grilling','<p>RNF Reprint: Kidney Friendly Food Facts: Seasonal Fruits, Cold Treats, Juice Blends, and Grilling<br />Vol 21 No 3 Summer 2002<br /><br />Cost $2.00<br /><br />Reprints are now downloadable! After you purchase the reprint you will be able to log in to your account and dowload the reprint immediately. <strong>You will be able to download each reprint 5 times only.</strong></p>',0,2,0,0,'rnf-reprint-kidney-friendly-food-facts-seasonal-fruits-cold-treats-juice-blends-and-grilling',0,'',3,'',1,0,0,1),
	(176,'RNF Reprint: New Directions in Diabetes Care: Alternative-Site Meters, After-Meal Blood Glucose Levels, Lantus','<p>RNF Reprint: New Directions in Diabetes Care: Alternative-Site Meters, After-Meal Blood Glucose Levels, Lantus<br />Vol 21 No 3 Summer 2002<br /><br />Cost $2.00<br /><br />Reprints are now downloadable! After you purchase the reprint you will be able to log in to your account and dowload the reprint immediately. You will be able to download each reprint 5 times only.</p>',0,2,0,0,'rnf-reprint-new-directions-in-diabetes-care-alternative-site-meters-after-meal-blood-glucose-levels-lantus',0,'',3,'',1,0,0,1),
	(177,'RNF Reprint: Antihypertensive Agents and Hemodialysis','<p>RNF Reprint: Antihypertensive Agents and Hemodialysis<br />Vol 21 No 4 Fall 2002<br /><br />Cost $2.00<br /><br />Reprints are now downloadable! After you purchase the reprint you will be able to log in to your account and dowload the reprint immediately. <strong>You will be able to download each reprint 5 times only.</strong></p>',0,2,0,0,'rnf-reprint-antihypertensive-agents-and-hemodialysis',0,'',3,'',1,0,0,1),
	(178,'RNF Reprint: Acid-Base Status and the Nutrition Kidney Disease','<p>RNF Reprint: Acid-Base Status and the Nutrition Kidney Disease<br />Vol 21 No 4 Fall 2002<br /><br />Cost $2.00<br /><br />Reprints are now downloadable! After you purchase the reprint you will be able to log in to your account and dowload the reprint immediately. <strong>You will be able to download each reprint 5 times only.</strong></p>',0,2,0,0,'rnf-reprint-acid-base-status-and-the-nutrition-kidney-disease',0,'',3,'',1,0,0,1),
	(179,'RNF Reprint: Kidney Friendly Food Facts: Sampling Regional Foods','<p>RNF Reprint: Kidney Friendly Food Facts: Sampling Regional Foods<br />Vol 21 No 4 Fall 2002</p><p>Cost $2.00</p><p>Reprints are now downloadable! After you purchase the reprint you will be able to log in to your account and dowload the reprint immediately. <strong>You will be able to download each reprint 5 times only.<br /></strong></p>',0,2,0,0,'rnf-reprint-kidney-friendly-food-facts-sampling-regional-foods',0,'',3,'',1,0,0,1),
	(180,'RNF Reprint: Applications of Antioxidant Therapy in the Renal Population','<p>RNF Reprint: Applications of Antioxidant Therapy in the Renal Population<br />Vol 21 No 4 Fall 2002</p><p>Cost $2.00</p><p>Reprints are now downloadable! After you purchase the reprint you will be able to log in to your account and dowload the reprint immediately. You will be able to download each reprint 5 times only.</p>',0,2,0,0,'rnf-reprint-applications-of-antioxidant-therapy-in-the-renal-population',0,'',3,'',1,0,0,1),
	(181,'RNF Reprint: World Outside Renal: Key Trends Affecting the Profession and the Association','<p>RNF Reprint: World Outside Renal: Key Trends Affecting the Profession and the Association<br />Vol 21 No 4 Fall 2002</p><p>Cost $2.00</p><p>Reprints are now downloadable! After you purchase the reprint you will be able to log in to your account and dowload the reprint immediately. You will be able to download each reprint 5 times only.</p>',0,2,0,0,'rnf-reprint-world-outside-renal-key-trends-affecting-the-profession-and-the-association',0,'',3,'',1,0,0,1),
	(182,'RNF Reprint: Rehab Corner: FAQ About Starting an Exercise Program','<p>RNF Reprint: Rehab Corner: FAQ About Starting an Exercise Program<br />Vol 21 No 4 Fall 2002</p><p>Cost $2.00</p><p>Reprints are now downloadable! After you purchase the reprint you will be able to log in to your account and dowload the reprint immediately. <strong>You will be able to download each reprint 5 times only.<br /></strong></p>',0,2,0,0,'rnf-reprint-rehab-corner-faq-about-starting-an-exercise-program',0,'',3,'',1,0,0,1),
	(183,'RNF Reprint: Medical Nutrition Therapy for Chronic Kidney Disease','<p>RNF Reprint: Medical Nutrition Therapy for Chronic Kidney Disease<br />Vol 22 No 1 Winter 2003</p><p>Cost $2.00</p><p>Reprints are now downloadable! After you purchase the reprint you will be able to log in to your account and dowload the reprint immediately. <strong>You will be able to download each reprint 5 times only.<br /></strong></p>',0,2,0,0,'rnf-reprint-medical-nutrition-therapy-for-chronic-kidney-disease',0,'',3,'',1,0,0,1),
	(184,'RNF Reprint: Kidney Friendly Food Facts: Foodstuffs and their Health Claims','<p>RNF Reprint: Kidney Friendly Food Facts: Foodstuffs and their Health Claims<br />Vol 22 No 1 Winter 2003</p><p>Cost $2.00</p><p>Reprints are now downloadable! After you purchase the reprint you will be able to log in to your account and dowload the reprint immediately. <strong>You will be able to download each reprint 5 times only.<br /></strong></p>',0,2,0,0,'rnf-reprint-kidney-friendly-food-facts-foodstuffs-and-their-health-claims',0,'',3,'',1,0,0,1),
	(185,'RNF Reprint: Educational Strategies and Resources for Patients with Kidney Disease','<p>RNF Reprint: Educational Strategies and Resources for Patients with Kidney Disease<br />Vol 22 No 1 Winter 2003</p><p>Cost $2.00</p><p>Reprints are now downloadable! After you purchase the reprint you will be able to log in to your account and dowload the reprint immediately. <strong>You will be able to download each reprint 5 times only.<br /></strong></p>',0,2,0,0,'rnf-reprint-educational-strategies-and-resources-for-patients-with-kidney-disease',0,'',3,'',1,0,0,1),
	(186,'RNF Reprint: Products of the ADA Renal Practice Group','<p>RNF Reprint: Products of the ADA Renal Practice Group<br />Vol 22 No 1 Winter 2003</p><p>Cost $2.00</p><p>Reprints are now downloadable! After you purchase the reprint you will be able to log in to your account and dowload the reprint immediately. <strong>You will be able to download each reprint 5 times only.<br /></strong></p>',0,2,0,0,'rnf-reprint-products-of-the-ada-renal-practice-group',0,'',3,'',1,0,0,1),
	(187,'RNF Reprint: Diabetic Resources Online','<p>RNF Reprint: Diabetic Resources Online<br />Vol 22 No 1 Winter 2003</p><p>Cost $2.00</p><p>Reprints are now downloadable! After you purchase the reprint you will be able to log in to your account and dowload the reprint immediately. You will be able to download each reprint 5 times only.</p>',0,2,0,0,'rnf-reprint-diabetic-resources-online',0,'',3,'',1,0,0,1),
	(188,'RNF Reprint: Stipend Report: Role of Omega-3 Fatty Acids in the Practice of Nephrology','<p>RNF Reprint: Stipend Report: Role of Omega-3 Fatty Acids in the Practice of Nephrology<br />Vol 22 No 1 Winter 2003</p><p>Cost $2.00</p><p>Reprints are now downloadable! After you purchase the reprint you will be able to log in to your account and dowload the reprint immediately. You will be able to download each reprint 5 times only.</p>',0,2,0,0,'rnf-reprint-stipend-report-role-of-omega-3-fatty-acids-in-the-practice-of-nephrology',0,'',3,'',1,0,0,1),
	(189,'RNF Reprint: New Directions in Diabetes Care','<p>RNF Reprint: New Directions in Diabetes Care<br />Vol 22 No 1 Winter 2003</p><p>Cost $2.00</p><p>Reprints are now downloadable! After you purchase the reprint you will be able to log in to your account and dowload the reprint immediately. <strong>You will be able to download each reprint 5 times only.<br /></strong></p>',0,2,0,0,'rnf-reprint-new-directions-in-diabetes-care',0,'',3,'',1,0,0,1),
	(190,'RNF Reprint: Comparisons of Various Types of Milk','<p>RNF Reprint: Comparisons of Various Types of Milk<br />Vol 22 No 1 Winter 2003</p><p>Cost $2.00</p><p>Reprints are now downloadable! After you purchase the reprint you will be able to log in to your account and dowload the reprint immediately. <strong>You will be able to download each reprint 5 times only.<br /></strong></p>',0,2,0,0,'rnf-reprint-comparisons-of-various-types-of-milk',0,'',3,'',1,0,0,1),
	(191,'RNF Reprint: Rehab Corner: Resistance Training','<p>RNF Reprint: Rehab Corner: Resistance Training<br />Vol 22 No 1 Winter 2003</p><p>Cost $2.00</p><p>Reprints are now downloadable! After you purchase the reprint you will be able to log in to your account and dowload the reprint immediately. <strong>You will be able to download each reprint 5 times only.<br /></strong></p>',0,2,0,0,'rnf-reprint-rehab-corner-resistance-training',0,'',3,'',1,0,0,1),
	(192,'RNF Reprint: Total Parenteral Nutrition for Adults with Renal Failure in Acute Care','<p>RNF Reprint: Total Parenteral Nutrition for Adults with Renal Failure in Acute Care<br />Vol 22 No 2 Spring 2003</p><p>Cost $2.00</p><p>Reprints are now downloadable! After you purchase the reprint you will be able to log in to your account and dowload the reprint immediately. <strong>You will be able to download each reprint 5 times only.<br /></strong></p>',0,2,0,0,'rnf-reprint-total-parenteral-nutrition-for-adults-with-renal-failure-in-acute-care',0,'',3,'',1,0,0,1),
	(193,'RNF Reprint: Impact of Different Protein Sources on Health Outcomes in Adults with Renal Failure','<p>RNF Reprint: Impact of Different Protein Sources on Health Outcomes in Adults with Renal Failure<br />Vol 22 No 2 Spring 2003</p><p>Cost $2.00</p><p>Reprints are now downloadable! After you purchase the reprint you will be able to log in to your account and dowload the reprint immediately. <strong>You will be able to download each reprint 5 times only.<br /></strong></p>',0,2,0,0,'rnf-reprint-impact-of-different-protein-sources-on-health-outcomes-in-adults-with-renal-failure',0,'',3,'',1,0,0,1),
	(194,'RNF Reprint: Kidney Friendly Food Facts: Functional Foods and Antioxidants','<p>RNF Reprint: Kidney Friendly Food Facts: Functional Foods and Antioxidants<br />Vol 22 No 2 Spring 2003</p><p>Cost $2.00</p><p>Reprints are now downloadable! After you purchase the reprint you will be able to log in to your account and dowload the reprint immediately. <strong>You will be able to download each reprint 5 times only.<br /></strong></p>',0,2,0,0,'rnf-reprint-kidney-friendly-food-facts-functional-foods-and-antioxidants',0,'',3,'',1,0,0,1),
	(195,'RNF Reprint: World Outside Renal: Institute of Medicines Exercise Goal of 1 Hour a Day, RDIs','<p>RNF Reprint: World Outside Renal: Institute of Medicine&rsquo;s Exercise Goal of 1 Hour a Day, RDIs<br />Vol 22 No 2 Spring 2003</p><p>Cost $2.00</p><p>Reprints are now downloadable! After you purchase the reprint you will be able to log in to your account and dowload the reprint immediately. <strong>You will be able to download each reprint 5 times only.<br /></strong></p>',0,2,0,0,'rnf-reprint-world-outside-renal-institute-of-medicines-exercise-goal-of-1-hour-a-day-rdis',0,'',3,'',1,0,0,1),
	(196,'RNF Reprint: From Healthy Snacks to the State Legislature: Being a Change Agent in Any Setting','<p>RNF Reprint: From Healthy Snacks to the State Legislature: Being a Change Agent in Any Setting<br />Vol 22 No 2 Spring 2003</p><p>Cost $2.00</p><p>Reprints are now downloadable! After you purchase the reprint you will be able to log in to your account and dowload the reprint immediately. <strong>You will be able to download each reprint 5 times only.<br /></strong></p>',0,2,0,0,'rnf-reprint-from-healthy-snacks-to-the-state-legislature-being-a-change-agent-in-any-setting',0,'',3,'',1,0,0,1),
	(197,'RNF Reprint: Rehab Corner: Infection Control in Exercise Equipment','<p>RNF Reprint: Rehab Corner: Infection Control in Exercise Equipment<br />Vol 22 No 2 Spring 2003</p><p>Cost $2.00</p><p>Reprints are now downloadable! After you purchase the reprint you will be able to log in to your account and dowload the reprint immediately. <strong>You will be able to download each reprint 5 times only.<br /></strong></p>',0,2,0,0,'rnf-reprint-rehab-corner-infection-control-in-exercise-equipment',0,'',3,'',1,0,0,1),
	(198,'RNF Reprint: Homocysteine: The Newest Uremic Toxin?','<p>RNF Reprint: Homocysteine: The Newest Uremic Toxin?<br />Vol 22 No 2 Spring 2003</p><p>Cost $2.00</p><p>Reprints are now downloadable! After you purchase the reprint you will be able to log in to your account and dowload the reprint immediately. <strong>You will be able to download each reprint 5 times only.<br /></strong></p>',0,2,0,0,'rnf-reprint-homocysteine-the-newest-uremic-toxin',0,'',3,'',1,0,0,1),
	(199,'RNF Reprint: New Directions in Diabetes Care: Multivitamins, Thiamine, and Continuous Glucose Monitoring Systems','<p>RNF Reprint: New Directions in Diabetes Care: Multivitamins, Thiamine, and Continuous Glucose Monitoring Systems<br />Vol 22 No 3 Summer 2003</p><p>Cost $2.00</p><p>Reprints are now downloadable! After you purchase the reprint you will be able to log in to your account and dowload the reprint immediately. <strong>You will be able to download each reprint 5 times only.<br /></strong></p>',0,2,0,0,'rnf-reprint-new-directions-in-diabetes-care-multivitamins-thiamine-and-continuous-glucose-monitoring-systems',0,'',3,'',1,0,0,1),
	(200,'RNF Reprint: Advances in Practice: Improving Health Outcomes with Exercise in Patients with End-Stage Renal Disease','<p>RNF Reprint: Advances in Practice: Improving Health Outcomes with Exercise in Patients with End-Stage Renal Disease<br />Vol 22 No 3 Summer 2003</p><p>Cost $2.00</p><p>Reprints are now downloadable! After you purchase the reprint you will be able to log in to your account and dowload the reprint immediately. <strong>You will be able to download each reprint 5 times only.<br /></strong></p>',0,2,0,0,'rnf-reprint-advances-in-practice-improving-health-outcomes-with-exercise-in-patients-with-end-stage-renal-disease',0,'',3,'',1,0,0,1),
	(201,'RNF Reprint: Kidney Friendly Food Facts: Hotdogs and Mustards','<p>RNF Reprint: Kidney Friendly Food Facts: Hotdogs and Mustards<br />Vol 22 No 3 Summer 2003</p><p>Cost $2.00</p><p>Reprints are now downloadable! After you purchase the reprint you will be able to log in to your account and dowload the reprint immediately. <strong>You will be able to download each reprint 5 times only.<br /></strong></p>',0,2,0,0,'rnf-reprint-kidney-friendly-food-facts-hotdogs-and-mustards',0,'',3,'',1,0,0,1),
	(202,'RNF Reprint: Rehab Corner: Getting Physical Therapy for Your Patients','<p>RNF Reprint: Rehab Corner: Getting Physical Therapy for Your Patients<br />Vol 22 No 3 Summer 2003</p><p>Cost $2.00</p><p>Reprints are now downloadable! After you purchase the reprint you will be able to log in to your account and dowload the reprint immediately. <strong>You will be able to download each reprint 5 times only.<br /></strong></p>',0,2,0,0,'rnf-reprint-rehab-corner-getting-physical-therapy-for-your-patients',0,'',3,'',1,0,0,1),
	(203,'RNF Reprint: The Effectiveness of Lifestyle Intervention in the Diabetes Prevention Program: Application in Diverse Ethnic Groups','<p>RNF Reprint: The Effectiveness of Lifestyle Intervention in the Diabetes Prevention Program: Application in Diverse Ethnic Groups<br />Vol 22 No 4 Fall 2003</p><p>Cost $2.00</p><p>Reprints are now downloadable! After you purchase the reprint you will be able to log in to your account and dowload the reprint immediately. <strong>You will be able to download each reprint 5 times only.<br /></strong></p>',0,2,0,0,'rnf-reprint-the-effectiveness-of-lifestyle-intervention-in-the-diabetes-prevention-program-application-in-diverse-ethnic-groups',0,'',3,'',1,0,0,1),
	(204,'RNF Reprint: Products of the ADA Renal Practice Group','<p>RNF Reprint: Products of the ADA Renal Practice Group<br />Vol 22 No 4 Fall 2003</p><p>Cost $2.00</p><p>Reprints are now downloadable! After you purchase the reprint you will be able to log in to your account and dowload the reprint immediately. <strong>You will be able to download each reprint 5 times only.<br /></strong></p>',0,2,0,0,'rnf-reprint-products-of-the-ada-renal-practice-group',0,'',3,'',1,0,0,1),
	(205,'RNF Reprint: Advances in Practice: Carnitine Supplementation in Patients Undergoing Maintenance Dialysis Therapy','<p>RNF Reprint: Advances in Practice: Carnitine Supplementation in Patients Undergoing Maintenance Dialysis Therapy<br />Vol 22 No 4 Fall 2003</p><p>Cost $2.00</p><p>Reprints are now downloadable! After you purchase the reprint you will be able to log in to your account and dowload the reprint immediately. <strong>You will be able to download each reprint 5 times only.<br /></strong></p>',0,2,0,0,'rnf-reprint-advances-in-practice-carnitine-supplementation-in-patients-undergoing-maintenance-dialysis-therapy',0,'',3,'',1,0,0,1),
	(206,'RNF Reprint: World Outside Renal: Study Confirms Portion Sizes are Growing','<p>RNF Reprint: World Outside Renal: Study Confirms Portion Sizes are Growing<br />Vol 22 No 4 Fall 2003</p><p>Cost $2.00</p><p>Reprints are now downloadable! After you purchase the reprint you will be able to log in to your account and dowload the reprint immediately. <strong>You will be able to download each reprint 5 times only.<br /></strong></p>',0,2,0,0,'rnf-reprint-world-outside-renal-study-confirms-portion-sizes-are-growing',0,'',3,'',1,0,0,1),
	(207,'RNF Reprint: Stipend Report: Practical Applications of the New K/DOQI Bone and Mineral Metabolism and Dyslipidemia Guidelines','<p>RNF Reprint: Stipend Report: Practical Applications of the New K/DOQI Bone and Mineral Metabolism and Dyslipidemia Guidelines<br />Vol 22 No 4 Fall 2003</p><p>Cost $2.00</p><p>Reprints are now downloadable! After you purchase the reprint you will be able to log in to your account and dowload the reprint immediately. <strong>You will be able to download each reprint 5 times only.<br /></strong></p>',0,2,0,0,'rnf-reprint-stipend-report-practical-applications-of-the-new-kdoqi-bone-and-mineral-metabolism-and-dyslipidemia-guidelines',0,'',3,'',1,0,0,1),
	(208,'RNF Reprint: Stipend Report: Integrating Nutrition Therapy into Diabetes Management: Adjusting Insulin and Carbohydrate Counting','<p>RNF Reprint: Stipend Report: Integrating Nutrition Therapy into Diabetes Management: Adjusting Insulin and Carbohydrate Counting<br />Vol 22 No 4 Fall 2003</p><p>Cost $2.00</p><p>Reprints are now downloadable! After you purchase the reprint you will be able to log in to your account and dowload the reprint immediately. <strong>You will be able to download each reprint 5 times only.<br /></strong></p>',0,2,0,0,'rnf-reprint-stipend-report-integrating-nutrition-therapy-into-diabetes-management-adjusting-insulin-and-carbohydrate-counting',0,'',3,'',1,0,0,1),
	(209,'RNF Reprint: Latest Version of USDAs Premier Nutrient Database Released: a Press Release from the Agricultural Research Service (ARS).','<p>RNF Reprint: Latest Version of USDA&rsquo;s Premier Nutrient Database Released: a Press Release from the Agricultural Research Service (ARS).<br />Vol 22 No 4 Fall 2003</p><p>Cost $2.00</p><p>Reprints are now downloadable! After you purchase the reprint you will be able to log in to your account and dowload the reprint immediately. <strong>You will be able to download each reprint 5 times only.<br /></strong></p>',0,2,0,0,'rnf-reprint-latest-version-of-usdas-premier-nutrient-database-released-a-press-release-from-the-agricultural-research-service-ars',0,'',3,'',1,0,0,1),
	(210,'RNF Reprint: Kidney Friendly Food Facts: Potassium and Phosphorus Content of High Fiber Foods','<p>RNF Reprint: Kidney Friendly Food Facts: Potassium and Phosphorus Content of High Fiber Foods<br />Vol 22 No 4 Fall 2003</p><p>Cost $2.00</p><p>Reprints are now downloadable! After you purchase the reprint you will be able to log in to your account and dowload the reprint immediately. <strong>You will be able to download each reprint 5 times only.<br /></strong></p>',0,2,0,0,'rnf-reprint-kidney-friendly-food-facts-potassium-and-phosphorus-content-of-high-fiber-foods',0,'',3,'',1,0,0,1),
	(211,'RNF Reprint: Stipend Report: The Role of Inflammation in Chronic Kidney Disease','<p>RNF Reprint: Stipend Report: The Role of Inflammation in Chronic Kidney Disease<br />Vol 22 No 4 Fall 2003</p><p>Cost $2.00</p><p>Reprints are now downloadable! After you purchase the reprint you will be able to log in to your account and dowload the reprint immediately. <strong>You will be able to download each reprint 5 times only.<br /></strong></p>',0,2,0,0,'rnf-reprint-stipend-report-the-role-of-inflammation-in-chronic-kidney-disease',0,'',3,'',1,0,0,1),
	(212,'RNF Reprint: Hypertension: What Research Reveals','<p>RNF Reprint: Hypertension: What Research Reveals<br />Vol 23 No 1 Winter 2004</p><p>Cost $2.00</p><p>Reprints are now downloadable! After you purchase the reprint you will be able to log in to your account and dowload the reprint immediately. <strong>You will be able to download each reprint 5 times only.<br /></strong></p>',0,2,0,0,'rnf-reprint-hypertension-what-research-reveals',0,'',3,'',1,0,0,1),
	(213,'RNF Reprint: Kidney Friendly Food Facts: Higher Potassium, Lower Calorie Foods ','<p>RNF Reprint: Kidney Friendly Food Facts: Higher Potassium, Lower Calorie Foods <br />Vol 23 No 1 Winter 2004</p><p>Cost $2.00</p><p>Reprints are now downloadable! After you purchase the reprint you will be able to log in to your account and dowload the reprint immediately. <strong>You will be able to download each reprint 5 times only.<br /></strong></p>',0,2,0,0,'rnf-reprint-kidney-friendly-food-facts-higher-potassium-lower-calorie-foods',0,'',3,'',1,0,0,1),
	(214,'RNF Reprint: World Outside Renal: Action for Healthy Kids','<p>RNF Reprint: World Outside Renal: Action for Healthy Kids<br />Vol 23 No 1 Winter 2004</p><p>Cost $2.00</p><p>Reprints are now downloadable! After you purchase the reprint you will be able to log in to your account and dowload the reprint immediately. <strong>You will be able to download each reprint 5 times only.<br /></strong></p>',0,2,0,0,'rnf-reprint-world-outside-renal-action-for-healthy-kids',0,'',3,'',1,0,0,1),
	(215,'RNF Reprint: Bridging the Gap Between Diabetes and Cardiovascular Disease: Getting to the Heart of Diabetes ','<p>RNF Reprint: Bridging the Gap Between Diabetes and Cardiovascular Disease: &ldquo;Getting to the Heart of Diabetes&rdquo; <br />Vol 23 No 1 Winter 2004</p><p>Cost $2.00</p><p>Reprints are now downloadable! After you purchase the reprint you will be able to log in to your account and dowload the reprint immediately. <strong>You will be able to download each reprint 5 times only.<br /></strong></p>',0,2,0,0,'rnf-reprint-bridging-the-gap-between-diabetes-and-cardiovascular-disease-getting-to-the-heart-of-diabetes',0,'',3,'',1,0,0,1),
	(216,'RNF Reprint: Rehab Corner: Maintaining as Exercise Program: The Importance of Teamwork','<p>RNF Reprint: Rehab Corner: Maintaining as Exercise Program: The Importance of Teamwork<br />Vol 23 No 1 Winter 2004</p><p>Cost $2.00</p><p>Reprints are now downloadable! After you purchase the reprint you will be able to log in to your account and dowload the reprint immediately. <strong>You will be able to download each reprint 5 times only.<br /></strong></p>',0,2,0,0,'rnf-reprint-rehab-corner-maintaining-as-exercise-program-the-importance-of-teamwork',0,'',3,'',1,0,0,1),
	(217,'RNF Reprint: Assessing Readiness To Lose Weight','<p>RNF Reprint: Assessing Readiness To Lose Weight<br />Vol 23 No 2 Spring 2004</p><p>Cost $2.00</p><p>Reprints are now downloadable! After you purchase the reprint you will be able to log in to your account and dowload the reprint immediately. <strong>You will be able to download each reprint 5 times only.<br /></strong></p>',0,2,0,0,'rnf-reprint-assessing-readiness-to-lose-weight',0,'',3,'',1,0,0,1),
	(218,'RNF Reprint: Practitioner Opportunities in Dietetics Education','<p>RNF Reprint: Practitioner Opportunities in Dietetics Education<br />Vol 23 No 2 Spring 2004</p><p>Cost $2.00</p><p>Reprints are now downloadable! After you purchase the reprint you will be able to log in to your account and dowload the reprint immediately. <strong>You will be able to download each reprint 5 times only.<br /></strong></p>',0,2,0,0,'rnf-reprint-practitioner-opportunities-in-dietetics-education',0,'',3,'',1,0,0,1),
	(219,'RNF Reprint: Feeding the Terminally Ill: The Role of Artificial Hydration and Nutrition','<p>RNF Reprint: Feeding the Terminally Ill: The Role of Artificial Hydration and Nutrition<br />Vol 23 No 2 Spring 2004</p><p>Cost $2.00</p><p>Reprints are now downloadable! After you purchase the reprint you will be able to log in to your account and dowload the reprint immediately. <strong>You will be able to download each reprint 5 times only.<br /></strong></p>',0,2,0,0,'rnf-reprint-feeding-the-terminally-ill-the-role-of-artificial-hydration-and-nutrition',0,'',3,'',1,0,0,1),
	(220,'RNF Reprint: Advances in Practice: Functional Foods and the Patient with Chronic Kidney Disease','<p>RNF Reprint: Advances in Practice: Functional Foods and the Patient with Chronic Kidney Disease<br />Vol 23 No 2 Spring 2004</p><p>Cost $2.00</p><p>Reprints are now downloadable! After you purchase the reprint you will be able to log in to your account and dowload the reprint immediately. <strong>You will be able to download each reprint 5 times only.<br /></strong></p>',0,2,0,0,'rnf-reprint-advances-in-practice-functional-foods-and-the-patient-with-chronic-kidney-disease',0,'',3,'',1,0,0,1),
	(221,'RNF Reprint: Kidney Friendly Food Facts: Vegetarian Diets','<p>RNF Reprint: Kidney Friendly Food Facts: Vegetarian Diets<br />Vol 23 No 2 Spring 2004</p><p>Cost $2.00</p><p>Reprints are now downloadable! After you purchase the reprint you will be able to log in to your account and dowload the reprint immediately. <strong>You will be able to download each reprint 5 times only.<br /></strong></p>',0,2,0,0,'rnf-reprint-kidney-friendly-food-facts-vegetarian-diets',0,'',3,'',1,0,0,1),
	(222,'RNF Reprint: Stipend Report: Rural Nephrology: Working Together to Improve Outcomes in Renal Disease','<p>RNF Reprint: Stipend Report: Rural Nephrology: Working Together to Improve Outcomes in Renal Disease<br />Vol 23 No 2 Spring 2004</p><p>Cost $2.00</p><p>Reprints are now downloadable! After you purchase the reprint you will be able to log in to your account and dowload the reprint immediately. <strong>You will be able to download each reprint 5 times only.<br /></strong></p>',0,2,0,0,'rnf-reprint-stipend-report-rural-nephrology-working-together-to-improve-outcomes-in-renal-disease',0,'',3,'',1,0,0,1),
	(223,'RNF Reprint: Rehab Corner: A Model of An Exercise Program: Move Your Wagons','<p>RNF Reprint: Rehab Corner: A Model of An Exercise Program: &ldquo;Move Your Wagons&rdquo;<br />Vol 23 No 2 Spring 2004</p><p>Cost $2.00</p><p>Reprints are now downloadable! After you purchase the reprint you will be able to log in to your account and dowload the reprint immediately. <strong>You will be able to download each reprint 5 times only.<br /></strong></p>',0,2,0,0,'rnf-reprint-rehab-corner-a-model-of-an-exercise-program-move-your-wagons',0,'',3,'',1,0,0,1),
	(224,'(Members Only) RNF Reprint: Advances in the Treatement of Hyperphosphatemia: The Role of Lanthanum Carbonate','<p>RNF Reprint: Advances in the Treatement of Hyperphosphatemia: The Role of Lanthanum Carbonate<br />Vol 23 No 3 Summer 2004</p><p>Cost $2.00</p><p>Reprints are now downloadable! After you purchase the reprint you will be able to log in to your account and dowload the reprint immediately. <strong>You will be able to download each reprint 5 times only.<br /></strong></p>',0,2,0,0,'members-only-rnf-reprint-advances-in-the-treatement-of-hyperphosphatemia-the-role-of-lanthanum-carbonate',0,'',4,'/files/products/RNFFall2010_FeatureArticle_Niacin.pdf',1,0,0,1),
	(225,'RNF Reprint: New Directions in Diabetes Care: Report Card on Diabetes Preventive Care in the ESRD population','<p>RNF Reprint: New Directions in Diabetes Care: Report Card on Diabetes Preventive Care in the ESRD population<br />Vol 23 No 3 Summer 2004</p><p>Cost $2.00</p><p>Reprints are now downloadable! After you purchase the reprint you will be able to log in to your account and dowload the reprint immediately. <strong>You will be able to download each reprint 5 times only.<br /></strong></p>',0,2,0,0,'rnf-reprint-new-directions-in-diabetes-care-report-card-on-diabetes-preventive-care-in-the-esrd-population',0,'',3,'',1,0,0,1),
	(226,'RNF Reprint: Advances in Practice: Implications & Treatment Options for Overweight & Obese Pts with Chronic Kidney Disease','<p>RNF Reprint: Advances in Practice: Implications &amp; Treatment Options for Overweight &amp; Obese Pts with Chronic Kidney Disease<br />Vol 23 No 3 Summer 2004</p><p>Cost $2.00</p><p>Reprints are now downloadable! After you purchase the reprint you will be able to log in to your account and dowload the reprint immediately. <strong>You will be able to download each reprint 5 times only.<br /></strong></p>',0,2,0,0,'rnf-reprint-advances-in-practice-implications-treatment-options-for-overweight-obese-pts-with-chronic-kidney-disease',0,'',3,'',1,0,0,1),
	(227,'RNF Reprint: Kidney Friendly Food Facts: Chillin & Grillin','<p>RNF Reprint: Kidney Friendly Food Facts: Chillin&rsquo; &amp; Grillin&rsquo;<br />Vol 23 No 3 Summer 2004</p><p>Cost $2.00</p><p>Reprints are now downloadable! After you purchase the reprint you will be able to log in to your account and dowload the reprint immediately. <strong>You will be able to download each reprint 5 times only.<br /></strong></p>',0,2,0,0,'rnf-reprint-kidney-friendly-food-facts-chillin-grillin',0,'',3,'',1,0,0,1),
	(228,'RNF Reprint: Rehab Corner: Exercise for the Chronic Kidney Disease Patient?','<p>RNF Reprint: Rehab Corner: Exercise for the Chronic Kidney Disease Patient?<br />Vol 23 No 3 Summer 2004</p><p>Cost $2.00</p><p>Reprints are now downloadable! After you purchase the reprint you will be able to log in to your account and dowload the reprint immediately. <strong>You will be able to download each reprint 5 times only.<br /></strong></p>',0,2,0,0,'rnf-reprint-rehab-corner-exercise-for-the-chronic-kidney-disease-patient',0,'',3,'',1,0,0,1),
	(229,'RNF Reprint: Nutrition and Nephrolithiasis','<p>RNF Reprint: Nutrition and Nephrolithiasis<br />Vol 23 No 4 Fall 2004</p><p>Cost $2.00</p><p>Reprints are now downloadable! After you purchase the reprint you will be able to log in to your account and dowload the reprint immediately. <strong>You will be able to download each reprint 5 times only.<br /></strong></p>',0,2,0,0,'rnf-reprint-nutrition-and-nephrolithiasis',0,'',3,'',1,0,0,1),
	(230,'RNF Reprint: Advances in Practice: New Approaches for Managing Bone Metabolism and Disease in Chronic Kidney Disease','<p>RNF Reprint: Advances in Practice: New Approaches for Managing Bone Metabolism and Disease in Chronic Kidney Disease<br />Vol 23 No 4 Fall 2004</p><p>Cost $2.00</p><p>Reprints are now downloadable! After you purchase the reprint you will be able to log in to your account and dowload the reprint immediately. <strong>You will be able to download each reprint 5 times only.<br /></strong></p>',0,2,0,0,'rnf-reprint-advances-in-practice-new-approaches-for-managing-bone-metabolism-and-disease-in-chronic-kidney-disease',0,'',3,'',1,0,0,1),
	(231,'RNF Reprint: Stipend Report: Secondary Hyperparathyroidism: Clinical Consequences, New Therapeutic Targets and New Therapies','<p>RNF Reprint: Stipend Report: Secondary Hyperparathyroidism: Clinical Consequences, New Therapeutic Targets and New Therapies<br />Vol 23 No 4 Fall 2004</p><p>Cost $2.00</p><p>Reprints are now downloadable! After you purchase the reprint you will be able to log in to your account and dowload the reprint immediately. <strong>You will be able to download each reprint 5 times only.<br /></strong></p>',0,2,0,0,'rnf-reprint-stipend-report-secondary-hyperparathyroidism-clinical-consequences-new-therapeutic-targets-and-new-therapies',0,'',3,'',1,0,0,1),
	(232,'RNF Reprint: Kidney Friendly Food Facts: Citrus-Section 1','<p>RNF Reprint: Kidney Friendly Food Facts: Citrus-Section 1<br />Vol 23 No 4 Fall 2004</p><p>Cost $2.00</p><p>Reprints are now downloadable! After you purchase the reprint you will be able to log in to your account and dowload the reprint immediately. <strong>You will be able to download each reprint 5 times only.<br /></strong></p>',0,2,0,0,'rnf-reprint-kidney-friendly-food-facts-citrus-section-1',0,'',3,'',1,0,0,1),
	(233,'RNF Reprint: Rehab Corner: The Fantastic Five','<p>RNF Reprint: Rehab Corner: The Fantastic Five<br />Vol 23 No 4 Fall 2004</p><p>Cost $2.00</p><p>Reprints are now downloadable! After you purchase the reprint you will be able to log in to your account and dowload the reprint immediately. <strong>You will be able to download each reprint 5 times only.<br /></strong></p>',0,2,0,0,'rnf-reprint-rehab-corner-the-fantastic-five',0,'',3,'',1,0,0,1),
	(234,'RNF Reprint: Impact of Metabolic Acidosis on Clinical Outcomes in Patients with Chronic Kidney Disease','<p>RNF Reprint: Impact of Metabolic Acidosis on Clinical Outcomes in Patients with Chronic Kidney Disease<br />Vol 24 No 1 Winter 2005</p><p>Cost $2.00</p><p>Reprints are now downloadable! After you purchase the reprint you will be able to log in to your account and dowload the reprint immediately. <strong>You will be able to download each reprint 5 times only.<br /></strong></p>',0,2,0,0,'rnf-reprint-impact-of-metabolic-acidosis-on-clinical-outcomes-in-patients-with-chronic-kidney-disease',0,'',3,'',1,0,0,1),
	(235,'RNF Reprint: Kidney Friendly Food Facts: Citrus-Section II','<p>RNF Reprint: Kidney Friendly Food Facts: Citrus-Section II<br />Vol 24 No 1 Winter 2005</p><p>Cost $2.00</p><p>Reprints are now downloadable! After you purchase the reprint you will be able to log in to your account and dowload the reprint immediately. <strong>You will be able to download each reprint 5 times only.<br /></strong></p>',0,2,0,0,'rnf-reprint-kidney-friendly-food-facts-citrus-section-ii',0,'',3,'',1,0,0,1),
	(236,'RNF Reprint: Book Review: Motivational Interviewing, Preparing People for Change','<p>RNF Reprint: Book Review: Motivational Interviewing, Preparing People for Change<br />Vol 24 No 1 Winter 2005</p><p>Cost $2.00</p><p>Reprints are now downloadable! After you purchase the reprint you will be able to log in to your account and dowload the reprint immediately. <strong>You will be able to download each reprint 5 times only.<br /></strong></p>',0,2,0,0,'rnf-reprint-book-review-motivational-interviewing-preparing-people-for-change',0,'',3,'',1,0,0,1),
	(237,'RNF Reprint: Technical Column: Whats in the Water? Chloramine and Chloramines-Part I','<p>RNF Reprint: Technical Column: What&rsquo;s in the Water? Chloramine and Chloramines-Part I<br />Vol 24 No 1 Winter 2005</p><p>Cost $2.00</p><p>Reprints are now downloadable! After you purchase the reprint you will be able to log in to your account and dowload the reprint immediately. <strong>You will be able to download each reprint 5 times only.<br /></strong></p>',0,2,0,0,'rnf-reprint-technical-column-whats-in-the-water-chloramine-and-chloramines-part-i',0,'',3,'',1,0,0,1),
	(238,'RNF Reprint: Rehab Corner: The Second E from the Five Es of Renal Rehabilitation: Education','<p>RNF Reprint: Rehab Corner: The Second &ldquo;E&rdquo; from the Five &ldquo;E&rsquo;s&rdquo; of Renal Rehabilitation: Education<br />Vol 24 No 1 Winter 2005</p><p>Cost $2.00</p><p>Reprints are now downloadable! After you purchase the reprint you will be able to log in to your account and dowload the reprint immediately. <strong>You will be able to download each reprint 5 times only.<br /></strong></p>',0,2,0,0,'rnf-reprint-rehab-corner-the-second-e-from-the-five-es-of-renal-rehabilitation-education',0,'',3,'',1,0,0,1),
	(239,'RNF Reprint: Stipend Report: Diagnostic Nutrition Residency: An Opportunity For Advanced Practice','<p>RNF Reprint: Stipend Report: Diagnostic Nutrition Residency: An Opportunity For Advanced Practice<br />Vol 24 No 1 Winter 2005</p><p>Cost $2.00</p><p>Reprints are now downloadable! After you purchase the reprint you will be able to log in to your account and dowload the reprint immediately. <strong>You will be able to download each reprint 5 times only.<br /></strong></p>',0,2,0,0,'rnf-reprint-stipend-report-diagnostic-nutrition-residency-an-opportunity-for-advanced-practice',0,'',3,'',1,0,0,1),
	(240,'RNF Reprint: Stipend Report: Cardiovascular Disease Risk Factors in CKD','<p>RNF Reprint: Stipend Report: Cardiovascular Disease Risk Factors in CKD<br />Vol 24 No 1 Winter 2005</p><p>Cost $2.00</p><p>Reprints are now downloadable! After you purchase the reprint you will be able to log in to your account and dowload the reprint immediately. <strong>You will be able to download each reprint 5 times only.<br /></strong></p>',0,2,0,0,'rnf-reprint-stipend-report-cardiovascular-disease-risk-factors-in-ckd',0,'',3,'',1,0,0,1),
	(241,'RNF Reprint: Stipend Report: Nutrition Across the Continuum of Care','<p>RNF Reprint: Stipend Report: Nutrition Across the Continuum of Care<br />Vol 24 No 1 Winter 2005</p><p>Cost $2.00</p><p>Reprints are now downloadable! After you purchase the reprint you will be able to log in to your account and dowload the reprint immediately. <strong>You will be able to download each reprint 5 times only.<br /></strong></p>',0,2,0,0,'rnf-reprint-stipend-report-nutrition-across-the-continuum-of-care',0,'',3,'',1,0,0,1),
	(242,'RNF Reprint: Stipend Report: Incorporating Everyday Exercise Into Your Patients Lifestyle','<p>RNF Reprint: Stipend Report: Incorporating Everyday Exercise Into Your Patients&rsquo; Lifestyle<br />Vol 24 No 1 Winter 2005</p><p>Cost $2.00</p><p>Reprints are now downloadable! After you purchase the reprint you will be able to log in to your account and dowload the reprint immediately. <strong>You will be able to download each reprint 5 times only.<br /></strong></p>',0,2,0,0,'rnf-reprint-stipend-report-incorporating-everyday-exercise-into-your-patients-lifestyle',0,'',3,'',1,0,0,1),
	(243,'RNF Reprint: The Use of Appetite Stimulants and Anabolic Agents in Hemodialysis Patients','<p>RNF Reprint: The Use of Appetite Stimulants and Anabolic Agents in Hemodialysis Patients<br />Vol 24 No 2 Spring 2005</p><p>Cost $2.00</p><p>Reprints are now downloadable! After you purchase the reprint you will be able to log in to your account and dowload the reprint immediately. <strong>You will be able to download each reprint 5 times only.<br /></strong></p>',0,2,0,0,'rnf-reprint-the-use-of-appetite-stimulants-and-anabolic-agents-in-hemodialysis-patients',0,'',3,'',1,0,0,1),
	(244,'RNF Reprint: Advances in Practice: Impact of Infection & Immune Response on Nutritional Status in Pts with CKD Undergoing Maintenance Dialysis Therapy','<p>RNF Reprint: Advances in Practice: Impact of Infection &amp; Immune Response on Nutritional Status in Pts with CKD Undergoing Maintenance Dialysis Therapy<br />Vol 24 No 2 Spring 2005</p><p>Cost $2.00</p><p>Reprints are now downloadable! After you purchase the reprint you will be able to log in to your account and dowload the reprint immediately. <strong>You will be able to download each reprint 5 times only.<br /></strong></p>',0,2,0,0,'rnf-reprint-advances-in-practice-impact-of-infection-immune-response-on-nutritional-status-in-pts-with-ckd-undergoing-maintenance-dialysis-therapy',0,'',3,'',1,0,0,1),
	(245,'RNF Reprint: Kidney Friendly Food Facts: Fattening and Sweetening Caloric Intake','<p>RNF Reprint: Kidney Friendly Food Facts: Fattening and Sweetening Caloric Intake<br />Vol 24 No 2 Spring 2005</p><p>Cost $2.00</p><p>Reprints are now downloadable! After you purchase the reprint you will be able to log in to your account and dowload the reprint immediately. <strong>You will be able to download each reprint 5 times only.<br /></strong></p>',0,2,0,0,'rnf-reprint-kidney-friendly-food-facts-fattening-and-sweetening-caloric-intake',0,'',3,'',1,0,0,1),
	(246,'RNF Reprint: Technical Column: Whats in the Water???  Part II Aluminum','<p>RNF Reprint: Technical Column: What&rsquo;s in the Water???&nbsp; Part II Aluminum<br />Vol 24 No 2 Spring 2005</p><p>Cost $2.00</p><p>Reprints are now downloadable! After you purchase the reprint you will be able to log in to your account and dowload the reprint immediately. <strong>You will be able to download each reprint 5 times only.<br /></strong></p>',0,2,0,0,'rnf-reprint-technical-column-whats-in-the-water-part-ii-aluminum',0,'',3,'',1,0,0,1),
	(247,'RNF Reprint: Rehab Corner: Encouragement-Creating Windows of Opportunity','<p>RNF Reprint: Rehab Corner: Encouragement-Creating Windows of Opportunity<br />Vol 24 No 2 Spring 2005</p><p>Cost $2.00</p><p>Reprints are now downloadable! After you purchase the reprint you will be able to log in to your account and dowload the reprint immediately. <strong>You will be able to download each reprint 5 times only.<br /></strong></p>',0,2,0,0,'rnf-reprint-rehab-corner-encouragement-creating-windows-of-opportunity',0,'',3,'',1,0,0,1),
	(248,'RNF Reprint: Nutrition Management of the Patient with Acute Renal Failure','<p>RNF Reprint: Nutrition Management of the Patient with Acute Renal Failure<br />Vol 24 No 3 Summer 2005</p><p>Cost $2.00</p><p>Reprints are now downloadable! After you purchase the reprint you will be able to log in to your account and dowload the reprint immediately. <strong>You will be able to download each reprint 5 times only.<br /></strong></p>',0,2,0,0,'rnf-reprint-nutrition-management-of-the-patient-with-acute-renal-failure',0,'',3,'',1,0,0,1),
	(249,'RNF Reprint: Advances in Practice: Therapeutic Benefits of Fish Oils for Patients with Chronic Kidney Disease','<p>RNF Reprint: Advances in Practice: Therapeutic Benefits of Fish Oils for Patients with Chronic Kidney Disease<br />Vol 24 No 3 Summer 2005</p><p>Cost $2.00</p><p>Reprints are now downloadable! After you purchase the reprint you will be able to log in to your account and dowload the reprint immediately. <strong>You will be able to download each reprint 5 times only.<br /></strong></p>',0,2,0,0,'rnf-reprint-advances-in-practice-therapeutic-benefits-of-fish-oils-for-patients-with-chronic-kidney-disease',0,'',3,'',1,0,0,1),
	(250,'RNF Reprint: Kidney Friendly Food Facts: Road Map to Improve Intake','<p>RNF Reprint: Kidney Friendly Food Facts: Road Map to Improve Intake<br />Vol 24 No 3 Summer 2005</p><p>Cost $2.00</p><p>Reprints are now downloadable! After you purchase the reprint you will be able to log in to your account and dowload the reprint immediately. <strong>You will be able to download each reprint 5 times only.<br /></strong></p>',0,2,0,0,'rnf-reprint-kidney-friendly-food-facts-road-map-to-improve-intake',0,'',3,'',1,0,0,1),
	(251,'RNF Reprint: Rehab Corner: Exercise-Creating Positive and Fun Expectations for Dialysis Patients','<p>RNF Reprint: Rehab Corner: Exercise-Creating Positive and Fun Expectations for Dialysis Patients<br />Vol 24 No 3 Summer 2005</p><p>Cost $2.00</p><p>Reprints are now downloadable! After you purchase the reprint you will be able to log in to your account and dowload the reprint immediately. <strong>You will be able to download each reprint 5 times only.<br /></strong></p>',0,2,0,0,'rnf-reprint-rehab-corner-exercise-creating-positive-and-fun-expectations-for-dialysis-patients',0,'',3,'',1,0,0,1),
	(252,'RNF Reprint: The Effects of Alcohol on the Chronic Kidney Disease Population','<p>RNF Reprint: The Effects of Alcohol on the Chronic Kidney Disease Population<br />Vol 24 No 4 Fall 2005</p><p>Cost $2.00</p><p>Reprints are now downloadable! After you purchase the reprint you will be able to log in to your account and dowload the reprint immediately. <strong>You will be able to download each reprint 5 times only.<br /></strong></p>',0,2,0,0,'rnf-reprint-the-effects-of-alcohol-on-the-chronic-kidney-disease-population',0,'',3,'',1,0,0,1),
	(253,'RNF Reprint: Advances in Practice: Impact of Ghrelin on Nutritional Status in Patients with Chronic Kidney Disease','<p>RNF Reprint: Advances in Practice: Impact of Ghrelin on Nutritional Status in Patients with Chronic Kidney Disease<br />Vol 24 No 4 Fall 2005</p><p>Cost $2.00</p><p>Reprints are now downloadable! After you purchase the reprint you will be able to log in to your account and dowload the reprint immediately. <strong>You will be able to download each reprint 5 times only.<br /></strong></p>',0,2,0,0,'rnf-reprint-advances-in-practice-impact-of-ghrelin-on-nutritional-status-in-patients-with-chronic-kidney-disease',0,'',3,'',1,0,0,1),
	(254,'RNF Reprint: Kidney Friendly Facts for Patient Education: Fall 2005','<p>RNF Reprint: Kidney Friendly Facts for Patient Education: Fall 2005<br />Vol 24 No 4 Fall 2005</p><p>Cost $2.00</p><p>Reprints are now downloadable! After you purchase the reprint you will be able to log in to your account and dowload the reprint immediately. <strong>You will be able to download each reprint 5 times only.<br /></strong></p>',0,2,0,0,'rnf-reprint-kidney-friendly-facts-for-patient-education-fall-2005',0,'',3,'',1,0,0,1),
	(255,'RNF Reprint: Biotin in the Treatment of Uremic Neurological Disorders','<p>RNF Reprint: Biotin in the Treatment of Uremic Neurological Disorders<br />Vol 25 No 1 Winter 2006</p><p>Cost $2.00</p><p>Reprints are now downloadable! After you purchase the reprint you will be able to log in to your account and dowload the reprint immediately. <strong>You will be able to download each reprint 5 times only.<br /></strong></p>',0,2,0,0,'rnf-reprint-biotin-in-the-treatment-of-uremic-neurological-disorders',0,'',3,'',1,0,0,1),
	(256,'RNF Reprint: Advances in Practice:  Strategies for Optimizing Nutritional Intake and Improving Functional Status in Elderly Patients Undergoing Maintenance Dialysis Therapy','<p>RNF Reprint: Advances in Practice:&nbsp; Strategies for Optimizing Nutritional Intake and Improving Functional Status in Elderly Patients Undergoing Maintenance Dialysis Therapy<br />Vol 25 No 1 Winter 2006</p><p>Cost $2.00</p><p>Reprints are now downloadable! After you purchase the reprint you will be able to log in to your account and dowload the reprint immediately. <strong>You will be able to download each reprint 5 times only.<br /></strong></p>',0,2,0,0,'rnf-reprint-advances-in-practice-strategies-for-optimizing-nutritional-intake-and-improving-functional-status-in-elderly-patients-undergoing-maintenance-dialysis-therapy',0,'',3,'',1,0,0,1),
	(257,'RNF Reprint: Kidney Friendly Facts for Patient Education: Winter 2006','<p>RNF Reprint: Kidney Friendly Facts for Patient Education: Winter 2006<br />Vol 25 No 1 Winter 2006</p><p>Cost $2.00</p><p>Reprints are now downloadable! After you purchase the reprint you will be able to log in to your account and dowload the reprint immediately. <strong>You will be able to download each reprint 5 times only.<br /></strong></p>',0,2,0,0,'rnf-reprint-kidney-friendly-facts-for-patient-education-winter-2006',0,'',3,'',1,0,0,1),
	(258,'RNF Reprint: Nutritional Management of the Chronic Kidney Disease Patient','<p>RNF Reprint: Nutritional Management of the Chronic Kidney Disease Patient<br />Vol 25 No 2 Spring 2006</p><p>Cost $2.00</p><p>Reprints are now downloadable! After you purchase the reprint you will be able to log in to your account and dowload the reprint immediately. <strong>You will be able to download each reprint 5 times only.<br /></strong></p>',0,2,0,0,'rnf-reprint-nutritional-management-of-the-chronic-kidney-disease-patient',0,'',3,'',1,0,0,1),
	(259,'RNF Reprint: Advances in Practice: Dietary Supplement Use in Patients with Chronic Kidney Disease','<p>RNF Reprint: Advances in Practice: Dietary Supplement Use in Patients with Chronic Kidney Disease<br />Vol 25 No 2 Spring 2006</p><p>Cost $2.00</p><p>Reprints are now downloadable! After you purchase the reprint you will be able to log in to your account and dowload the reprint immediately. <strong>You will be able to download each reprint 5 times only.<br /></strong></p>',0,2,0,0,'rnf-reprint-advances-in-practice-dietary-supplement-use-in-patients-with-chronic-kidney-disease',0,'',3,'',1,0,0,1),
	(260,'RNF Reprint: Stipend Report: Demonstrated Best Practice: Bone Mineral Metabolism','<p>RNF Reprint: Stipend Report: Demonstrated Best Practice: Bone Mineral Metabolism<br />Vol 25 No 2 Spring 2006</p><p>Cost $2.00</p><p>Reprints are now downloadable! After you purchase the reprint you will be able to log in to your account and dowload the reprint immediately. <strong>You will be able to download each reprint 5 times only.<br /></strong></p>',0,2,0,0,'rnf-reprint-stipend-report-demonstrated-best-practice-bone-mineral-metabolism',0,'',3,'',1,0,0,1),
	(261,'RNF Reprint: Potassium Management in Peritoneal Dialysis Patients: Can an Increased Potassium Diet Maintain a Normal Serum Potassium without a Potassium Supplement?','<p>RNF Reprint: Potassium Management in Peritoneal Dialysis Patients: Can an Increased Potassium Diet Maintain a Normal Serum Potassium without a Potassium Supplement?<br />Vol 25 No 3 Summer 2006</p><p>Cost $2.00</p><p>Reprints are now downloadable! After you purchase the reprint you will be able to log in to your account and dowload the reprint immediately. <strong>You will be able to download each reprint 5 times only.<br /></strong></p>',0,2,0,0,'rnf-reprint-potassium-management-in-peritoneal-dialysis-patients-can-an-increased-potassium-diet-maintain-a-normal-serum-potassium-without-a-potassium-supplement',0,'',3,'',1,0,0,1),
	(262,'RNF Reprint: Maximizing your High Biological Value','<p>RNF Reprint: Maximizing your High Biological Value<br />Vol 25 No 3 Summer 2006</p><p>Cost $2.00</p><p>Reprints are now downloadable! After you purchase the reprint you will be able to log in to your account and dowload the reprint immediately. <strong>You will be able to download each reprint 5 times only.<br /></strong></p>',0,2,0,0,'rnf-reprint-maximizing-your-high-biological-value',0,'',3,'',1,0,0,1),
	(263,'RNF Reprint: Renal Dietitians Chair Message','<p>RNF Reprint: Renal Dietitians Chair Message<br />Vol 25 No 3 Summer 2006</p><p>Cost $2.00</p><p>Reprints are now downloadable! After you purchase the reprint you will be able to log in to your account and dowload the reprint immediately. <strong>You will be able to download each reprint 5 times only.<br /></strong></p>',0,2,0,0,'rnf-reprint-renal-dietitians-chair-message',0,'',3,'',1,0,0,1),
	(264,'Vol 25 No 3 Summer 2006','<p>c<br />Vol 25 No 3 Summer 2006</p><p>Cost $2.00</p><p>Reprints are now downloadable! After you purchase the reprint you will be able to log in to your account and dowload the reprint immediately. <strong>You will be able to download each reprint 5 times only.<br /></strong></p>',0,2,0,0,'vol-25-no-3-summer-2006',0,'',3,'',1,0,0,1),
	(265,'RNF Reprint: RPG Member Advantages','<p>RNF Reprint: RPG Member Advantages<br />Vol 25 No 3 Summer 2006</p><p>Cost $2.00</p><p>Reprints are now downloadable! After you purchase the reprint you will be able to log in to your account and dowload the reprint immediately. <strong>You will be able to download each reprint 5 times only.<br /></strong></p>',0,2,0,0,'rnf-reprint-rpg-member-advantages',0,'',3,'',1,0,0,1),
	(266,'RNF Reprint: RPG Membership Survey Results','<p>RNF Reprint: RPG Membership Survey Results<br />Vol 25 No 3 Summer 2006</p><p>Cost $2.00</p><p>Reprints are now downloadable! After you purchase the reprint you will be able to log in to your account and dowload the reprint immediately. <strong>You will be able to download each reprint 5 times only.<br /></strong></p>',0,2,0,0,'rnf-reprint-rpg-membership-survey-results',0,'',3,'',1,0,0,1),
	(267,'RNF Reprint: Impact of Nutritional Supplements on Albumin Levels of Dialysis Patients: Nutrition Supplement Grant Program NKF of South Carolina','<p>RNF Reprint: Impact of Nutritional Supplements on Albumin Levels of Dialysis Patients: Nutrition Supplement Grant Program NKF of South Carolina<br />Vol 25 No 4 Fall 2006</p><p>Cost $2.00</p><p>Reprints are now downloadable! After you purchase the reprint you will be able to log in to your account and dowload the reprint immediately. <strong>You will be able to download each reprint 5 times only.<br /></strong></p>',0,2,0,0,'rnf-reprint-impact-of-nutritional-supplements-on-albumin-levels-of-dialysis-patients-nutrition-supplement-grant-program-nkf-of-south-carolina',0,'',3,'',1,0,0,1),
	(268,'RNF Reprint: Dietitians in Research: Part 1','<p>RNF Reprint: Dietitians in Research: Part 1<br />Vol 25 No 4 Fall 2006</p><p>Cost $2.00</p><p>Reprints are now downloadable! After you purchase the reprint you will be able to log in to your account and dowload the reprint immediately. <strong>You will be able to download each reprint 5 times only.<br /></strong></p>',0,2,0,0,'rnf-reprint-dietitians-in-research-part-1',0,'',3,'',1,0,0,1),
	(269,'RNF Reprint: Renal Dietitians Chair Message Are Dietitians the Rodney Dangerfields of the Dialysis Clinics?','<p>RNF Reprint: Renal Dietitians Chair Message Are Dietitians the &ldquo;Rodney Dangerfields&rdquo; of the Dialysis Clinics?<br />Vol 25 No 4 Fall 2006</p><p>Cost $2.00</p><p>Reprints are now downloadable! After you purchase the reprint you will be able to log in to your account and dowload the reprint immediately. <strong>You will be able to download each reprint 5 times only.<br /></strong></p>',0,2,0,0,'rnf-reprint-renal-dietitians-chair-message-are-dietitians-the-rodney-dangerfields-of-the-dialysis-clinics',0,'',3,'',1,0,0,1),
	(270,'RNF Reprint: CRN Chairperson Message Revisiting the Nutrition Guidelines: The Value of Survey Research ','<p>RNF Reprint: CRN Chairperson Message &ldquo;Revisiting the Nutrition Guidelines: The Value of Survey Research&rdquo; <br />Vol 25 No 4 Fall 2006</p><p>Cost $2.00</p><p>Reprints are now downloadable! After you purchase the reprint you will be able to log in to your account and dowload the reprint immediately. <strong>You will be able to download each reprint 5 times only.<br /></strong></p>',0,2,0,0,'rnf-reprint-crn-chairperson-message-revisiting-the-nutrition-guidelines-the-value-of-survey-research',0,'',3,'',1,0,0,1),
	(271,'RNF Reprint: Survey Research: A Research Methodology','<p>RNF Reprint: Survey Research: A Research Methodology<br />Vol 25 No 4 Fall 2006</p><p>Cost $2.00</p><p>Reprints are now downloadable! After you purchase the reprint you will be able to log in to your account and dowload the reprint immediately. <strong>You will be able to download each reprint 5 times only.<br /></strong></p>',0,2,0,0,'rnf-reprint-survey-research-a-research-methodology',0,'',3,'',1,0,0,1),
	(272,'RNF Reprint: Nurture Your Career with a Career Portfolio','<p>RNF Reprint: Nurture Your Career with a Career Portfolio<br />Vol 25 No 4 Fall 2006</p><p>Cost $2.00</p><p>Reprints are now downloadable! After you purchase the reprint you will be able to log in to your account and dowload the reprint immediately. <strong>You will be able to download each reprint 5 times only.<br /></strong></p>',0,2,0,0,'rnf-reprint-nurture-your-career-with-a-career-portfolio',0,'',3,'',1,0,0,1),
	(273,'RNF Reprint: Vitamin and Mineral Recommendations for Older People with Chronic Kidney Disease','<p>RNF Reprint: Vitamin and Mineral Recommendations for Older People with Chronic Kidney Disease<br />Vol 26 No 1 Winter 2007</p><p>Cost $2.00</p><p>Reprints are now downloadable! After you purchase the reprint you will be able to log in to your account and dowload the reprint immediately. <strong>You will be able to download each reprint 5 times only.<br /></strong></p>',0,2,0,0,'rnf-reprint-vitamin-and-mineral-recommendations-for-older-people-with-chronic-kidney-disease',0,'',3,'',1,0,0,1),
	(274,'RNF Reprint: Dietitians in Research: Part 2','<p>RNF Reprint: Dietitians in Research: Part 2<br />Vol 26 No 1 Winter 2007</p><p>Cost $2.00</p><p>Reprints are now downloadable! After you purchase the reprint you will be able to log in to your account and dowload the reprint immediately. <strong>You will be able to download each reprint 5 times only.<br /></strong></p>',0,2,0,0,'rnf-reprint-dietitians-in-research-part-2',0,'',3,'',1,0,0,1),
	(275,'RNF Reprint: Botanical Supplement Use and Potential Side Effects in Patients with Chronic Kidney Disease','<p>RNF Reprint: Botanical Supplement Use and Potential Side Effects in Patients with Chronic Kidney Disease<br />Vol 26 No 1 Winter 2007</p><p>Cost $2.00</p><p>Reprints are now downloadable! After you purchase the reprint you will be able to log in to your account and dowload the reprint immediately. <strong>You will be able to download each reprint 5 times only.<br /></strong></p>',0,2,0,0,'rnf-reprint-botanical-supplement-use-and-potential-side-effects-in-patients-with-chronic-kidney-disease',0,'',3,'',1,0,0,1),
	(276,'RNF Reprint: Renal Dietitians Chair Message','<p>RNF Reprint: Renal Dietitians Chair Message<br />Vol 26 No 1 Winter 2007</p><p>Cost $2.00</p><p>Reprints are now downloadable! After you purchase the reprint you will be able to log in to your account and dowload the reprint immediately. <strong>You will be able to download each reprint 5 times only.<br /></strong></p>',0,2,0,0,'rnf-reprint-renal-dietitians-chair-message',0,'',3,'',1,0,0,1),
	(277,'RNF Reprint: CRN Chairperson Message-European Partners','<p>RNF Reprint: CRN Chairperson Message-European Partners<br />Vol 26 No 1 Winter 2007</p><p>Cost $2.00</p><p>Reprints are now downloadable! After you purchase the reprint you will be able to log in to your account and dowload the reprint immediately. <strong>You will be able to download each reprint 5 times only.<br /></strong></p>',0,2,0,0,'rnf-reprint-crn-chairperson-message-european-partners',0,'',3,'',1,0,0,1),
	(278,'RNF Reprint: Nutrition Therapy Reimbursement Guide','<p>RNF Reprint: Nutrition Therapy Reimbursement Guide<br />Vol 26 No 1 Winter 2007</p><p>Cost $2.00</p><p>Reprints are now downloadable! After you purchase the reprint you will be able to log in to your account and dowload the reprint immediately. <strong>You will be able to download each reprint 5 times only.<br /></strong></p>',0,2,0,0,'rnf-reprint-nutrition-therapy-reimbursement-guide',0,'',3,'',1,0,0,1),
	(279,'RNF Reprint: 2006 ADA Food and Nutrition Conference-As experienced by a first time attendee','<p>RNF Reprint: 2006 ADA Food and Nutrition Conference-As experienced by a first time attendee<br />Vol 26 No 1 Winter 2007</p><p>Cost $2.00</p><p>Reprints are now downloadable! After you purchase the reprint you will be able to log in to your account and dowload the reprint immediately. <strong>You will be able to download each reprint 5 times only.<br /></strong></p>',0,2,0,0,'rnf-reprint-2006-ada-food-and-nutrition-conference-as-experienced-by-a-first-time-attendee',0,'',3,'',1,0,0,1),
	(280,'RNF Reprint: RPG Spotlight-Susan DuPraw MPH, RD','<p>RNF Reprint: RPG Spotlight-Susan DuPraw MPH, RD<br />Vol 26 No 1 Winter 2007</p><p>Cost $2.00</p><p>Reprints are now downloadable! After you purchase the reprint you will be able to log in to your account and dowload the reprint immediately. <strong>You will be able to download each reprint 5 times only.<br /></strong></p>',0,2,0,0,'rnf-reprint-rpg-spotlight-susan-dupraw-mph-rd',0,'',3,'',1,0,0,1),
	(281,'RNF Reprint: Feature Article: An In-Depth Review of the Use of Vitamin D Analogs and Parathyroidectomy in the Management of Secondary Hyperparathyroidism to Treat Calcific Uremic Arteriolopathy in Dialysis Patients','<p>RNF Reprint: Feature Article: An In-Depth Review of the Use of Vitamin D Analogs and Parathyroidectomy in the Management of Secondary Hyperparathyroidism to Treat Calcific Uremic Arteriolopathy in Dialysis Patients<br />Vol 26 No 2 Spring 2007</p><p>Cost $2.00</p><p>Reprints are now downloadable! After you purchase the reprint you will be able to log in to your account and dowload the reprint immediately. <strong>You will be able to download each reprint 5 times only.<br /></strong></p>',0,2,0,0,'rnf-reprint-feature-article-an-in-depth-review-of-the-use-of-vitamin-d-analogs-and-parathyroidectomy-in-the-management-of-secondary-hyperparathyroidism-to-treat-calcific-uremic-arteriolopathy-in-dialysis-patients',0,'',3,'',1,0,0,1),
	(282,'RNF Reprint: Advances in Practice: Leptin and Nutritional Status in Patients with CKD','<p>RNF Reprint: Advances in Practice: Leptin and Nutritional Status in Patients with CKD<br />Vol 26 No 2 Spring 2007</p><p>Cost $2.00</p><p>Reprints are now downloadable! After you purchase the reprint you will be able to log in to your account and dowload the reprint immediately. <strong>You will be able to download each reprint 5 times only.<br /></strong></p>',0,2,0,0,'rnf-reprint-advances-in-practice-leptin-and-nutritional-status-in-patients-with-ckd',0,'',3,'',1,0,0,1),
	(283,'RNF Reprint: Rehab Corner: Patient Employment  the Dietitians Role?','<p>RNF Reprint: Rehab Corner: Patient Employment &ndash; the Dietitian&rsquo;s Role?<br />Vol 26 No 2 Spring 2007</p><p>Cost $2.00</p><p>Reprints are now downloadable! After you purchase the reprint you will be able to log in to your account and dowload the reprint immediately. <strong>You will be able to download each reprint 5 times only.<br /></strong></p>',0,2,0,0,'rnf-reprint-rehab-corner-patient-employment--the-dietitians-role',0,'',3,'',1,0,0,1),
	(284,'RNF Reprint: Scope of Dietetics Practice: ADAs Scope of Practice Format Explained','<p>RNF Reprint: Scope of Dietetics Practice: ADA&rsquo;s Scope of Practice Format Explained<br />Vol 26 No 2 Spring 2007</p><p>Cost $2.00</p><p>Reprints are now downloadable! After you purchase the reprint you will be able to log in to your account and dowload the reprint immediately. <strong>You will be able to download each reprint 5 times only.<br /></strong></p>',0,2,0,0,'rnf-reprint-scope-of-dietetics-practice-adas-scope-of-practice-format-explained',0,'',3,'',1,0,0,1),
	(285,'RNF Reprint: Renal Dietitian Travels to Peoples Republic of ChinaAs a Member of a People to People International Tour','<p>RNF Reprint: Renal Dietitian Travels to People&rsquo;s Republic of China&hellip;As a Member of a People to People International Tour<br />Vol 26 No 2 Spring 2007</p><p>Cost $2.00</p><p>Reprints are now downloadable! After you purchase the reprint you will be able to log in to your account and dowload the reprint immediately. <strong>You will be able to download each reprint 5 times only.<br /></strong></p>',0,2,0,0,'rnf-reprint-renal-dietitian-travels-to-peoples-republic-of-chinaas-a-member-of-a-people-to-people-international-tour',0,'',3,'',1,0,0,1),
	(286,'RNF Reprint: Leaching Potassium from Tuberous Root Vegetables','<p>RNF Reprint: Leaching Potassium from Tuberous Root Vegetables<br />Vol 26 No 3 Summer 2007</p><p>Cost $2.00</p><p>Reprints are now downloadable! After you purchase the reprint you will be able to log in to your account and dowload the reprint immediately. <strong>You will be able to download each reprint 5 times only.<br /></strong></p>',0,2,0,0,'rnf-reprint-leaching-potassium-from-tuberous-root-vegetables',0,'',3,'',1,0,0,1),
	(287,'RNF Reprint: Actual Intake vs. Prescribed Diet in a Hemodialysis Population: Comparison Using a Two-Day Dietary Recall','<p>RNF Reprint: Actual Intake vs. Prescribed Diet in a Hemodialysis Population: Comparison Using a Two-Day Dietary Recall<br />Vol 26 No 3 Summer 2007</p><p>Cost $2.00</p><p>Reprints are now downloadable! After you purchase the reprint you will be able to log in to your account and dowload the reprint immediately. <strong>You will be able to download each reprint 5 times only.<br /></strong></p>',0,2,0,0,'rnf-reprint-actual-intake-vs-prescribed-diet-in-a-hemodialysis-population-comparison-using-a-two-day-dietary-recall',0,'',3,'',1,0,0,1),
	(288,'RNF Reprint: Moving Towards an Improved Researcher-IRB Partnership','<p>RNF Reprint: Moving Towards an Improved Researcher-IRB Partnership<br />Vol 26 No 3 Summer 2007</p><p>Cost $2.00</p><p>Reprints are now downloadable! After you purchase the reprint you will be able to log in to your account and dowload the reprint immediately. <strong>You will be able to download each reprint 5 times only.<br /></strong></p>',0,2,0,0,'rnf-reprint-moving-towards-an-improved-researcher-irb-partnership',0,'',3,'',1,0,0,1),
	(289,'RNF Reprint: Presentations with Pizzazz!','<p>RNF Reprint: Presentations with Pizzazz!<br />Vol 26 No 3 Summer 2007</p><p>Cost $2.00</p><p>Reprints are now downloadable! After you purchase the reprint you will be able to log in to your account and dowload the reprint immediately. <strong>You will be able to download each reprint 5 times only.<br /></strong></p>',0,2,0,0,'rnf-reprint-presentations-with-pizzazz',0,'',3,'',1,0,0,1),
	(290,'RNF Reprint: Rules of the Write: Make Words Short and Simple for All Clients','<p>RNF Reprint: Rules of the Write: Make Words Short and Simple for All Clients<br />Vol 26 No 3 Summer 2007</p><p>Cost $2.00</p><p>Reprints are now downloadable! After you purchase the reprint you will be able to log in to your account and dowload the reprint immediately. <strong>You will be able to download each reprint 5 times only.<br /></strong></p>',0,2,0,0,'rnf-reprint-rules-of-the-write-make-words-short-and-simple-for-all-clients',0,'',3,'',1,0,0,1),
	(291,'RNF Reprint: Feature Article: How to Increase Early Nutrition Intervention with CKD Patients: Key Insights from a Roundtable Discussion with Renal Dietitians','<p>RNF Reprint: Feature Article: How to Increase Early Nutrition Intervention with CKD Patients: Key Insights from a Roundtable Discussion with Renal Dietitians<br />Vol 26 No 4 Fall 2007</p><p>Cost $2.00</p><p>Reprints are now downloadable! After you purchase the reprint you will be able to log in to your account and dowload the reprint immediately. <strong>You will be able to download each reprint 5 times only.<br /></strong></p>',0,2,0,0,'rnf-reprint-feature-article-how-to-increase-early-nutrition-intervention-with-ckd-patients-key-insights-from-a-roundtable-discussion-with-renal-dietitians',0,'',3,'',1,0,0,1),
	(292,'RNF Reprint: Advances in Practice: Medical Nutrition Therapy for the Predialysis CKD Patient','<p>RNF Reprint: Advances in Practice: Medical Nutrition Therapy for the Predialysis CKD Patient<br />Vol 26 No 4 Fall 2007</p><p>Cost $2.00</p><p>Reprints are now downloadable! After you purchase the reprint you will be able to log in to your account and dowload the reprint immediately. <strong>You will be able to download each reprint 5 times only.<br /></strong></p>',0,2,0,0,'rnf-reprint-advances-in-practice-medical-nutrition-therapy-for-the-predialysis-ckd-patient',0,'',3,'',1,0,0,1),
	(293,'RNF Reprint: Are You Ready to Coach?','<p>RNF Reprint: Are You Ready to Coach?<br />Vol 26 No 4 Fall 2007</p><p>Cost $2.00</p><p>Reprints are now downloadable! After you purchase the reprint you will be able to log in to your account and dowload the reprint immediately. <strong>You will be able to download each reprint 5 times only.<br /></strong></p>',0,2,0,0,'rnf-reprint-are-you-ready-to-coach',0,'',3,'',1,0,0,1),
	(294,'RNF Reprint: Understanding Nutritional Genomics and its Practical Applications','<p>RNF Reprint: Understanding Nutritional Genomics and its Practical Applications<br />Vol 26 No 4 Fall 2007</p><p>Cost $2.00</p><p>Reprints are now downloadable! After you purchase the reprint you will be able to log in to your account and dowload the reprint immediately. <strong>You will be able to download each reprint 5 times only.<br /></strong></p>',0,2,0,0,'rnf-reprint-understanding-nutritional-genomics-and-its-practical-applications',0,'',3,'',1,0,0,1),
	(295,'RNF Reprint: Feature Article: Impact of Evidence-Based Practice Web-Based Modules on Perceptions, Attitudes and Knowledge of Evidence-Based Practice among Dietitians in Nutrition Support and Renal Dietitians Dietetic Practice Groups','<p>RNF Reprint: Feature Article: Impact of &ldquo;Evidence-Based Practice&rdquo; Web-Based Modules on Perceptions, Attitudes and Knowledge of &ldquo;Evidence-Based Practice&rdquo; among Dietitians in Nutrition Support and Renal Dietitians Dietetic Practice Groups<br />Vol 27 No 1 Winter 2008</p><p>Cost $2.00</p><p>Reprints are now downloadable! After you purchase the reprint you will be able to log in to your account and dowload the reprint immediately. <strong>You will be able to download each reprint 5 times only.<br /></strong></p>',0,2,0,0,'rnf-reprint-feature-article-impact-of-evidence-based-practice-web-based-modules-on-perceptions-attitudes-and-knowledge-of-evidence-based-practice-among-dietitians-in-nutrition-support-and-renal-dietitians-dietetic-practice-groups',0,'',3,'',1,0,0,1),
	(296,'RNF Reprint: Advances in Practice: Megestrol Acetate Therapy and Anorexia in Patients with Chronic Kidney Disease Undergoing Maintenance Dialysis','<p>RNF Reprint: Advances in Practice: Megestrol Acetate Therapy and Anorexia in Patients with Chronic Kidney Disease Undergoing Maintenance Dialysis<br />Vol 27 No 1 Winter 2008</p><p>Cost $2.00</p><p>Reprints are now downloadable! After you purchase the reprint you will be able to log in to your account and dowload the reprint immediately. <strong>You will be able to download each reprint 5 times only.<br /></strong></p>',0,2,0,0,'rnf-reprint-advances-in-practice-megestrol-acetate-therapy-and-anorexia-in-patients-with-chronic-kidney-disease-undergoing-maintenance-dialysis',0,'',3,'',1,0,0,1),
	(297,'RNF Reprint: Medicares Dialysis Center Interpretive Guidelines','<p>RNF Reprint: Medicare&rsquo;s Dialysis Center Interpretive Guidelines<br />Vol 27 No 1 Winter 2008</p><p>Cost $2.00</p><p>Reprints are now downloadable! After you purchase the reprint you will be able to log in to your account and dowload the reprint immediately. <strong>You will be able to download each reprint 5 times only.<br /></strong></p>',0,2,0,0,'rnf-reprint-medicares-dialysis-center-interpretive-guidelines',0,'',3,'',1,0,0,1),
	(298,'RNF Reprint: Feature Article: The Impact of Alternative Medicine Therapies on the Nutrition and Well-being of the Chronic Kidney Disease (CKD) Stage 5 Patient','<p>RNF Reprint: Feature Article: The Impact of Alternative Medicine Therapies on the Nutrition and Well-being of the Chronic Kidney Disease (CKD) Stage 5 Patient<br />Vol 27 No 2 Spring 2008</p><p>Cost $2.00</p><p>Reprints are now downloadable! After you purchase the reprint you will be able to log in to your account and dowload the reprint immediately. <strong>You will be able to download each reprint 5 times only.<br /></strong></p>',0,2,0,0,'rnf-reprint-feature-article-the-impact-of-alternative-medicine-therapies-on-the-nutrition-and-well-being-of-the-chronic-kidney-disease-ckd-stage-5-patient',0,'',3,'',1,0,0,1),
	(299,'RNF Reprint: Advances in Practice: Nutritional Strategies for Managing Cardiovascular Disease in Adult Patients with Kidney Transplants','<p>RNF Reprint: Advances in Practice: Nutritional Strategies for Managing Cardiovascular Disease in Adult Patients with Kidney Transplants<br />Vol 27 No 2 Spring 2008</p><p>Cost $2.00</p><p>Reprints are now downloadable! After you purchase the reprint you will be able to log in to your account and dowload the reprint immediately. <strong>You will be able to download each reprint 5 times only.<br /></strong></p>',0,2,0,0,'rnf-reprint-advances-in-practice-nutritional-strategies-for-managing-cardiovascular-disease-in-adult-patients-with-kidney-transplants',0,'',3,'/files/products/spring2008_advanced_vol27_no2.pdf',1,0,0,1),
	(300,'RNF Reprint: Nephrology Nutrition and the Nutrition Care Process (NCP): A Renal Nutrition Forum Series with Practice-Based Examples of the NCP (Part One)','<p>RNF Reprint: Nephrology Nutrition and the Nutrition Care Process (NCP): A Renal Nutrition Forum Series with Practice-Based Examples of the NCP (Part One)<br />Vol 27 No 2 Spring 2008</p><p>Cost $2.00</p><p>Reprints are now downloadable! After you purchase the reprint you will be able to log in to your account and dowload the reprint immediately. <strong>You will be able to download each reprint 5 times only.<br /></strong></p>',0,2,0,0,'rnf-reprint-nephrology-nutrition-and-the-nutrition-care-process-ncp-a-renal-nutrition-forum-series-with-practice-based-examples-of-the-ncp-part-one',0,'',3,'',1,0,0,1),
	(301,'RNF Reprint: The Future of Renal Dietetics: Education, Practice, and Research: Shaping Advanced- Level Practice','<p>RNF Reprint: The Future of Renal Dietetics: Education, Practice, and Research: Shaping Advanced- Level Practice<br />Vol 27 No 2 Spring 2008</p><p>Cost $2.00</p><p>Reprints are now downloadable! After you purchase the reprint you will be able to log in to your account and dowload the reprint immediately. <strong>You will be able to download each reprint 5 times only.<br /></strong></p>',0,2,0,0,'rnf-reprint-the-future-of-renal-dietetics-education-practice-and-research-shaping-advanced--level-practice',0,'',3,'/files/products/rnf_spring_2008_future.pdf',1,0,0,1),
	(302,'(Members Only) RNF Reprint: Feature Article: Hidden Phosphorus: A New Challenge for the Nephrology Dietitian','<p>RNF Reprint: Feature Article: Hidden Phosphorus: A New Challenge for the Nephrology Dietitian<br />Vol 27 No 3 Summer 2008</p><p>Cost $2.00</p><p>Reprints are now downloadable! After you purchase the reprint you will be able to log in to your account and dowload the reprint immediately. <strong>You will be able to download each reprint 5 times only.<br /></strong></p>',0,2,0,0,'members-only-rnf-reprint-feature-article-hidden-phosphorus-a-new-challenge-for-the-nephrology-dietitian',0,'',4,'/files/products/hidden_phosphorus_summer2008.pdf',1,0,0,1),
	(303,'(Members Only) RNF Reprint: Advances in Practice: Nutrition Management of a Chronic Kidney Disease Patient with Obesity and Diabetes: A Case Study','<p>RNF Reprint: Advances in Practice: Nutrition Management of a Chronic Kidney Disease Patient with Obesity and Diabetes: A Case Study<br />Vol 27 No 3 Summer 2008</p><p>Cost $2.00</p><p>Reprints are now downloadable! After you purchase the reprint you will be able to log in to your account and dowload the reprint immediately. <strong>You will be able to download each reprint 5 times only.<br /></strong></p>',0,2,0,0,'members-only-rnf-reprint-advances-in-practice-nutrition-management-of-a-chronic-kidney-disease-patient-with-obesity-and-diabetes-a-case-study',0,'',4,'/files/products/rnf_summer_2008_obesity.pdf',1,0,0,1),
	(304,'(Members Only) RNF Reprint: Medicare Part B 101: Have You Thought About Becoming a Provider?','<p>RNF Reprint: Medicare Part B 101: Have You Thought About Becoming a Provider?<br />Vol 27 No 3 Summer 2008</p><p>Cost $2.00</p><p>Reprints are now downloadable! After you purchase the reprint you will be able to log in to your account and dowload the reprint immediately. <strong>You will be able to download each reprint 5 times only.<br /></strong></p>',0,2,0,0,'members-only-rnf-reprint-medicare-part-b-101-have-you-thought-about-becoming-a-provider',0,'',4,'/files/products/rnf_summer_2008_mediacare.pdf',1,0,0,1),
	(305,'RNF Reprint: Nephrology Nutrition and the Nutrition Care Process (NCP): A Renal Nutrition Forum Series with Practice-Based Examples of the NCP (Part 2)','<p>RNF Reprint: Nephrology Nutrition and the Nutrition Care Process (NCP): A Renal Nutrition Forum Series with Practice-Based Examples of the NCP (Part 2)<br />Vol 27 No 3 Summer 2008</p><p>Cost $2.00</p><p>Reprints are now downloadable! After you purchase the reprint you will be able to log in to your account and dowload the reprint immediately. <strong>You will be able to download each reprint 5 times only.<br /></strong></p>',0,2,0,0,'rnf-reprint-nephrology-nutrition-and-the-nutrition-care-process-ncp-a-renal-nutrition-forum-series-with-practice-based-examples-of-the-ncp-part-2',0,'',3,'/files/products/ncp_sum2008.pdf',1,0,0,1),
	(306,'RNF Reprint: Renal Tubular Dysfunction and Failure to Thrive in Children: A Case Study','<p>RNF Reprint: Renal Tubular Dysfunction and Failure to Thrive in Children: A Case Study<br />Vol 27 No 4 Fall 2008</p><p>Cost $2.00</p><p>Reprints are now downloadable! After you purchase the reprint you will be able to log in to your account and dowload the reprint immediately. <strong>You will be able to download each reprint 5 times only.<br /></strong></p>',0,2,0,0,'rnf-reprint-renal-tubular-dysfunction-and-failure-to-thrive-in-children-a-case-study',0,'',3,'/files/products/renal_tubular_fall08.pdf',1,0,0,1),
	(307,'RNF Reprint: Advances in Practice: If the Media Calls, Are You Ready?','<p>RNF Reprint: Advances in Practice: If the Media Calls, Are You Ready?<br />Vol 27 No 4 Fall 2008</p><p>Cost $2.00</p><p>Reprints are now downloadable! After you purchase the reprint you will be able to log in to your account and dowload the reprint immediately. <strong>You will be able to download each reprint 5 times only.<br /></strong></p>',0,2,0,0,'rnf-reprint-advances-in-practice-if-the-media-calls-are-you-ready',0,'',3,'',1,0,0,1),
	(308,'RNF Reprint: Nutrition Assessment and Management of Children with Chronic Kidney Disease','<p>RNF Reprint: Nutrition Assessment and Management of Children with Chronic Kidney Disease<br />Vol 27 No 4 Fall 2008</p><p>Cost $2.00</p><p>Reprints are now downloadable! After you purchase the reprint you will be able to log in to your account and dowload the reprint immediately. <strong>You will be able to download each reprint 5 times only.<br /></strong></p>',0,2,0,0,'rnf-reprint-nutrition-assessment-and-management-of-children-with-chronic-kidney-disease',0,'',3,'/files/products/nutrition_assess_fall08.pdf',1,0,0,1),
	(309,'RNF Reprint: Nephrology Nutrition and the Nutrition Care Process (NCP): A Renal Nutrition Forum Series with Practice-Based Examples of the NCP (Part 3)','<p>RNF Reprint: Nephrology Nutrition and the Nutrition Care Process (NCP): A Renal Nutrition Forum Series with Practice-Based Examples of the NCP (Part 3)<br />Vol 27 No 4 Fall 2008</p><p>Cost $2.00</p><p>Reprints are now downloadable! After you purchase the reprint you will be able to log in to your account and dowload the reprint immediately. <strong>You will be able to download each reprint 5 times only.<br /></strong></p>',0,2,0,0,'rnf-reprint-nephrology-nutrition-and-the-nutrition-care-process-ncp-a-renal-nutrition-forum-series-with-practice-based-examples-of-the-ncp-part-3',0,'',3,'',1,0,0,1),
	(310,'(Members Only) RNF Reprint: Feature Article: Medical Nutrition Therapy in Liver and Renal Failure: Conflicts and Commonalities','<p>RNF Reprint: Feature Article: Medical Nutrition Therapy in Liver and Renal Failure: Conflicts and Commonalities<br />Vol 28 No 1 Winter 2009</p><p>Cost $2.00</p><p>Reprints are now downloadable! After you purchase the reprint you will be able to log in to your account and dowload the reprint immediately. <strong>You will be able to download each reprint 5 times only.<br /></strong></p>',0,2,0,0,'members-only-rnf-reprint-feature-article-medical-nutrition-therapy-in-liver-and-renal-failure-conflicts-and-commonalities',0,'',4,'/files/products/featured_wint09.pdf',1,0,0,1),
	(311,'(Members Only) RNF Reprint: Advances in Practice: Applying Theories of Behavioral Change to Manage Interdialytic Fluid Gains in Patients Undergoing Maintenance Hemodialysis Therapy','<p>RNF Reprint: Advances in Practice: Applying Theories of Behavioral Change to Manage Interdialytic Fluid Gains in Patients Undergoing Maintenance Hemodialysis Therapy<br />Vol 28 No 1 Winter 2009</p><p>Cost $2.00</p><p>Reprints are now downloadable! After you purchase the reprint you will be able to log in to your account and dowload the reprint immediately. <strong>You will be able to download each reprint 5 times only.<br /></strong></p>',0,2,0,0,'members-only-rnf-reprint-advances-in-practice-applying-theories-of-behavioral-change-to-manage-interdialytic-fluid-gains-in-patients-undergoing-maintenance-hemodialysis-therapy',0,'',4,'/files/products/advances_win2009.pdf',1,0,0,1),
	(312,'(Members Only) RNF Reprint: Guiding Clients through Behavior Change','<p>RNF Reprint: Guiding Clients through Behavior Change<br />Vol 28 No 1 Winter 2009</p><p>Cost $2.00</p><p>Reprints are now downloadable! After you purchase the reprint you will be able to log in to your account and dowload the reprint immediately. <strong>You will be able to download each reprint 5 times only.<br /></strong></p>',0,2,0,0,'members-only-rnf-reprint-guiding-clients-through-behavior-change',0,'',4,'/files/products/guiding_Winter_2009.pdf',1,0,0,1),
	(313,'(Members Only) RNF Reprint: Conditions for Coverage: Highlights for Registered Dietitians at In-Center Hemodialysis Clinics','<p>RNF Reprint: Conditions for Coverage: Highlights for Registered Dietitians at In-Center Hemodialysis Clinics<br />Vol 28 No 1 Winter 2009</p><p>Cost $2.00</p><p>Reprints are now downloadable! After you purchase the reprint you will be able to log in to your account and dowload the reprint immediately. <strong>You will be able to download each reprint 5 times only.<br /></strong></p>',0,2,0,0,'members-only-rnf-reprint-conditions-for-coverage-highlights-for-registered-dietitians-at-in-center-hemodialysis-clinics',0,'',4,'/files/products/incenter_Winter_2009.pdf',1,0,0,1),
	(314,'(Members Only) RNF Reprint: Nephrology Nutrition and the Nutrition Care Process: A Renal Nutrition Forum Series with Practice-Based Examples of the Nutrition Care Process (NCP): Documenting Nutrition Care under the Conditions for Coverage (Part 4)','<p>RNF Reprint: Nephrology Nutrition and the Nutrition Care Process: A Renal Nutrition Forum Series with Practice-Based Examples of the Nutrition Care Process (NCP): Documenting Nutrition Care under the Conditions for Coverage (Part 4)<br />Vol 28 No 1 Winter 2009</p><p>Cost $2.00</p><p>Reprints are now downloadable! After you purchase the reprint you will be able to log in to your account and dowload the reprint immediately. <strong>You will be able to download each reprint 5 times only.<br /></strong></p>',0,2,0,0,'members-only-rnf-reprint-nephrology-nutrition-and-the-nutrition-care-process-a-renal-nutrition-forum-series-with-practice-based-examples-of-the-nutrition-care-process-ncp-documenting-nutrition-care-under-the-conditions-for-coverage-part-4',0,'',4,'/files/products/ncp_win09.pdf',1,0,0,1),
	(315,'(Members Only) RNF Reprint: Feature Article: Reducing Inflammation through Micronutrient Therapy for Chronic Kidney Disease','<p>RNF Reprint: Feature Article: Reducing Inflammation through Micronutrient Therapy for Chronic Kidney Disease<br />Vol 28 No 2 Spring 2009</p><p>Cost $2.00</p><p>Reprints are now downloadable! After you purchase the reprint you will be able to log in to your account and dowload the reprint immediately. <strong>You will be able to download each reprint 5 times only.<br /></strong></p>',0,2,0,0,'members-only-rnf-reprint-feature-article-reducing-inflammation-through-micronutrient-therapy-for-chronic-kidney-disease',0,'',4,'/files/products/feature_spring09.pdf',1,0,0,1),
	(316,'(Members Only) RNF Reprint: Advances in Practice: Prevalence of Renal Dietitians Publishing in Select Nutrition Journals','<p>RNF Reprint: Advances in Practice: Prevalence of Renal Dietitians Publishing in Select Nutrition Journals<br />Vol 28 No 2 Spring 2009</p><p>Cost $2.00</p><p>Reprints are now downloadable! After you purchase the reprint you will be able to log in to your account and dowload the reprint immediately. <strong>You will be able to download each reprint 5 times only.<br /></strong></p>',0,2,0,0,'members-only-rnf-reprint-advances-in-practice-prevalence-of-renal-dietitians-publishing-in-select-nutrition-journals',0,'',4,'/files/products/rnf_spring2009_advances.pdf',1,0,0,1),
	(317,'(Members Only) RNF Reprint: Online Weight Management: The Spectrum, E-Tools and Integration into Practice','<p>RNF Reprint: Online Weight Management: The Spectrum, E-Tools and Integration into Practice<br />Vol 28 No 2 Spring 2009</p><p>Cost $2.00</p><p>Reprints are now downloadable! After you purchase the reprint you will be able to log in to your account and dowload the reprint immediately. <strong>You will be able to download each reprint 5 times only.<br /></strong></p>',0,2,0,0,'members-only-rnf-reprint-online-weight-management-the-spectrum-e-tools-and-integration-into-practice',0,'',4,'/files/products/weight_spring09.pdf',1,0,0,1),
	(318,'(Members Only) RNF Reprint: Nephrology Nutrition and the Nutrition Care Process: A Renal Nutrition Forum Series with Practice-Based Examples of the Nutrition Care Process (NCP): Where Does Nutrition Diagnosis Fit in the New Conditions for Coverage?','<p>RNF Reprint: Nephrology Nutrition and the Nutrition Care Process: A Renal Nutrition Forum Series with Practice-Based Examples of the Nutrition Care Process (NCP): Where Does Nutrition Diagnosis Fit in the New Conditions for Coverage?<br />Vol 28 No 2 Spring 2009</p><p>Cost $2.00</p><p>Reprints are now downloadable! After you purchase the reprint you will be able to log in to your account and dowload the reprint immediately. <strong>You will be able to download each reprint 5 times only.<br /></strong></p>',0,2,0,0,'members-only-rnf-reprint-nephrology-nutrition-and-the-nutrition-care-process-a-renal-nutrition-forum-series-with-practice-based-examples-of-the-nutrition-care-process-ncp-where-does-nutrition-diagnosis-fit-in-the-new-conditions-for-coverage',0,'',4,'/files/products/ncp_spring09.pdf',1,0,0,1),
	(319,'(Members Only) RNF Reprint: Feature Article: Diabesity, Fatabetes, or Metabolic Syndrome: Different Names Same Condition?','<p>RNF Reprint: Feature Article: Diabesity, Fatabetes, or Metabolic Syndrome: Different Names&hellip; Same Condition?<br />Vol 28 No 3 Summer 2009</p><p>Cost $2.00</p><p>Reprints are now downloadable! After you purchase the reprint you will be able to log in to your account and dowload the reprint immediately. <strong>You will be able to download each reprint 5 times only.<br /></strong></p>',0,2,0,0,'members-only-rnf-reprint-feature-article-diabesity-fatabetes-or-metabolic-syndrome-different-names-same-condition',0,'',4,'/files/products/vol28_no3_2009_feature.pdf',1,0,0,1),
	(320,'(Members Only) RNF Reprint: Advances in Practice: An Introduction to Nutrigenomics for the Renal Dietetics Professional','<p>RNF Reprint: Advances in Practice: An Introduction to Nutrigenomics for the Renal Dietetics Professional<br />Vol 28 No 3 Summer 2009</p><p>Cost $2.00</p><p>Reprints are now downloadable! After you purchase the reprint you will be able to log in to your account and dowload the reprint immediately. <strong>You will be able to download each reprint 5 times only.<br /></strong></p>',0,2,0,0,'members-only-rnf-reprint-advances-in-practice-an-introduction-to-nutrigenomics-for-the-renal-dietetics-professional',0,'',4,'/files/products/RNF_Summer _09_nutrrgenomics.pdf',1,0,0,1),
	(321,'(Members Only) RNF Reprint: Report from the Management of Diabetes in Youth Conference','<p>RNF Reprint: Report from the Management of Diabetes in Youth Conference<br />Vol 28 No 3 Summer 2009</p><p>Cost $2.00</p><p>Reprints are now downloadable! After you purchase the reprint you will be able to log in to your account and dowload the reprint immediately. <strong>You will be able to download each reprint 5 times only.<br /></strong></p>',0,2,0,0,'members-only-rnf-reprint-report-from-the-management-of-diabetes-in-youth-conference',0,'',4,'/files/products/RNF_Summer _09_youth.pdf',1,0,0,1),
	(322,'(Members Only) RNF Reprint: Nephrology Nutrition and the Nutrition Care Process','<p>RNF Reprint: Nephrology Nutrition and the Nutrition Care Process<br />Vol 28 No 3 Summer 2009</p><p>Cost $2.00</p><p>Reprints are now downloadable! After you purchase the reprint you will be able to log in to your account and dowload the reprint immediately. <strong>You will be able to download each reprint 5 times only.<br /></strong></p>',0,2,0,0,'members-only-rnf-reprint-nephrology-nutrition-and-the-nutrition-care-process',0,'',4,'/files/products/ncp_fall09.pdf',1,0,0,1),
	(323,'(Members Only) RNF Reprint: The Change to Estimated Average Glucose','<p>RNF Reprint: The Change to Estimated Average Glucose<br />Vol 28 No 3 Summer 2009</p><p>Cost $2.00</p><p>Reprints are now downloadable! After you purchase the reprint you will be able to log in to your account and dowload the reprint immediately. <strong>You will be able to download each reprint 5 times only.<br /></strong></p>',0,2,0,0,'members-only-rnf-reprint-the-change-to-estimated-average-glucose',0,'',4,'/files/products/vol28_no3_2009_estimate.pdf',1,0,0,1),
	(324,'(Members Only) RNF Reprint: American Dietetic Association Nutrition Practice','<p>RNF Reprint: American Dietetic Association Nutrition Practice<br />Vol 28 No 3 Summer 2009</p><p>Cost $2.00</p><p>Reprints are now downloadable! After you purchase the reprint you will be able to log in to your account and dowload the reprint immediately. <strong>You will be able to download each reprint 5 times only.<br /></strong></p>',0,2,0,0,'members-only-rnf-reprint-american-dietetic-association-nutrition-practice',0,'',4,'/files/products/RNF_Summer _09_ADA.pdf',1,0,0,1),
	(325,'(Members Only) RNF Reprint: Feature Article: A Dietitians Review of the RIFLE Classification of Acute Renal Failure and What It Means for Nutrition Therapy','<p>RNF Reprint: Feature Article: A Dietitian&rsquo;s Review of the RIFLE Classification of Acute Renal Failure and What It Means for Nutrition Therapy<br />Vol 29 No 1 Winter 2010</p><p>Cost $2.00</p><p>Reprints are now downloadable! After you purchase the reprint you will be able to log in to your account and dowload the reprint immediately. <strong>You will be able to download each reprint 5 times only.<br /></strong></p>',0,2,0,0,'members-only-rnf-reprint-feature-article-a-dietitians-review-of-the-rifle-classification-of-acute-renal-failure-and-what-it-means-for-nutrition-therapy',0,'',4,'/files/products/winterissue_09_rifle.pdf',1,0,0,1),
	(326,'(Members Only) RNF Reprint: Advances in Practices: Oral Nutrition Supplements and Outcomes in Patients on Maintenance Dialysis','<p>RNF Reprint: Advances in Practices: Oral Nutrition Supplements and Outcomes in Patients on Maintenance Dialysis<br />Vol 29 No 1 Winter 2010</p><p>Cost $2.00</p><p>Reprints are now downloadable! After you purchase the reprint you will be able to log in to your account and dowload the reprint immediately. <strong>You will be able to download each reprint 5 times only.<br /></strong></p>',0,2,0,0,'members-only-rnf-reprint-advances-in-practices-oral-nutrition-supplements-and-outcomes-in-patients-on-maintenance-dialysis',0,'',4,'/files/products/advance_win10.pdf',1,0,0,1),
	(327,'(Members Only) RNF Reprint: Nephrology Nutrition and the Nutrition Care Process','<p>RNF Reprint: Nephrology Nutrition and the Nutrition Care Process<br />Vol 29 No 1 Winter 2010</p><p>Cost $2.00</p><p>Reprints are now downloadable! After you purchase the reprint you will be able to log in to your account and dowload the reprint immediately. <strong>You will be able to download each reprint 5 times only.<br /></strong></p>',0,2,0,0,'members-only-rnf-reprint-nephrology-nutrition-and-the-nutrition-care-process',0,'',4,'/files/products/winterissue_10_ncp.pdf',1,0,0,1),
	(328,'(Members Only) RNF Reprint: What is Quality Dietetics?','<p>RNF Reprint: What is Quality Dietetics?<br />Vol 29 No 1 Winter 2010</p><p>Cost $2.00</p><p>Reprints are now downloadable! After you purchase the reprint you will be able to log in to your account and dowload the reprint immediately. <strong>You will be able to download each reprint 5 times only.<br /></strong></p>',0,2,0,0,'members-only-rnf-reprint-what-is-quality-dietetics',0,'',4,'/files/products/winterissue_10_qual.pdf',1,0,0,1),
	(329,'(Members Only) RNF Reprint: Feature Article: Physical Function in Chronic Kidney Disease (CKD) Patients','<p>RNF Reprint: Feature Article: Physical Function in Chronic Kidney Disease (CKD) Patients<br />Vol 29 No 2 Spring 2010</p><p>Cost $2.00</p><p>Reprints are now downloadable! After you purchase the reprint you will be able to log in to your account and dowload the reprint immediately. <strong>You will be able to download each reprint 5 times only.<br /></strong></p>',0,2,0,0,'members-only-rnf-reprint-feature-article-physical-function-in-chronic-kidney-disease-ckd-patients',0,'',4,'/files/products/Renal_Spring10_feature.pdf',1,0,0,1),
	(330,'(Members Only) RNF Reprint: Advances in Practice: Nutrition and the Pediatric Renal Patient','<p>RNF Reprint: Advances in Practice: Nutrition and the Pediatric Renal Patient<br />Vol 29 No 2 Spring 2010</p><p>Cost $2.00</p><p>Reprints are now downloadable! After you purchase the reprint you will be able to log in to your account and dowload the reprint immediately. <strong>You will be able to download each reprint 5 times only.<br /></strong></p>',0,2,0,0,'members-only-rnf-reprint-advances-in-practice-nutrition-and-the-pediatric-renal-patient',0,'',4,'/files/products/Renal_Spring10_Advances.pdf',1,0,0,1),
	(331,'(Members Only) RNF Reprint: Case Study using the Nutrition Care Process: A Child with Kidney Failure','<p>RNF Reprint: Case Study using the Nutrition Care Process: A Child with Kidney Failure<br />Vol 29 No 2 Spring 2010</p><p>Cost $2.00</p><p>Reprints are now downloadable! After you purchase the reprint you will be able to log in to your account and dowload the reprint immediately. <strong>You will be able to download each reprint 5 times only.<br /></strong></p>',0,2,0,0,'members-only-rnf-reprint-case-study-using-the-nutrition-care-process-a-child-with-kidney-failure',0,'',4,'/files/products/Renal_Spring10_casestudy.pdf',1,0,0,1),
	(332,'(Members Only) RNF Reprint: House of Delegates (HOD) Fact Sheet Spring 2010','<p>RNF Reprint: House of Delegates (HOD) Fact Sheet<br />Vol 29 No 2 Spring 2010</p><p>Members Only Cost $2.00</p><p>Reprints are now downloadable! After you purchase the reprint you will be able to log in to your account and dowload the reprint immediately. <strong>You will be able to download each reprint 5 times only.<br /></strong></p>',0,2,0,0,'members-only-rnf-reprint-house-of-delegates-hod-fact-sheet-spring-2010',0,'',4,'/files/products/Renal_Spring10_hod.pdf',1,0,0,1),
	(333,'(Members Only) RNF Reprint: Feature Article:  Effect of Short Daily Hemodialysis and Nightly Home Hemodialysis on Phosphorus Status','<p>RNF Reprint: Feature Article:&nbsp; Effect of Short Daily Hemodialysis and Nightly Home Hemodialysis on Phosphorus Status<br />Vol 29 No 3 Summer 2010</p><p>Cost $2.00</p><p>Reprints are now downloadable! After you purchase the reprint you will be able to log in to your account and dowload the reprint immediately. <strong>You will be able to download each reprint 5 times only.<br /></strong></p>',0,2,0,0,'members-only-rnf-reprint-feature-article-effect-of-short-daily-hemodialysis-and-nightly-home-hemodialysis-on-phosphorus-status',0,'',4,'/files/products/RNF_Summer_2010_CPEU_FeatureArticle.pdf',1,0,0,1),
	(334,'(Members Only) RNF Reprint: Advances in Practice:  Management of Cardiovascular Disease in Patients With Impaired Renal Function','<p>RNF Reprint: Advances in Practice:&nbsp; Management of Cardiovascular Disease in Patients With Impaired Renal Function<br />Vol 29 No 3 Summer 2010</p><p>Cost $2.00</p><p>Reprints are now downloadable! After you purchase the reprint you will be able to log in to your account and dowload the reprint immediately. <strong>You will be able to download each reprint 5 times only.<br /></strong></p>',0,2,0,0,'members-only-rnf-reprint-advances-in-practice-management-of-cardiovascular-disease-in-patients-with-impaired-renal-function',0,'',4,'/files/products/RNF_Summer_2010_CPEU_Advances in Practice.pdf',1,0,0,1),
	(335,'(Members Only) RNF Reprint: Getting Enough to Eat  Public and Private Food Assistance Programs','<p>RNF Reprint: Getting Enough to Eat &ndash; Public and Private Food Assistance Programs<br />Vol 29 No 3 Summer 2010</p><p>Cost $2.00</p><p>Reprints are now downloadable! After you purchase the reprint you will be able to log in to your account and dowload the reprint immediately. <strong>You will be able to download each reprint 5 times only.<br /></strong></p>',0,2,0,0,'members-only-rnf-reprint-getting-enough-to-eat--public-and-private-food-assistance-programs',0,'',4,'/files/products/RNF_Summer_2010_enoughtoeat.pdf',1,0,0,1),
	(336,'(Members Only) RNF Reprint: Interviewing Low-Income Clients','<p>RNF Reprint: Interviewing Low-Income Clients<br />Vol 29 No 3 Summer 2010</p><p>Cost $2.00</p><p>Reprints are now downloadable! After you purchase the reprint you will be able to log in to your account and dowload the reprint immediately. <strong>You will be able to download each reprint 5 times only.<br /></strong></p>',0,2,0,0,'members-only-rnf-reprint-interviewing-low-income-clients',0,'',4,'/files/products/RNF_Summer_2010_lowincome.pdf',1,0,0,1),
	(337,'(Non-Members) RNF Reprint: House of Delegates (HOD) Fact Sheet Spring 2010','<p>RNF Reprint: House of Delegates (HOD) Fact Sheet<br />Vol 29 No 2 Spring 2010</p><p>Non-Members Cost $10.00</p><p><span style=\"color: #ff0000;\">Note:</span> Have you considered joining RPG so that you could enjoy the member discounted rate for reprints of $2.00? And many more member benefits such as continuing education? Call ADA at (800-877-1600 x5000) to join today.</p><p>Reprints are now downloadable! After you purchase the reprint you will be able to log in to your account and dowload the reprint immediately. <strong>You will be able to download each reprint 5 times only.<br /></strong></p>',0,10,0,0,'non-members-rnf-reprint-house-of-delegates-hod-fact-sheet-spring-2010',0,'',3,'/files/products/Renal_Spring10_hod.pdf',1,0,0,1),
	(338,'(Non-Members) RNF Reprint: Preferred Provider: A Key Linkage to Reimbursement','<p>RNF Reprint: Preferred Provider: A Key Linkage to Reimbursement<br />Vol 14 No 1 Winter 95</p><p>Non-Members Only Cost: $10</p><p><span style=\"color: #ff0000;\">Note: </span>Have you considered joining RPG so that you could enjoy the member discounted rate for reprints of $2.00? And many more member benefits such as continuing education? Call ADA at (800-877-1600 x5000) to join today.</p><p>The reprints are now downloadable! After you purchase the reprints, you will be able to login to your account and download the reprints immediately.&nbsp; <strong>You will be able to download each reprint 5 times only.</strong></p>',0,10,0,0,'non-members-rnf-reprint-preferred-provider-a-key-linkage-to-reimbursement',0,'',3,'',1,0,0,1),
	(339,'(Non-Members) RNF Reprint: Should Hemodialysis Patients Receive Carnitine?','<p>RNF Reprint: Should Hemodialysis Patients Receive Carnitine?<br />Vol 14 No 2 Spring 95</p><p>Cost $10.00</p><p><span style=\"color: #ff0000;\">Note:</span> Have you considered joining RPG so that you could enjoy the member discounted rate for reprints of $2.00? And many more member benefits such as continuing education? Call ADA at (800-877-1600 x5000) to join today.</p><p>Reprints are now downloadable! After you purchase the reprint you will be able to log in to your account and dowload the reprint immediately. <strong>You will be able to download each reprint 5 times only.</strong></p>',0,10,0,0,'non-members-rnf-reprint-should-hemodialysis-patients-receive-carnitine',0,'',3,'',1,0,0,1),
	(340,'(Non-Members) RNF Reprint: Diet Instruction for Ethnic Dialysis Patients','<p>RNF Reprint: Diet Instruction for Ethnic Dialysis Patients<br />Vol 14 No 3 Summer 95<br /><br />Cost $10.00</p><p><span style=\"color: #ff0000;\">Note: </span>Have you considered joining RPG so that you could enjoy the member discounted rate for reprints of $2.00? And many more member benefits such as continuing education? Call ADA at (800-877-1600 x5000) to join today.<br /><br />Reprints are now downloadable! After you purchase the reprint you will be able to log in to your account and dowload the reprint immediately. <strong>You will be able to download each reprint 5 times only.</strong></p>',0,10,0,0,'non-members-rnf-reprint-diet-instruction-for-ethnic-dialysis-patients',0,'',3,'',1,0,0,1),
	(341,'(Non-Members) RNF Reprint: Nutrition Supplements for the Renal Patient','<p>RNF Reprint: Nutrition Supplements for the Renal Patient<br />Vol 14 No 4 Fall 95<br /><br />Cost $10.00</p><p><span style=\"color: #ff0000;\">Note:</span> Have you considered joining RPG so that you could enjoy the member discounted rate for reprints of $2.00? And many more member benefits such as continuing education? Call ADA at (800-877-1600 x5000) to join today.<br /><br />Reprints are now downloadable! After you purchase the reprint you will be able to log in to your account and dowload the reprint immediately. <strong>You will be able to download each reprint 5 times only.</strong></p>',0,10,0,0,'non-members-rnf-reprint-nutrition-supplements-for-the-renal-patient',0,'',3,'',1,0,0,1),
	(342,'(Non-Members) RNF Reprint: The Wonderful World of Supplements','<p>RNF Reprint: The Wonderful World of Supplements<br />Vol 14 No 4 Fall 95<br /><br />Cost $10.00</p><p><span style=\"color: #ff0000;\">Note: </span>Have you considered joining RPG so that you could enjoy the member discounted rate for reprints of $2.00? And many more member benefits such as continuing education? Call ADA at (800-877-1600 x5000) to join today.<br /><br />Reprints are now downloadable! After you purchase the reprint you will be able to log in to your account and dowload the reprint immediately.<strong> You will be able to download each reprint 5 times only.</strong></p>',0,10,0,0,'non-members-rnf-reprint-the-wonderful-world-of-supplements',0,'',3,'',1,0,0,1),
	(343,'(Non-Members) RNF Reprint: Back to BasicsDo We Need to Think About Zinc?','<p>RNF Reprint: Back to Basics&hellip;Do We Need to Think About Zinc?<br />Vol 14 No 2 Spring 95</p><p>Cost $10.00</p><p><span style=\"color: #ff0000;\">Note:</span> Have you considered joining RPG so that you could enjoy the member discounted rate for reprints of $2.00? And many more member benefits such as continuing education? Call ADA at (800-877-1600 x5000) to join today.</p><p>Reprints are now downloadable! After you purchase the reprint you will be able to log in to your account and dowload the reprints immediately. <strong>You will be able to download each reprint 5 times only.</strong></p>',0,10,0,0,'non-members-rnf-reprint-back-to-basicsdo-we-need-to-think-about-zinc',0,'',3,'',1,0,0,1),
	(344,'(Non-Members) RNF Reprint: Caribbean Food','<p>RNF Reprint: Caribbean Food<br />Vol 14 No 3 Summer 95<br /><br />Cost $10.00</p><p><span style=\"color: #ff0000;\">Note: </span>Have you considered joining RPG so that you could enjoy the member discounted rate for reprints of $2.00? And many more member benefits such as continuing education? Call ADA at (800-877-1600 x5000) to join today.<br /><br />Reprints are now downloadable! After you purchase the reprint you will be able to log in to your account and dowload the reprint immediately. You will be able to download each reprint 5 times only.</p>',0,10,0,0,'non-members-rnf-reprint-caribbean-food',0,'',3,'',1,0,0,1),
	(345,'(Non-Members) RNF Reprint: Vitamins, Vitamins Everywhere, But Which One to Choose?','<p>RNF Reprint: Vitamins, Vitamins Everywhere, But Which One to Choose?<br />Vol 14 No 3 Summer 95<br /><br />Cost $10.00</p><p><span style=\"color: #ff0000;\">Note: </span>Have you considered joining RPG so that you could enjoy the member discounted rate for reprints of $2.00? And many more member benefits such as continuing education? Call ADA at (800-877-1600 x5000) to join today.<br /><br />Reprints are now downloadable! After you purchase the reprint you will be able to log in to your account and dowload the reprint immediately. <strong>You will be able to download each reprint 5 times only.</strong></p>',0,10,0,0,'non-members-rnf-reprint-vitamins-vitamins-everywhere-but-which-one-to-choose',0,'',3,'',1,0,0,1),
	(346,'(Non-Members) RNF Reprint: The Renal Vegetarian Challenge','<p>RNF Reprint: The Renal Vegetarian Challenge<br />Vol 14 No 3 Summer 95<br /><br />Cost $10.00</p><p><span style=\"color: #ff0000;\">Note: </span>Have you considered joining RPG so that you could enjoy the member discounted rate for reprints of $2.00? And many more member benefits such as continuing education? Call ADA at (800-877-1600 x5000) to join today.<br /><br />Reprints are now downloadable! After you purchase the reprint you will be able to log in to your account and dowload the reprint immediately. <strong>You will be able to download each reprint 5 times only.</strong></p>',0,10,0,0,'non-members-rnf-reprint-the-renal-vegetarian-challenge',0,'',3,'',1,0,0,1),
	(347,'Test','<p>testing</p>',0,10,0,0,'test',1,'',4,'',1,0,0,1),
	(348,'(Non-Member) RNF Reprint: Advances in Practice:  Management of Cardiovascular Disease in Patients With Impaired Renal Function','<p><strong>RNF Reprint: Advances in Practice:&nbsp; Management of Cardiovascular Disease in Patients With Impaired Renal Function<br /></strong>Vol 29 No 3 Summer 2010</p><p>Cost $10.00</p><p><span style=\"color: #ff0000;\">Note: </span>Have you considered joining RPG so that you could enjoy the member discounted rate for reprints of $2.00? And many more member benefits such as continuing education? Call ADA at (800-877-1600 x5000) to join today.</p><p>Reprints are now downloadable! After you purchase the reprint you will be able to log in to your account and dowload the reprint immediately. <strong>You will be able to download each reprint 5 times only.<br /></strong></p>',0,10,0,0,'non-member-rnf-reprint-advances-in-practice-management-of-cardiovascular-disease-in-patients-with-impaired-renal-function',0,'',3,'/files/products/RNF_Summer_2010_CPEU_Advances in Practice.pdf',1,0,0,1),
	(349,'(Non-Members) RNF Reprint: Feature Article: Physical Function in Chronic Kidney Disease (CKD) Patients','<p><strong>RNF Reprint: Feature Article: Physical Function in Chronic Kidney Disease (CKD) Patients<br /></strong>Vol 29 No 2 Spring 2010</p><p>Cost $10.00</p><p><span style=\"color: #ff0000;\">Note:</span> Have you considered joining RPG so that you could enjoy the member discounted rate for reprints of $2.00? And many more member benefits such as continuing education? Call ADA at (800-877-1600 x5000) to join today.</p><p>Reprints are now downloadable! After you purchase the reprint you will be able to log in to your account and dowload the reprint immediately. <strong>You will be able to download each reprint 5 times only.<br /></strong></p>',0,10,0,0,'non-members-rnf-reprint-feature-article-physical-function-in-chronic-kidney-disease-ckd-patients',0,'',3,'/files/products/Renal_Spring10_Feature.pdf',1,0,0,1),
	(350,'(Non-Members) RNF Reprint: Advances in Practice: Nutrition and the Pediatric Renal Patient','<p><strong>RNF Reprint: Advances in Practice: Nutrition and the Pediatric Renal Patient<br /></strong>Vol 29 No 2 Spring 2010</p><p>Cost $10.00</p><p><span style=\"color: #ff0000;\">Note: </span>Have you considered joining RPG so that you could enjoy the member discounted rate for reprints of $2.00? And many more member benefits such as continuing education? Call ADA at (800-877-1600 x5000) to join today.</p><p>Reprints are now downloadable! After you purchase the reprint you will be able to log in to your account and dowload the reprint immediately. <strong>You will be able to download each reprint 5 times only.<br /></strong></p>',0,10,0,0,'non-members-rnf-reprint-advances-in-practice-nutrition-and-the-pediatric-renal-patient',0,'',3,'/files/products/Renal_Spring10_Advances.pdf',1,0,0,1),
	(351,'(Non-Members) RNF Reprint: Case Study using the Nutrition Care Process: A Child with Kidney Failure','<p>RNF Reprint: Case Study using the Nutrition Care Process: A Child with Kidney Failure<br />Vol 29 No 2 Spring 2010</p><p>Cost $10.00</p><p><span style=\"color: #ff0000;\">Note:</span> Have you considered joining RPG so that you could enjoy the member discounted rate for reprints of $2.00? And many more member benefits such as continuing education? Call ADA at (800-877-1600 x5000) to join today.</p><p>Reprints are now downloadable! After you purchase the reprint you will be able to log in to your account and dowload the reprint immediately. <strong>You will be able to download each reprint 5 times only.<br /></strong></p>',0,10,0,0,'non-members-rnf-reprint-case-study-using-the-nutrition-care-process-a-child-with-kidney-failure',0,'',3,'/files/products/Renal_Spring10_casestudy.pdf',1,0,0,1),
	(352,'(Non-Members) RNF Reprint: Feature Article:  Effect of Short Daily Hemodialysis and Nightly Home Hemodialysis on Phosphorus Status','<p>RNF Reprint: Feature Article:&nbsp; Effect of Short Daily Hemodialysis and Nightly Home Hemodialysis on Phosphorus Status<br />Vol 29 No 3 Summer 2010</p><p>Cost $10.00</p><p><span style=\"color: #ff0000;\">Note:</span> Have you considered joining RPG so that you could enjoy the member discounted rate for reprints of $2.00? And many more member benefits such as continuing education? Call ADA at (800-877-1600 x5000) to join today.</p><p>Reprints are now downloadable! After you purchase the reprint you will be able to log in to your account and dowload the reprint immediately. <strong>You will be able to download each reprint 5 times only.<br /></strong></p>',0,10,0,0,'non-members-rnf-reprint-feature-article-effect-of-short-daily-hemodialysis-and-nightly-home-hemodialysis-on-phosphorus-status',0,'',3,'/files/products/RNF_Summer_2010_CPEU_FeatureArticle.pdf',1,0,0,1),
	(353,'(Non-Members) RNF Reprint: Interviewing Low-Income Clients','<p>RNF Reprint: Interviewing Low-Income Clients<br />Vol 29 No 3 Summer 2010</p><p>Cost $10.00</p><p><span style=\"color: #ff0000;\">Note:</span> Have you considered joining RPG so that you could enjoy the member discounted rate for reprints of $2.00? And many more member benefits such as continuing education? Call ADA at (800-877-1600 x5000) to join today.</p><p>Reprints are now downloadable! After you purchase the reprint you will be able to log in to your account and dowload the reprint immediately. <strong>You will be able to download each reprint 5 times only.<br /></strong></p>',0,10,0,0,'non-members-rnf-reprint-interviewing-low-income-clients',0,'',3,'/files/products/RNF_Summer_2010_lowincome.pdf',1,0,0,1),
	(354,'(Non-Members) RNF Reprint: Getting Enough to Eat  Public and Private Food Assistance Programs','<p>RNF Reprint: Getting Enough to Eat &ndash; Public and Private Food Assistance Programs<br />Vol 29 No 3 Summer 2010</p><p>Cost $10.00</p><p><span style=\"color: #ff0000;\">Note:</span> Have you considered joining RPG so that you could enjoy the member discounted rate for reprints of $2.00? And many more member benefits such as continuing education? Call ADA at (800-877-1600 x5000) to join today.</p><p>Reprints are now downloadable! After you purchase the reprint you will be able to log in to your account and dowload the reprint immediately. <strong>You will be able to download each reprint 5 times only.<br /></strong></p>',0,10,0,0,'non-members-rnf-reprint-getting-enough-to-eat--public-and-private-food-assistance-programs',0,'',3,'/files/products/RNF_Summer_2010_enoughtoeat.pdf',1,0,0,1),
	(355,'(Non-Members) RNF Reprint: Nephrology Nutrition and the Nutrition Care Process','<p>RNF Reprint: Nephrology Nutrition and the Nutrition Care Process<br />Vol 29 No 1 Winter 2010</p><p>Cost $10.00</p><p><span style=\"color: #ff0000;\">Note:</span> Have you considered joining RPG so that you could enjoy the member discounted rate for reprints of $2.00? And many more member benefits such as continuing education? Call ADA at (800-877-1600 x5000) to join today.</p><p>Reprints are now downloadable! After you purchase the reprint you will be able to log in to your account and dowload the reprint immediately. <strong>You will be able to download each reprint 5 times only.<br /></strong></p>',0,10,0,0,'non-members-rnf-reprint-nephrology-nutrition-and-the-nutrition-care-process',0,'',3,'/files/products/winterissue_10_ncp.pdf',1,0,0,1),
	(356,'(Non-Members) RNF Reprint: What is Quality Dietetics?','<p>RNF Reprint: What is Quality Dietetics?<br />Vol 29 No 1 Winter 2010</p><p>Cost $10.00</p><p><span style=\"color: #ff0000;\">Note: </span>Have you considered joining RPG so that you could enjoy the member discounted rate for reprints of $2.00? And many more member benefits such as continuing education? Call ADA at (800-877-1600 x5000) to join today.</p><p>Reprints are now downloadable! After you purchase the reprint you will be able to log in to your account and dowload the reprint immediately. <strong>You will be able to download each reprint 5 times only.<br /></strong></p>',0,10,0,0,'non-members-rnf-reprint-what-is-quality-dietetics',0,'',3,'/files/products/winterissue_10_qual.pdf',1,0,0,1),
	(357,'(Non-Members) RNF Reprint: Advances in Practices: Oral Nutrition Supplements and Outcomes in Patients on Maintenance Dialysis','<p>RNF Reprint: Advances in Practices: Oral Nutrition Supplements and Outcomes in Patients on Maintenance Dialysis<br />Vol 29 No 1 Winter 2010</p><p>Cost $10.00</p><p><span style=\"color: #ff0000;\">Note: </span>Have you considered joining RPG so that you could enjoy the member discounted rate for reprints of $2.00? And many more member benefits such as continuing education? Call ADA at (800-877-1600 x5000) to join today.</p><p>Reprints are now downloadable! After you purchase the reprint you will be able to log in to your account and dowload the reprint immediately. <strong>You will be able to download each reprint 5 times only.<br /></strong></p>',0,10,0,0,'non-members-rnf-reprint-advances-in-practices-oral-nutrition-supplements-and-outcomes-in-patients-on-maintenance-dialysis',0,'',3,'/files/products/advance_win10.pdf',1,0,0,1),
	(358,'(Non-Members) RNF Reprint: Feature Article: A Dietitians Review of the RIFLE Classification of Acute Renal Failure and What It Means for Nutrition Therapy','<p>RNF Reprint: Feature Article: A Dietitian&rsquo;s Review of the RIFLE Classification of Acute Renal Failure and What It Means for Nutrition Therapy<br />Vol 29 No 1 Winter 2010</p><p>Cost $10.00</p><p><span style=\"color: #ff0000;\">Note: </span>Have you considered joining RPG so that you could enjoy the member discounted rate for reprints of $2.00? And many more member benefits such as continuing education? Call ADA at (800-877-1600 x5000) to join today.</p><p>Reprints are now downloadable! After you purchase the reprint you will be able to log in to your account and dowload the reprint immediately. <strong>You will be able to download each reprint 5 times only.<br /></strong></p>',0,10,0,0,'non-members-rnf-reprint-feature-article-a-dietitians-review-of-the-rifle-classification-of-acute-renal-failure-and-what-it-means-for-nutrition-therapy',0,'',3,'/files/products/winterissue_09_rifle.pdf',1,0,0,1),
	(359,'(Non-Members) RNF Reprint: American Dietetic Association Nutrition Practice','<p>RNF Reprint: American Dietetic Association Nutrition Practice<br />Vol 28 No 3 Summer 2009</p><p>Cost $10.00</p><p><span style=\"color: #ff0000;\">Note:</span> Have you considered joining RPG so that you could enjoy the member discounted rate for reprints of $2.00? And many more member benefits such as continuing education? Call ADA at (800-877-1600 x5000) to join today.</p><p>Reprints are now downloadable! After you purchase the reprint you will be able to log in to your account and dowload the reprint immediately. <strong>You will be able to download each reprint 5 times only.<br /></strong></p>',0,10,0,0,'non-members-rnf-reprint-american-dietetic-association-nutrition-practice',0,'',3,'/files/products/RNF_Summer _09_ADA.pdf',1,0,0,1),
	(360,'(Non-Members) RNF Reprint: The Change to Estimated Average Glucose','<p>RNF Reprint: The Change to Estimated Average Glucose<br />Vol 28 No 3 Summer 2009</p><p>Cost $10.00</p><p><span style=\"color: #ff0000;\">Note:</span> Have you considered joining RPG so that you could enjoy the member discounted rate for reprints of $2.00? And many more member benefits such as continuing education? Call ADA at (800-877-1600 x5000) to join today.</p><p>Reprints are now downloadable! After you purchase the reprint you will be able to log in to your account and dowload the reprint immediately. <strong>You will be able to download each reprint 5 times only.<br /></strong></p>',0,10,0,0,'non-members-rnf-reprint-the-change-to-estimated-average-glucose',0,'',3,'/files/products/vol28_no3_2009_estimate.pdf',1,0,0,1),
	(361,'(Non-Members) RNF Reprint: Nephrology Nutrition and the Nutrition Care Process','<p>RNF Reprint: Nephrology Nutrition and the Nutrition Care Process<br />Vol 28 No 3 Summer 2009</p><p>Cost $10.00</p><p><span style=\"color: #ff0000;\">Note:</span> Have you considered joining RPG so that you could enjoy the member discounted rate for reprints of $2.00? And many more member benefits such as continuing education? Call ADA at (800-877-1600 x5000) to join today.</p><p>Reprints are now downloadable! After you purchase the reprint you will be able to log in to your account and dowload the reprint immediately. <strong>You will be able to download each reprint 5 times only.<br /></strong></p>',0,10,0,0,'non-members-rnf-reprint-nephrology-nutrition-and-the-nutrition-care-process',0,'',3,'/files/products/ncp_fall09.pdf',1,0,0,1),
	(362,'(Non-Members) RNF Reprint: Report from the Management of Diabetes in Youth Conference','<p>RNF Reprint: Report from the Management of Diabetes in Youth Conference<br />Vol 28 No 3 Summer 2009</p><p>Cost $10.00</p><p><span style=\"color: #ff0000;\">Note: </span>Have you considered joining RPG so that you could enjoy the member discounted rate for reprints of $2.00? And many more member benefits such as continuing education? Call ADA at (800-877-1600 x5000) to join today.</p><p>Reprints are now downloadable! After you purchase the reprint you will be able to log in to your account and dowload the reprint immediately. <strong>You will be able to download each reprint 5 times only.<br /></strong></p>',0,10,0,0,'non-members-rnf-reprint-report-from-the-management-of-diabetes-in-youth-conference',0,'',3,'/files/products/RNF_Summer _09_youth.pdf',1,0,0,1),
	(363,'(Non-Members) RNF Reprint: Advances in Practice: An Introduction to Nutrigenomics for the Renal Dietetics Professional','<p>RNF Reprint: Advances in Practice: An Introduction to Nutrigenomics for the Renal Dietetics Professional<br />Vol 28 No 3 Summer 2009</p><p>Cost $10.00</p><p><span style=\"color: #ff0000;\">Note: </span>Have you considered joining RPG so that you could enjoy the member discounted rate for reprints of $2.00? And many more member benefits such as continuing education? Call ADA at (800-877-1600 x5000) to join today.</p><p>Reprints are now downloadable! After you purchase the reprint you will be able to log in to your account and dowload the reprint immediately. <strong>You will be able to download each reprint 5 times only.<br /></strong></p>',0,10,0,0,'non-members-rnf-reprint-advances-in-practice-an-introduction-to-nutrigenomics-for-the-renal-dietetics-professional',0,'',3,'/files/products/RNF_Summer _09_nutrrgenomics.pdf',1,0,0,1),
	(364,'(Non-Members) RNF Reprint: Feature Article: Diabesity, Fatabetes, or Metabolic Syndrome: Different Names Same Condition?','<p>RNF Reprint: Feature Article: Diabesity, Fatabetes, or Metabolic Syndrome: Different Names&hellip; Same Condition?<br />Vol 28 No 3 Summer 2009</p><p>Cost $10.00</p><p><span style=\"color: #ff0000;\">Note:</span> Have you considered joining RPG so that you could enjoy the member discounted rate for reprints of $2.00? And many more member benefits such as continuing education? Call ADA at (800-877-1600 x5000) to join today.</p><p>Reprints are now downloadable! After you purchase the reprint you will be able to log in to your account and dowload the reprint immediately. <strong>You will be able to download each reprint 5 times only.<br /></strong></p>',0,10,0,0,'non-members-rnf-reprint-feature-article-diabesity-fatabetes-or-metabolic-syndrome-different-names-same-condition',0,'',3,'/files/products/vol28_no3_2009_feature.pdf',1,0,0,1),
	(365,'(Non-Members) RNF Reprint: Nephrology Nutrition and the Nutrition Care Process: A Renal Nutrition Forum Series with Practice-Based Examples of the Nutrition Care Process (NCP): Where Does Nutrition Diagnosis Fit in the New Conditions for Coverage?','<p>RNF Reprint: Nephrology Nutrition and the Nutrition Care Process: A Renal Nutrition Forum Series with Practice-Based Examples of the Nutrition Care Process (NCP): Where Does Nutrition Diagnosis Fit in the New Conditions for Coverage?<br />Vol 28 No 2 Spring 2009</p><p>Cost $10.00</p><p><span style=\"color: #ff0000;\">Note: </span>Have you considered joining RPG so that you could enjoy the member discounted rate for reprints of $2.00? And many more member benefits such as continuing education? Call ADA at (800-877-1600 x5000) to join today.</p><p>Reprints are now downloadable! After you purchase the reprint you will be able to log in to your account and dowload the reprint immediately. <strong>You will be able to download each reprint 5 times only.<br /></strong></p>',0,10,0,0,'non-members-rnf-reprint-nephrology-nutrition-and-the-nutrition-care-process-a-renal-nutrition-forum-series-with-practice-based-examples-of-the-nutrition-care-process-ncp-where-does-nutrition-diagnosis-fit-in-the-new-conditions-for-coverage',0,'',3,'/files/products/ncp_spring09.pdf',1,0,0,1),
	(366,'(Non-Members) RNF Reprint: Online Weight Management: The Spectrum, E-Tools and Integration into Practice','<p>RNF Reprint: Online Weight Management: The Spectrum, E-Tools and Integration into Practice<br />Vol 28 No 2 Spring 2009</p><p>Cost $10.00</p><p><span style=\"color: #ff0000;\">Note:</span> Have you considered joining RPG so that you could enjoy the member discounted rate for reprints of $2.00? And many more member benefits such as continuing education? Call ADA at (800-877-1600 x5000) to join today.</p><p>Reprints are now downloadable! After you purchase the reprint you will be able to log in to your account and dowload the reprint immediately. <strong>You will be able to download each reprint 5 times only.<br /></strong></p>',0,10,0,0,'non-members-rnf-reprint-online-weight-management-the-spectrum-e-tools-and-integration-into-practice',0,'',3,'/files/products/weight_spring09.pdf',1,0,0,1),
	(367,'(Non-Members) RNF Reprint: Advances in Practice: Prevalence of Renal Dietitians Publishing in Select Nutrition Journals','<p>RNF Reprint: Advances in Practice: Prevalence of Renal Dietitians Publishing in Select Nutrition Journals<br />Vol 28 No 2 Spring 2009</p><p>Cost $10.00</p><p><span style=\"color: #ff0000;\">Note:</span> Have you considered joining RPG so that you could enjoy the member discounted rate for reprints of $2.00? And many more member benefits such as continuing education? Call ADA at (800-877-1600 x5000) to join today.</p><p>Reprints are now downloadable! After you purchase the reprint you will be able to log in to your account and dowload the reprint immediately. <strong>You will be able to download each reprint 5 times only.</strong><strong></strong></p>',0,10,0,0,'non-members-rnf-reprint-advances-in-practice-prevalence-of-renal-dietitians-publishing-in-select-nutrition-journals',0,'',3,'/files/products/rnf_spring2009_advances.pdf',1,0,0,1),
	(368,'(Non-Members) RNF Reprint: Feature Article: Reducing Inflammation through Micronutrient Therapy for Chronic Kidney Disease','<p>RNF Reprint: Feature Article: Reducing Inflammation through Micronutrient Therapy for Chronic Kidney Disease<br />Vol 28 No 2 Spring 2009</p><p>Cost $10.00</p><p><span style=\"color: #ff0000;\">Note:</span> Have you considered joining RPG so that you could enjoy the member discounted rate for reprints of $2.00? And many more member benefits such as continuing education? Call ADA at (800-877-1600 x5000) to join today.</p><p>Reprints are now downloadable! After you purchase the reprint you will be able to log in to your account and dowload the reprint immediately. <strong>You will be able to download each reprint 5 times only.</strong></p>',0,10,0,0,'non-members-rnf-reprint-feature-article-reducing-inflammation-through-micronutrient-therapy-for-chronic-kidney-disease',0,'',3,'/files/products/feature_spring09.pdf',1,0,0,1),
	(369,'(Non-Members) RNF Reprint: Nephrology Nutrition and the Nutrition Care Process: A Renal Nutrition Forum Series with Practice-Based Examples of the Nutrition Care Process (NCP): Documenting Nutrition Care under the Conditions for Coverage (Part 4)','<p>RNF Reprint: Nephrology Nutrition and the Nutrition Care Process: A Renal Nutrition Forum Series with Practice-Based Examples of the Nutrition Care Process (NCP): Documenting Nutrition Care under the Conditions for Coverage (Part 4)<br />Vol 28 No 1 Winter 2009</p><p>Cost $10.00</p><p><span style=\"color: #ff0000;\">Note:</span> Have you considered joining RPG so that you could enjoy the member discounted rate for reprints of $2.00? And many more member benefits such as continuing education? Call ADA at (800-877-1600 x5000) to join today.</p><p>Reprints are now downloadable! After you purchase the reprint you will be able to log in to your account and dowload the reprint immediately. <strong>You will be able to download each reprint 5 times only.<br /></strong></p>',0,10,0,0,'non-members-rnf-reprint-nephrology-nutrition-and-the-nutrition-care-process-a-renal-nutrition-forum-series-with-practice-based-examples-of-the-nutrition-care-process-ncp-documenting-nutrition-care-under-the-conditions-for-coverage-part-4',0,'',3,'/files/products/ncp_win09.pdf',1,0,0,1),
	(370,'(Non-Members) RNF Reprint: Conditions for Coverage: Highlights for Registered Dietitians at In-Center Hemodialysis Clinics','<p>RNF Reprint: Conditions for Coverage: Highlights for Registered Dietitians at In-Center Hemodialysis Clinics<br />Vol 28 No 1 Winter 2009</p><p>Cost $10.00</p><p><span style=\"color: #ff0000;\">Note: </span>Have you considered joining RPG so that you could enjoy the member discounted rate for reprints of $2.00? And many more member benefits such as continuing education? Call ADA at (800-877-1600 x5000) to join today.</p><p>Reprints are now downloadable! After you purchase the reprint you will be able to log in to your account and dowload the reprint immediately. <strong>You will be able to download each reprint 5 times only.<br /></strong></p>',0,10,0,0,'non-members-rnf-reprint-conditions-for-coverage-highlights-for-registered-dietitians-at-in-center-hemodialysis-clinics',0,'',3,'/files/products/incenter_Winter_2009.pdf',1,0,0,1),
	(371,'(Non-Members) RNF Reprint: Guiding Clients through Behavior Change','<p>RNF Reprint: Guiding Clients through Behavior Change<br />Vol 28 No 1 Winter 2009</p><p>Cost $10.00</p><p><span style=\"color: #ff0000;\">Note:</span> Have you considered joining RPG so that you could enjoy the member discounted rate for reprints of $2.00? And many more member benefits such as continuing education? Call ADA at (800-877-1600 x5000) to join today.</p><p>Reprints are now downloadable! After you purchase the reprint you will be able to log in to your account and dowload the reprint immediately. <strong>You will be able to download each reprint 5 times only.</strong></p>',0,10,0,0,'non-members-rnf-reprint-guiding-clients-through-behavior-change',0,'',3,'/files/products/guiding_Winter_2009.pdf',1,0,0,1),
	(372,'(Non-Members) RNF Reprint: Advances in Practice: Applying Theories of Behavioral Change to Manage Interdialytic Fluid Gains in Patients Undergoing Maintenance Hemodialysis Therapy','<p>RNF Reprint: Advances in Practice: Applying Theories of Behavioral Change to Manage Interdialytic Fluid Gains in Patients Undergoing Maintenance Hemodialysis Therapy<br />Vol 28 No 1 Winter 2009</p><p>Cost $10.00</p><p><span style=\"color: #ff0000;\">Note:</span> Have you considered joining RPG so that you could enjoy the member discounted rate for reprints of $2.00? And many more member benefits such as continuing education? Call ADA at (800-877-1600 x5000) to join today.</p><p>Reprints are now downloadable! After you purchase the reprint you will be able to log in to your account and dowload the reprint immediately. <strong>You will be able to download each reprint 5 times only.<br /></strong></p>',0,10,0,0,'non-members-rnf-reprint-advances-in-practice-applying-theories-of-behavioral-change-to-manage-interdialytic-fluid-gains-in-patients-undergoing-maintenance-hemodialysis-therapy',0,'',3,'/files/products/advances_win2009.pdf',1,0,0,1),
	(373,'(Non-Members) RNF Reprint: Feature Article: Medical Nutrition Therapy in Liver and Renal Failure: Conflicts and Commonalities','<p>RNF Reprint: Feature Article: Medical Nutrition Therapy in Liver and Renal Failure: Conflicts and Commonalities<br />Vol 28 No 1 Winter 2009</p><p>Cost $10.00</p><p><span style=\"color: #ff0000;\">Note: </span>Have you considered joining RPG so that you could enjoy the member discounted rate for reprints of $2.00? And many more member benefits such as continuing education? Call ADA at (800-877-1600 x5000) to join today.</p><p>Reprints are now downloadable! After you purchase the reprint you will be able to log in to your account and dowload the reprint immediately. <strong>You will be able to download each reprint 5 times only.<br /></strong></p>',0,10,0,0,'non-members-rnf-reprint-feature-article-medical-nutrition-therapy-in-liver-and-renal-failure-conflicts-and-commonalities',0,'',3,'/files/products/featured_wint09.pdf',1,0,0,1),
	(374,'(Non-Members) RNF Reprint: Advances in the Treatement of Hyperphosphatemia: The Role of Lanthanum Carbonate','<p>RNF Reprint: Advances in the Treatement of Hyperphosphatemia: The Role of Lanthanum Carbonate<br />Vol 23 No 3 Summer 2004</p><p>Cost $10.00</p><p><span style=\"color: #ff0000;\"><strong>Note</strong></span>: Have you considered joining RPG so that you could enjoy the member discounted rate for reprints of $2.00? And many more member benefits such as continuing education? Call ADA at (800-877-1600 x5000) to join today.</p><p>Reprints are now downloadable! After you purchase the reprint you  will be able to log in to your account and dowload the reprint  immediately. <strong>You will be able to download each reprint 5 times only.</strong></p>',0,10,0,0,'non-members-rnf-reprint-advances-in-the-treatement-of-hyperphosphatemia-the-role-of-lanthanum-carbonate',0,'',3,'/files/products/RNFFall2010_FeatureArticle_Niacin.pdf',1,0,0,1),
	(375,'(Members Only) Advances in Practice:  Adressing the Growing Need for CKD Medical Nutrition Therapy in Primary Care Settings','<p>Advances in Practice:&nbsp; Adressing the Growing Need for Chronic Kidney Disease (CKD) Medical Nutrition Therapy in Primary Care Settings</p><p>Cost $2.00</p><p>Reprints are now downloadable! After you purchase the reprint you will be  able to log in to your account and dowload the reprint immediately. <strong>You  will be able to download each reprint 5 times only.<br /></strong></p>',0,2,0,0,'members-only-advances-in-practice-adressing-the-growing-need-for-ckd-medical-nutrition-therapy-in-primary-care-settings',0,'',4,'/files/products/RNFFall2010adv_growing.pdf',1,0,0,1),
	(376,'(Non-Member) Advances in Practice:  Adressing the Growing Need for CKD Medical Nutrition Therapy in Primary Care Settings','<p>Advances in Practice:&nbsp; Adressing the Growing Need for Chronic Kidney  Disease (CKD) Medical Nutrition Therapy in Primary Care Settings</p><p>Cost $10.00</p><p><strong><span style=\"color: #ff0000;\">Note</span></strong>: Have you considered joining RPG so that you could enjoy the member discounted rate for reprints of $2.00? And many more member benefits such as continuing education? Call ADA at (800-877-1600 x5000) to join today.</p><p>Reprints are now downloadable! After you purchase the reprint you  will be  able to log in to your account and dowload the reprint  immediately. <strong>You  will be able to download each reprint 5 times only.</strong></p>',0,10,0,0,'non-member-advances-in-practice-adressing-the-growing-need-for-ckd-medical-nutrition-therapy-in-primary-care-settings',0,'',3,'/files/products/RNFFall2010adv_growing.pdf',1,0,0,1),
	(377,'(Members Only) Ethical Decision-Making in Dialysis','<p>Ethical Decision-Making in Dialysis<br />Fall 2010 Vol 29 No. 4</p><p>Cost $2.00</p><p>Reprints are now downloadable! After you purchase the reprint you will be  able to log in to your account and dowload the reprint immediately. <strong>You  will be able to download each reprint 5 times only.<br /></strong></p>',0,2,0,0,'members-only-ethical-decision-making-in-dialysis',0,'',4,'/files/products/RNFFall2010_ethical.pdf',1,0,0,1),
	(378,'(Non-Member) Ethical Decision-Making in Dialysis','<p>Ethical Decision-Making in Dialysis<br />Fall 2010 Vol 29 No. 4</p><p>Cost $10.00</p><p><strong><span style=\"color: #ff0000;\">Note</span></strong>: Have you considered joining RPG so that you could enjoy the member discounted rate for reprints of $2.00? And many more member benefits such as continuing education? Call ADA at (800-877-1600 x5000) to join today.</p><p>Reprints are now downloadable! After you purchase the reprint you  will be  able to log in to your account and dowload the reprint  immediately. <strong>You  will be able to download each reprint 5 times only.</strong></p>',0,10,0,0,'non-member-ethical-decision-making-in-dialysis',0,'',3,'/files/products/RNFFall2010_ethical.pdf',1,0,0,1),
	(379,'(Members Only) Counseling For Behavior Change','<p>Counseling For Behavior Change<br />Fall 2010 Vol 29 No. 4</p><p>Cost $2.00</p><p>Reprints are now downloadable! After you purchase the reprint you will be  able to log in to your account and dowload the reprint immediately. <strong>You  will be able to download each reprint 5 times only.<br /></strong></p>',0,2,0,0,'members-only-counseling-for-behavior-change',0,'',4,'/files/products/RNFFall2010_counseling.pdf',1,0,0,1),
	(380,'(Non-Members) Counseling For Behavior Change','<p>Counseling For Behavior Change<br />Fall 2010 Vol 29 No. 4<br /><br />Cost $10.00</p><p><br /><strong><span style=\"color: #ff0000;\">Note</span></strong>: Have you considered joining RPG so that you could enjoy the member discounted rate for reprints of $2.00? And many more member benefits such as continuing education? Call ADA at (800-877-1600 x5000) to join today.</p><p>Reprints are now downloadable! After you purchase the reprint you will be able to log in to your account and dowload the reprint immediately. You will be able to download each reprint 5 times only.</p>',0,10,0,0,'non-members-counseling-for-behavior-change',0,'',3,'/files/products/RNFFall2010_counseling.pdf',1,0,0,1),
	(381,'(Members Only) Older Americans Act','<p>Older Americans Act<br />Fall 2010 Vol 29 No. 4</p><p>Cost $2.00<br /><br />Reprints are now downloadable! After you purchase the reprint you will be able to log in to your account and dowload the reprint immediately. You will be able to download each reprint 5 times only.</p><p>&nbsp;</p>',0,2,0,0,'members-only-older-americans-act',0,'',4,'/files/products/RNFFall2010oldamerican.pdf',1,0,0,1),
	(382,'(Non-Members) Older Americans Act','<p><span class=\"SSPro_Product_Description\"><p>Older Americans Act<br />Fall 2010 Vol 29 No. 4</p><p>Cost $10.00</p><p><br /><strong><span style=\"color: #ff0000;\">Note</span></strong>: Have you considered joining RPG so that you could enjoy the member discounted rate for reprints of $2.00? And many more member benefits such as continuing education? Call ADA at (800-877-1600 x5000) to join today.</p><p>Reprints are now downloadable! After you purchase  the reprint you will be able to log in to your account and dowload the  reprint immediately. You will be able to download each reprint 5 times  only.</p></span></p>',0,10,0,0,'non-members-older-americans-act',0,'',3,'/files/products/RNFFall2010oldamerican.pdf',1,0,0,1),
	(383,'(Members Only) Feature Article: Malnutrition in a Maintenance Hemodialysis Patient is Improved with IDPN: A Case Study','<p>Feature Article: Malnutrition in a Maintenance Hemodialysis Patient is Improved with Intradialytic Parenteral Nutrition (IDPN): A Case Study<br />Winter 2011 Vol 30 No. 1</p><p>Cost $2.00<br /><br />Reprints are now downloadable! After you purchase the reprint you will be able to log in to your account and dowload the reprint immediately. You will be able to download each reprint 5 times only.</p>',0,2,0,0,'members-only-feature-article-malnutrition-in-a-maintenance-hemodialysis-patient-is-improved-with-idpn-a-case-study',0,'',4,'/files/products/RNF_Winter_2011featured.pdf',1,0,0,1),
	(384,'(Non Members) Feature Article: Malnutrition in a Maintenance Hemodialysis Patient is Improved with IDPN: A Case Study','<p><span class=\"SSPro_Product_Description\"><p>Feature Article: Malnutrition  in a Maintenance Hemodialysis Patient is Improved with Intradialytic  Parenteral Nutrition (IDPN): A Case Study<br />Winter 2011 Vol 30 No. 1</p><p>Cost $10.00</p><p><br /><strong><span style=\"color: #ff0000;\">Note</span></strong>: Have you considered joining RPG so that you could enjoy the member discounted rate for reprints of $2.00? And many more member benefits such as continuing education? Call ADA at (800-877-1600 x5000) to join today.</p><p>Reprints are now downloadable! After you purchase  the reprint you will be able to log in to your account and dowload the  reprint immediately. You will be able to download each reprint 5 times  only.</p></span></p>',0,10,0,0,'non-members-feature-article-malnutrition-in-a-maintenance-hemodialysis-patient-is-improved-with-idpn-a-case-study',0,'',3,'/files/products/RNF_Winter_2011featured.pdf',1,0,0,1),
	(385,'(Members Only) Advances in Practice: Nutritionally Focused IDPN Initiation','<p>Advances in Practice: Nutritionally Focused Intradialytic Parenteral Nutrition (IDPN) Initiation<br />Winter 2011 Vol 30 No. 1 <br /><br />Cost $2.00<br /><br />Reprints are now downloadable! After you purchase the reprint you will be able to log in to your account and dowload the reprint immediately. You will be able to download each reprint 5 times only.</p>',0,2,0,0,'members-only-advances-in-practice-nutritionally-focused-idpn-initiation',0,'',4,'/files/products/RNF_Winter_2011_advances.pdf',1,0,0,1),
	(386,'(Non-Members) Advances in Practice: Nutritionally Focused IDPN Initiation','<p><span class=\"SSPro_Product_Description\">Advances in Practice: Nutritionally Focused Intradialytic Parenteral Nutrition (IDPN) Initiation<br />Winter 2011 Vol 30 No. 1 <br /><br />Cost $10.00</span></p><p><span class=\"SSPro_Product_Description\"><br /><span style=\"color: #ff0000;\"><strong>Note</strong></span>: Have you considered joining RPG so that you could enjoy the member discounted rate for reprints of $2.00? And many more member benefits such as continuing education? Call ADA at (800-877-1600 x5000) to join today.</span></p><p><span class=\"SSPro_Product_Description\">Reprints  are now downloadable! After you purchase the reprint you will be able  to log in to your account and dowload the reprint immediately. You will  be able to download each reprint 5 times only.</span></p>',0,10,0,0,'non-members-advances-in-practice-nutritionally-focused-idpn-initiation',0,'',3,'/files/products/RNF_Winter_2011_advances.pdf',1,0,0,1),
	(387,'(Members Only) The Nutrition Care Process/IDNT: Third Edition 2010','<p>The Nutrition Care Process/International Dietetics and Nutrition Terminology (IDNT): Third Edition 2010<br />Winter 2011 Vol 30 No. 1</p><p>Cost $2.00</p><p>Reprints are now downloadable! After you purchase the reprint you will be  able to log in to your account and dowload the reprint immediately. <strong>You  will be able to download each reprint 5 times only.<br /></strong></p>',0,2,0,0,'members-only-the-nutrition-care-processidnt-third-edition-2010',0,'',4,'/files/products/RNF_Winter_2011_new.pdf',1,0,0,1),
	(388,'(Non-Members) The Nutrition Care Process/IDNT: Third Edition 2010','<p>The Nutrition Care Process/International Dietetics and Nutrition Terminology (IDNT): Third Edition 2010<br />Winter 2011 Vol 30 No. 1</p><p>Cost $10.00</p><p><strong><span style=\"color: #ff0000;\">Note</span></strong>: Have you considered joining RPG so that you could enjoy the member discounted rate for reprints of $2.00? And many more member benefits such as continuing education? Call ADA at (800-877-1600 x5000) to join today.</p><p>Reprints are now downloadable! After you purchase the reprint you  will be  able to log in to your account and dowload the reprint  immediately. <strong>You  will be able to download each reprint 5 times only.</strong></p>',0,10,0,0,'non-members-the-nutrition-care-processidnt-third-edition-2010',0,'',3,'/files/products/RNF_Winter_2011_new.pdf',1,0,0,1),
	(389,'(Members Only) Implications of Obesity and Kidney Transplantation','<p>Implications of Obesity and Kidney Transplantation<br />Winter 2011 Vol 30 No. 1</p><p>Cost $2.00</p><p>Reprints are now downloadable! After you purchase the reprint you will be  able to log in to your account and dowload the reprint immediately. <strong>You  will be able to download each reprint 5 times only.<br /></strong></p>',0,2,0,0,'members-only-implications-of-obesity-and-kidney-transplantation',0,'',4,'/files/products/RNF_Winter_2011_obesity.pdf',1,0,0,1),
	(390,'(Non-Members) Implications of Obesity and Kidney Transplantation','<p>Implications of Obesity and Kidney Transplantation<br />Winter 2011 Vol 30 No. 1</p><p>Cost $10.00</p><p><strong><span style=\"color: #ff0000;\">Note</span></strong>: Have you considered joining RPG so that you could enjoy the member discounted rate for reprints of $2.00? And many more member benefits such as continuing education? Call ADA at (800-877-1600 x5000) to join today.</p><p>Reprints are now downloadable! After you purchase the reprint you  will be  able to log in to your account and dowload the reprint  immediately. <strong>You  will be able to download each reprint 5 times only.</strong></p>',0,10,0,0,'non-members-implications-of-obesity-and-kidney-transplantation',0,'',3,'/files/products/RNF_Winter_2011_obesity.pdf',1,0,0,1),
	(391,'(Members Only) Feature Article: Vitamin A Deficiency in a Hemodialysis Patient:  A Case Review','<p>Feature Article: Vitamin A Deficiency in a Hemodialysis Patient:&nbsp; A Case Review<br />Spring 2011 Vol 30 No. 2</p><p>Cost $2.00</p><p>Reprints are now downloadable! After you purchase the reprint you will be  able to log in to your account and dowload the reprint immediately. <strong>You  will be able to download each reprint 5 times only.<br /></strong></p>',0,2,0,0,'members-only-feature-article-vitamin-a-deficiency-in-a-hemodialysis-patient-a-case-review',0,'',4,'/files/products/Renal_Spring11_Featured.pdf',1,0,0,1),
	(392,'(Non-Members) Feature Article: Vitamin A Deficiency in a Hemodialysis Patient:  A Case Review','<p>Feature Article: Vitamin A Deficiency in a Hemodialysis Patient:&nbsp; A Case Review<br />Spring 2011 Vol 30 No. 2</p><p>Cost $10.00</p><p><span style=\"color: #ff0000;\"><strong>Note</strong></span>: Have you considered joining RPG so that you could enjoy the member discounted rate for reprints of $2.00? And many more member benefits such as continuing education? Call ADA at (800-877-1600 x5000) to join today.</p><p>Reprints are now downloadable! After you purchase the reprint you  will be  able to log in to your account and dowload the reprint  immediately. <strong>You  will be able to download each reprint 5 times only.</strong></p>',0,10,0,0,'non-members-feature-article-vitamin-a-deficiency-in-a-hemodialysis-patient-a-case-review',0,'',3,'/files/products/Renal_Spring11_Featured.pdf',1,0,0,1),
	(393,'(Members Only) Advances in Practice: Chronic Kidney Disease Medical Nutrition Therapy: Guidelines for Effective Management','<p>Advances in Practice: Chronic Kidney Disease Medical Nutrition Therapy: Guidelines for Effective Management<br />Spring 2011 Vol 30 No. 2</p><p>Cost $2.00</p><p>Reprints are now downloadable! After you purchase the reprint you will be  able to log in to your account and dowload the reprint immediately. <strong>You  will be able to download each reprint 5 times only.<br /></strong></p>',0,2,0,0,'members-only-advances-in-practice-chronic-kidney-disease-medical-nutrition-therapy-guidelines-for-effective-management',0,'',4,'/files/products/Renal_Spring11_advances.pdf',1,0,0,1),
	(394,'(Non-Members) Advances in Practice: Chronic Kidney Disease Medical Nutrition Therapy: Guidelines for Effective Management','<p>Advances in Practice: Chronic Kidney Disease Medical Nutrition Therapy: Guidelines for Effective Management<br />Spring 2011 Vol 30 No. 2</p><p>Cost $10.00</p><p><span style=\"color: #ff0000;\"><strong>Note</strong></span>: Have you considered joining RPG so that you could enjoy the member discounted rate for reprints of $2.00? And many more member benefits such as continuing education? Call ADA at (800-877-1600 x5000) to join today.</p><p>Reprints are now downloadable! After you purchase the reprint you  will be  able to log in to your account and dowload the reprint  immediately. <strong>You  will be able to download each reprint 5 times only.</strong></p>',0,10,0,0,'non-members-advances-in-practice-chronic-kidney-disease-medical-nutrition-therapy-guidelines-for-effective-management',0,'',3,'/files/products/Renal_Spring11_advances.pdf',1,0,0,1),
	(395,'(Members Only) Understanding Functional Foods Through the Eyes of Consumers','<p>Understanding Functional Foods Through the Eyes of Consumers<br />Spring 2011 Vol 30 No. 2</p><p>Cost $2.00</p><p>Reprints are now downloadable! After you purchase the reprint you will be  able to log in to your account and dowload the reprint immediately. <strong>You  will be able to download each reprint 5 times only.<br /></strong></p>',0,2,0,0,'members-only-understanding-functional-foods-through-the-eyes-of-consumers',1,'',4,'/files/products/Renal_Spring11_Functional.pdf',1,0,0,1),
	(396,'(Non-Members) Understanding Functional Foods Through the Eyes of Consumers','<p>Understanding Functional Foods Through the Eyes of Consumers<br />Spring 2011 Vol 30 No. 2</p><p>Cost $10.00</p><p><span style=\"color: #ff0000;\"><strong>Note</strong></span>: Have you considered joining RPG so that you could enjoy the member discounted rate for reprints of $2.00? And many more member benefits such as continuing education? Call ADA at (800-877-1600 x5000) to join today.</p><p>Reprints are now downloadable! After you purchase the reprint you  will be  able to log in to your account and dowload the reprint  immediately. <strong>You  will be able to download each reprint 5 times only.</strong></p>',0,10,0,0,'non-members-understanding-functional-foods-through-the-eyes-of-consumers',0,'',3,'/files/products/Renal_Spring11_Functional.pdf',1,0,0,1),
	(397,'(Members Only) ADA Career Center','<p>ADA Career Center<br />Spring 2011 Vol 30 No. 2</p><p>Cost $2.00</p><p>Reprints are now downloadable! After you purchase the reprint you will be  able to log in to your account and dowload the reprint immediately. <strong>You  will be able to download each reprint 5 times only.<br /></strong></p>',0,2,0,0,'members-only-ada-career-center',0,'',4,'/files/products/Renal_Spring11_ada.pdf',1,0,0,1),
	(398,'(Non-Members) ADA Career Center','<p>ADA Career Center<br />Spring 2011 Vol 30 No. 2</p><p>Cost $10.00</p><p><span style=\"color: #ff0000;\"><strong>Note</strong></span>: Have you considered joining RPG so that you could enjoy the member discounted rate for reprints of $2.00? And many more member benefits such as continuing education? Call ADA at (800-877-1600 x5000) to join today.</p><p>Reprints are now downloadable! After you purchase the reprint you  will be  able to log in to your account and dowload the reprint  immediately. <strong>You  will be able to download each reprint 5 times only.</strong></p>',0,10,0,0,'non-members-ada-career-center',0,'',3,'/files/products/Renal_Spring11_ada.pdf',1,0,0,1),
	(399,'(Non-Members) RNF Reprint: Feature Article: Hidden Phosphorus: A New Challenge for the Nephrology ','<p>RNF Reprint: Feature Article: Hidden Phosphorus: A New Challenge for the Nephrology Dietitian<br />Vol 27 No 3 Summer 2008</p><p>Cost $10.00</p><p><span style=\"color: #ff0000;\"><strong>Note</strong></span>: Have you considered joining RPG so that you could enjoy the member discounted rate for reprints of $2.00? And many more member benefits such as continuing education? Call ADA at (800-877-1600 x5000) to join today.</p><p>Reprints are now downloadable! After you purchase the reprint you  will be able to log in to your account and dowload the reprint  immediately. <strong>You will be able to download each reprint 5 times only.</strong></p>',0,10,0,0,'non-members-rnf-reprint-feature-article-hidden-phosphorus-a-new-challenge-for-the-nephrology',0,'',3,'/files/products/hidden_phosphorus_summer2008.pdf',1,0,0,1),
	(400,'(Non-Members) RNF Reprint: Advances in Practice: Nutrition Management of a Chronic Kidney Disease Patient with Obesity and Diabetes: A Case Study','<p>RNF Reprint: Advances in  Practice: Nutrition Management of a Chronic Kidney Disease Patient with  Obesity and Diabetes: A Case Study<br />Vol 27 No 3 Summer 2008</p><p>Cost $10.00</p><p><span style=\"color: #ff0000;\"><strong>Note</strong></span>: Have you considered joining RPG so that you could enjoy the member discounted rate for reprints of $2.00? And many more member benefits such as continuing education? Call ADA at (800-877-1600 x5000) to join today.</p><p>Reprints are now downloadable! After you purchase the reprint you  will be able to log in to your account and dowload the reprint  immediately. <strong>You will be able to download each reprint 5 times only.</strong></p>',0,10,0,0,'non-members-rnf-reprint-advances-in-practice-nutrition-management-of-a-chronic-kidney-disease-patient-with-obesity-and-diabetes-a-case-study',0,'',3,'/files/products/rnf_summer_2008_obesity.pdf',1,0,0,1),
	(401,'(Non-Members) RNF Reprint: Medicare Part B 101: Have You Thought About Becoming a Provider?','<p>RNF Reprint: Medicare Part B 101: Have You Thought About Becoming a Provider?<br />Vol 27 No 3 Summer 2008</p><p>Cost $10.00</p><p><span style=\"color: #ff0000;\"><strong>Note</strong></span>: Have you considered joining RPG so that you could enjoy the member discounted rate for reprints of $2.00? And many more member benefits such as continuing education? Call ADA at (800-877-1600 x5000) to join today.</p><p>Reprints are now downloadable! After you purchase the reprint you  will be able to log in to your account and dowload the reprint  immediately. <strong>You will be able to download each reprint 5 times only.</strong></p>',0,10,0,0,'non-members-rnf-reprint-medicare-part-b-101-have-you-thought-about-becoming-a-provider',0,'',3,'/files/products/rnf_summer_2008_mediacare.pdf',1,0,0,1),
	(402,'A Taste of Asia: Asian Recipes for a Renal Diet','<p style=\"text-align: center;\"><span style=\"font-size: small;\">A Taste of Asia: Asian Recipes for a Renal Diet<br />NKF of Northern California</span></p><div style=\"text-align: left; background-color: #ffffff; margin: 8px; color: #000000; font-size: 10px; background-origin: initial; background-clip: initial;\"><span style=\"font-family: arial,helvetica,sans-serif;\"><span style=\"font-size: small;\">To utilize this valuable member benefit and resource, please follow the easy steps listed below:</span></span></div><ul><li><div style=\"text-align: left; background-color: #ffffff; margin: 8px; color: #000000; font-size: 10px; background-origin: initial; background-clip: initial;\"><span style=\"font-family: arial,helvetica,sans-serif;\"><span style=\"font-size: small;\">You can request/borrow up to 3 resources at one time.</span></span></div></li><li><div style=\"text-align: left; background-color: #ffffff; margin: 8px; color: #000000; font-size: 10px; background-origin: initial; background-clip: initial;\"><span style=\"font-family: arial,helvetica,sans-serif;\"><span style=\"font-size: small;\">A $20.00 deposit for each resource is required. This deposit will be refunded when the resource is returned within the required timeframe. </span></span><span style=\"font-family: arial,helvetica,sans-serif;\"><span style=\"font-size: small;\">The resources may be borrowed for 28 days after the date you receive them.&nbsp; This allows other members to take advantage of this member benefit too.</span></span></div></li><li><div style=\"text-align: left; background-color: #ffffff; margin: 8px; color: #000000; font-size: 10px; background-origin: initial; background-clip: initial;\"><span style=\"font-family: arial,helvetica,sans-serif;\"><span style=\"font-size: small;\">Please complete the information below and online payment information.</span></span></div></li></ul><p style=\"text-align: left; background-color: #ffffff; margin: 8px; color: #000000; font-size: 10px; background-origin: initial; background-clip: initial;\"><span style=\"font-family: arial,helvetica,sans-serif;\"><span style=\"font-size: small;\">*Any shipping charges (for non-downloadable items) and sales tax will be calculated during the checkout process.</span></span></p>',0,20,0,0,'a-taste-of-asia-asian-recipes-for-a-renal-diet',1,'',5,'',1,0,0,1);

INSERT INTO `products` (`product_id`, `product_name`, `content`, `NM_price`, `M_price`, `I_price`, `featured`, `directLink`, `shipping`, `external`, `type`, `download`, `published`, `front_page`, `out_of_stock`, `quantity`)
VALUES
	(403,'Cooking the Renal Way','<p>&nbsp;</p><div style=\"color: #000000; font-family: Verdana, Arial, Helvetica, sans-serif; font-size: 10px; margin-top: 8px; margin-right: 8px; margin-bottom: 8px; margin-left: 8px; background-image: initial; background-attachment: initial; background-origin: initial; background-clip: initial; background-color: #ffffff; \"><p style=\"text-align: center;\">Cooking the Renal Way<br />Oregon Council on Renal Nutrition</p><p style=\"text-align: left;\">To utilize this valuable member benefit and resource, please follow the easy steps listed below:&nbsp;</p><ul><li><div style=\"text-align: left;\">You can request/borrow up to 3 resources at one time.</div></li><li><div style=\"text-align: left;\">A&nbsp;$20.00 deposit on the resource is required. This deposit will be reimbursed when the resource is returned.</div></li><li><div style=\"text-align: left;\">The&nbsp;resources may be borrowed for 28 days after the date you receive them.&nbsp; This allows other members to take advantage of this member benefit too.</div></li><li><div style=\"text-align: left;\">Complete the below information and&nbsp;online payment.</div></li></ul></div><p>&nbsp;</p>',0,20,0,0,'cooking-the-renal-way',1,'',5,'',1,0,0,1),
	(404,'Cooking the Renal Way','<div style=\"color: #000000; font-family: Verdana, Arial, Helvetica, sans-serif; font-size: 10px; margin-top: 8px; margin-right: 8px; margin-bottom: 8px; margin-left: 8px; background-image: initial; background-attachment: initial; background-origin: initial; background-clip: initial; background-color: #ffffff; \"><p style=\"text-align: center;\"><span style=\"font-size: small;\">Cooking the Renal Way<br />Oregon Council on Renal Nutrition</span></p><div style=\"text-align: left; background-color: #ffffff; margin: 8px; color: #000000; font-size: 10px; background-origin: initial; background-clip: initial;\"><span style=\"font-family: arial,helvetica,sans-serif;\"><span style=\"font-size: small;\">To utilize this valuable member benefit and resource, please follow the easy steps listed below:</span></span></div><ul><li><div style=\"text-align: left; background-color: #ffffff; margin: 8px; color: #000000; font-size: 10px; background-origin: initial; background-clip: initial;\"><span style=\"font-family: arial,helvetica,sans-serif;\"><span style=\"font-size: small;\">You can request/borrow up to 3 resources at one time.</span></span></div></li><li><div style=\"text-align: left; background-color: #ffffff; margin: 8px; color: #000000; font-size: 10px; background-origin: initial; background-clip: initial;\"><span style=\"font-family: arial,helvetica,sans-serif;\"><span style=\"font-size: small;\">A $20.00 deposit for each resource is required. This deposit will be refunded when the resource is returned within the required timeframe. </span></span><span style=\"font-family: arial,helvetica,sans-serif;\"><span style=\"font-size: small;\">The resources may be borrowed for 28 days after the date you receive them.&nbsp; This allows other members to take advantage of this member benefit too.</span></span></div></li><li><div style=\"text-align: left; background-color: #ffffff; margin: 8px; color: #000000; font-size: 10px; background-origin: initial; background-clip: initial;\"><span style=\"font-family: arial,helvetica,sans-serif;\"><span style=\"font-size: small;\">Please complete the information below and online payment information.</span></span></div></li></ul><p style=\"text-align: left; background-color: #ffffff; margin: 8px; color: #000000; font-size: 10px; background-origin: initial; background-clip: initial;\"><span style=\"font-family: arial,helvetica,sans-serif;\"><span style=\"font-size: small;\">*Any shipping charges (for non-downloadable items) and sales tax will be calculated during the checkout process.</span></span></p></div>',0,20,0,0,'cooking-the-renal-way',1,'',5,'',1,0,0,1),
	(405,'Cooking Without a Grain of Salt','<div style=\"color: #000000; font-family: Verdana, Arial, Helvetica, sans-serif; font-size: 10px; background-image: initial; background-attachment: initial; background-origin: initial; background-clip: initial; background-color: #ffffff; margin: 8px;\"><p style=\"text-align: center;\"><span style=\"font-size: small;\">Cooking Without a Grain of Salt<br />Susan Bagg Todd, Robert Bagg</span></p><div style=\"text-align: left; background-color: #ffffff; margin: 8px; color: #000000; font-size: 10px; background-origin: initial; background-clip: initial;\"><span style=\"font-family: arial,helvetica,sans-serif;\"><span style=\"font-size: small;\">To utilize this valuable member benefit and resource, please follow the easy steps listed below:</span></span></div><ul><li><div style=\"text-align: left; background-color: #ffffff; margin: 8px; color: #000000; font-size: 10px; background-origin: initial; background-clip: initial;\"><span style=\"font-family: arial,helvetica,sans-serif;\"><span style=\"font-size: small;\">You can request/borrow up to 3 resources at one time.</span></span></div></li><li><div style=\"text-align: left; background-color: #ffffff; margin: 8px; color: #000000; font-size: 10px; background-origin: initial; background-clip: initial;\"><span style=\"font-family: arial,helvetica,sans-serif;\"><span style=\"font-size: small;\">A $20.00 deposit for each resource is required. This deposit will be refunded when the resource is returned within the required timeframe. </span></span><span style=\"font-family: arial,helvetica,sans-serif;\"><span style=\"font-size: small;\">The resources may be borrowed for 28 days after the date you receive them.&nbsp; This allows other members to take advantage of this member benefit too.</span></span></div></li><li><div style=\"text-align: left; background-color: #ffffff; margin: 8px; color: #000000; font-size: 10px; background-origin: initial; background-clip: initial;\"><span style=\"font-family: arial,helvetica,sans-serif;\"><span style=\"font-size: small;\">Please complete the information below and online payment information.</span></span></div></li></ul><p style=\"text-align: left; background-color: #ffffff; margin: 8px; color: #000000; font-size: 10px; background-origin: initial; background-clip: initial;\"><span style=\"font-family: arial,helvetica,sans-serif;\"><span style=\"font-size: small;\">*Any shipping charges (for non-downloadable items) and sales tax will be calculated during the checkout process.</span></span></p></div>',0,20,0,0,'cooking-without-a-grain-of-salt',1,'',5,'',1,0,0,1),
	(406,'Creative Cooking for Renal Diabetic Diets','<div style=\"color: #000000; font-family: Verdana, Arial, Helvetica, sans-serif; font-size: 10px; background-image: initial; background-attachment: initial; background-origin: initial; background-clip: initial; background-color: #ffffff; margin: 8px;\"><p style=\"text-align: center;\"><span style=\"font-size: small;\">Creative Cooking for Renal Diabetic Diets<br />Cleveland Clinic Foundation</span></p><div style=\"text-align: left; background-color: #ffffff; margin: 8px; color: #000000; font-size: 10px; background-origin: initial; background-clip: initial;\"><span style=\"font-family: arial,helvetica,sans-serif;\"><span style=\"font-size: small;\">To utilize this valuable member benefit and resource, please follow the easy steps listed below:</span></span></div><ul><li><div style=\"text-align: left; background-color: #ffffff; margin: 8px; color: #000000; font-size: 10px; background-origin: initial; background-clip: initial;\"><span style=\"font-family: arial,helvetica,sans-serif;\"><span style=\"font-size: small;\">You can request/borrow up to 3 resources at one time.</span></span></div></li><li><div style=\"text-align: left; background-color: #ffffff; margin: 8px; color: #000000; font-size: 10px; background-origin: initial; background-clip: initial;\"><span style=\"font-family: arial,helvetica,sans-serif;\"><span style=\"font-size: small;\">A $20.00 deposit for each resource is required. This deposit will be refunded when the resource is returned within the required timeframe. </span></span><span style=\"font-family: arial,helvetica,sans-serif;\"><span style=\"font-size: small;\">The resources may be borrowed for 28 days after the date you receive them.&nbsp; This allows other members to take advantage of this member benefit too.</span></span></div></li><li><div style=\"text-align: left; background-color: #ffffff; margin: 8px; color: #000000; font-size: 10px; background-origin: initial; background-clip: initial;\"><span style=\"font-family: arial,helvetica,sans-serif;\"><span style=\"font-size: small;\">Please complete the information below and online payment information.</span></span></div></li></ul><p style=\"text-align: left; background-color: #ffffff; margin: 8px; color: #000000; font-size: 10px; background-origin: initial; background-clip: initial;\"><span style=\"font-family: arial,helvetica,sans-serif;\"><span style=\"font-size: small;\">*Any shipping charges (for non-downloadable items) and sales tax will be calculated during the checkout process.</span></span></p></div>',0,20,0,0,'creative-cooking-for-renal-diabetic-diets',1,'',5,'',1,0,0,1),
	(407,'Creative Cooking for Renal Diets','<div style=\"color: #000000; font-family: Verdana, Arial, Helvetica, sans-serif; font-size: 10px; background-image: initial; background-attachment: initial; background-origin: initial; background-clip: initial; background-color: #ffffff; margin: 8px;\"><p style=\"text-align: center;\"><span style=\"font-size: small;\">Creative Cooking for Renal Diets<br />Cleveland Clinic Foundation</span></p><div style=\"text-align: left; background-color: #ffffff; margin: 8px; color: #000000; font-size: 10px; background-origin: initial; background-clip: initial;\"><span style=\"font-family: arial,helvetica,sans-serif;\"><span style=\"font-size: small;\"><span style=\"font-size: small;\">To utilize this valuable member benefit and resource</span>, please follow the easy steps listed below:</span></span></div><ul><li><div style=\"text-align: left; background-color: #ffffff; margin: 8px; color: #000000; font-size: 10px; background-origin: initial; background-clip: initial;\"><span style=\"font-family: arial,helvetica,sans-serif;\"><span style=\"font-size: small;\">You can request/borrow up to 3 resources at one time.</span></span></div></li><li><div style=\"text-align: left; background-color: #ffffff; margin: 8px; color: #000000; font-size: 10px; background-origin: initial; background-clip: initial;\"><span style=\"font-family: arial,helvetica,sans-serif;\"><span style=\"font-size: small;\">A $20.00 deposit for each resource is required. This deposit will be refunded when the resource is returned within the required timeframe. </span></span><span style=\"font-family: arial,helvetica,sans-serif;\"><span style=\"font-size: small;\">The resources may be borrowed for 28 days after the date you receive them.&nbsp; This allows other members to take advantage of this member benefit too.</span></span></div></li><li><div style=\"text-align: left; background-color: #ffffff; margin: 8px; color: #000000; font-size: 10px; background-origin: initial; background-clip: initial;\"><span style=\"font-family: arial,helvetica,sans-serif;\"><span style=\"font-size: small;\">Please complete the information below and online payment information.</span></span></div></li></ul><p style=\"text-align: left; background-color: #ffffff; margin: 8px; color: #000000; font-size: 10px; background-origin: initial; background-clip: initial;\"><span style=\"font-family: arial,helvetica,sans-serif;\"><span style=\"font-size: small;\">*Any shipping charges (for non-downloadable items) and sales tax will be calculated during the checkout process.</span></span></p></div>',0,20,0,0,'creative-cooking-for-renal-diets',1,'',5,'',1,0,0,1),
	(408,'Everyday Eating A cookbook for the dialysis patients and family ','<div style=\"color: #000000; font-family: Verdana, Arial, Helvetica, sans-serif; font-size: 10px; background-image: initial; background-attachment: initial; background-origin: initial; background-clip: initial; background-color: #ffffff; margin: 8px;\"><p style=\"text-align: center;\"><p style=\"text-align: center;\"><span style=\"font-size: small;\">Everyday Eating<br /></span><span style=\"font-size: small;\">A cookbook for the dialysis patients and family<br /></span><span style=\"font-size: small;\">Illinois Council on Renal Nutrition/<br /></span><span style=\"font-size: small;\">NKF of Illinois</span></p></p><div style=\"text-align: left; background-color: #ffffff; margin: 8px; color: #000000; font-size: 10px; background-origin: initial; background-clip: initial;\"><span style=\"font-family: arial,helvetica,sans-serif;\"><span style=\"font-size: small;\">To utilize this valuable member benefit and resource, please follow the easy steps listed below:</span></span></div><ul><li><div style=\"text-align: left; background-color: #ffffff; margin: 8px; color: #000000; font-size: 10px; background-origin: initial; background-clip: initial;\"><span style=\"font-family: arial,helvetica,sans-serif;\"><span style=\"font-size: small;\">You can request/borrow up to 3 resources at one time.</span></span></div></li><li><div style=\"text-align: left; background-color: #ffffff; margin: 8px; color: #000000; font-size: 10px; background-origin: initial; background-clip: initial;\"><span style=\"font-family: arial,helvetica,sans-serif;\"><span style=\"font-size: small;\">A $20.00 deposit for each resource is required. This deposit will be refunded when the resource is returned within the required timeframe. </span></span><span style=\"font-family: arial,helvetica,sans-serif;\"><span style=\"font-size: small;\">The resources may be borrowed for 28 days after the date you receive them.&nbsp; This allows other members to take advantage of this member benefit too.</span></span></div></li><li><div style=\"text-align: left; background-color: #ffffff; margin: 8px; color: #000000; font-size: 10px; background-origin: initial; background-clip: initial;\"><span style=\"font-family: arial,helvetica,sans-serif;\"><span style=\"font-size: small;\">Please complete the information below and online payment information.</span></span></div></li></ul><p style=\"text-align: left; background-color: #ffffff; margin: 8px; color: #000000; font-size: 10px; background-origin: initial; background-clip: initial;\"><span style=\"font-family: arial,helvetica,sans-serif;\"><span style=\"font-size: small;\">*Any shipping charges (for non-downloadable items) and sales tax will be calculated during the checkout process.</span></span></p></div>',0,20,0,0,'everyday-eating-a-cookbook-for-the-dialysis-patients-and-family',1,'',5,'',1,0,0,1),
	(409,'Kidney Friendly Comfort Foods A Collection of Recipes for Eating well with Chronic Kidney Disease ','<p style=\"text-align: center;\">&nbsp;<span style=\"font-size: small;\">Kidney Friendly Comfort Foods<br /></span><span style=\"font-size: small;\">A Collection of Recipes for Eating well with Chronic Kidney Disease<br /></span><span style=\"font-size: small;\">Shire Pharmaceuticals </span></p><div style=\"color: #000000; font-family: Verdana, Arial, Helvetica, sans-serif; font-size: 10px; background-image: initial; background-attachment: initial; background-origin: initial; background-clip: initial; background-color: #ffffff; text-align: center; margin: 8px;\"><div style=\"text-align: left; background-color: #ffffff; margin: 8px; color: #000000; font-size: 10px; background-origin: initial; background-clip: initial;\"><span style=\"font-family: arial,helvetica,sans-serif;\"><span style=\"font-size: small;\">To utilize this valuable member benefit and resource, please follow the easy steps listed below:</span></span></div><ul><li><div style=\"text-align: left; background-color: #ffffff; margin: 8px; color: #000000; font-size: 10px; background-origin: initial; background-clip: initial;\"><span style=\"font-family: arial,helvetica,sans-serif;\"><span style=\"font-size: small;\">You can request/borrow up to 3 resources at one time.</span></span></div></li><li><div style=\"text-align: left; background-color: #ffffff; margin: 8px; color: #000000; font-size: 10px; background-origin: initial; background-clip: initial;\"><span style=\"font-family: arial,helvetica,sans-serif;\"><span style=\"font-size: small;\">A $20.00 deposit for each resource is required. This deposit will be refunded when the resource is returned within the required timeframe. </span></span><span style=\"font-family: arial,helvetica,sans-serif;\"><span style=\"font-size: small;\">The resources may be borrowed for 28 days after the date you receive them.&nbsp; This allows other members to take advantage of this member benefit too.</span></span></div></li><li><div style=\"text-align: left; background-color: #ffffff; margin: 8px; color: #000000; font-size: 10px; background-origin: initial; background-clip: initial;\"><span style=\"font-family: arial,helvetica,sans-serif;\"><span style=\"font-size: small;\">Please complete the information below and online payment information.</span></span></div></li></ul><p style=\"text-align: left; background-color: #ffffff; margin: 8px; color: #000000; font-size: 10px; background-origin: initial; background-clip: initial;\"><span style=\"font-family: arial,helvetica,sans-serif;\"><span style=\"font-size: small;\">*Any shipping charges (for non-downloadable items) and sales tax will be calculated during the checkout process.</span></span></p></div>',0,20,0,0,'kidney-friendly-comfort-foods-a-collection-of-recipes-for-eating-well-with-chronic-kidney-disease',1,'',5,'',1,0,0,1),
	(410,'Kidney Health Gourmet Diet Guide and Kidney Friendly Recipes for People not on Dialysis ','<div style=\"color: #000000; font-family: Verdana, Arial, Helvetica, sans-serif; font-size: 10px; background-image: initial; background-attachment: initial; background-origin: initial; background-clip: initial; background-color: #ffffff; margin: 8px;\"><p style=\"text-align: center;\"><p style=\"text-align: center;\"><span style=\"font-size: small;\">Kidney Health Gourmet<br /></span><span style=\"font-size: small;\">Diet Guide and Kidney Friendly Recipes for People not on Dialysis<br /></span><span style=\"font-size: small;\">Nina Kolbe, RD, LD, CSR</span></p></p><div style=\"text-align: left; background-color: #ffffff; margin: 8px; color: #000000; font-size: 10px; background-origin: initial; background-clip: initial;\"><span style=\"font-family: arial,helvetica,sans-serif;\"><span style=\"font-size: small;\">To utilize this valuable member benefit and resource, please follow the easy steps listed below:</span></span></div><ul><li><div style=\"text-align: left; background-color: #ffffff; margin: 8px; color: #000000; font-size: 10px; background-origin: initial; background-clip: initial;\"><span style=\"font-family: arial,helvetica,sans-serif;\"><span style=\"font-size: small;\">You can request/borrow up to 3 resources at one time.</span></span></div></li><li><div style=\"text-align: left; background-color: #ffffff; margin: 8px; color: #000000; font-size: 10px; background-origin: initial; background-clip: initial;\"><span style=\"font-family: arial,helvetica,sans-serif;\"><span style=\"font-size: small;\">A $20.00 deposit for each resource is required. This deposit will be refunded when the resource is returned within the required timeframe. </span></span><span style=\"font-family: arial,helvetica,sans-serif;\"><span style=\"font-size: small;\">The resources may be borrowed for 28 days after the date you receive them.&nbsp; This allows other members to take advantage of this member benefit too.</span></span></div></li><li><div style=\"text-align: left; background-color: #ffffff; margin: 8px; color: #000000; font-size: 10px; background-origin: initial; background-clip: initial;\"><span style=\"font-family: arial,helvetica,sans-serif;\"><span style=\"font-size: small;\">Please complete the information below and online payment information.</span></span></div></li></ul><p style=\"text-align: left; background-color: #ffffff; margin: 8px; color: #000000; font-size: 10px; background-origin: initial; background-clip: initial;\"><span style=\"font-family: arial,helvetica,sans-serif;\"><span style=\"font-size: small;\">*Any shipping charges (for non-downloadable items) and sales tax will be calculated during the checkout process.</span></span></p></div>',0,20,0,0,'kidney-health-gourmet-diet-guide-and-kidney-friendly-recipes-for-people-not-on-dialysis',1,'',5,'',1,0,0,1),
	(411,'Kind Cooking for Kidneys','<div style=\"color: #000000; font-family: Verdana, Arial, Helvetica, sans-serif; font-size: 10px; background-image: initial; background-attachment: initial; background-origin: initial; background-clip: initial; background-color: #ffffff; margin: 8px;\"><p style=\"text-align: center;\"><span style=\"font-size: small;\">Kind Cooking for Kidneys<br />NKF of Mississippi</span></p><div style=\"text-align: left; background-color: #ffffff; margin: 8px; color: #000000; font-size: 10px; background-origin: initial; background-clip: initial;\"><span style=\"font-family: arial,helvetica,sans-serif;\"><span style=\"font-size: small;\">To utilize this valuable member benefit and resource, please follow the easy steps listed below:</span></span></div><ul><li><div style=\"text-align: left; background-color: #ffffff; margin: 8px; color: #000000; font-size: 10px; background-origin: initial; background-clip: initial;\"><span style=\"font-family: arial,helvetica,sans-serif;\"><span style=\"font-size: small;\">You can request/borrow up to 3 resources at one time.</span></span></div></li><li><div style=\"text-align: left; background-color: #ffffff; margin: 8px; color: #000000; font-size: 10px; background-origin: initial; background-clip: initial;\"><span style=\"font-family: arial,helvetica,sans-serif;\"><span style=\"font-size: small;\">A $20.00 deposit for each resource is required. This deposit will be refunded when the resource is returned within the required timeframe. </span></span><span style=\"font-family: arial,helvetica,sans-serif;\"><span style=\"font-size: small;\">The resources may be borrowed for 28 days after the date you receive them.&nbsp; This allows other members to take advantage of this member benefit too.</span></span></div></li><li><div style=\"text-align: left; background-color: #ffffff; margin: 8px; color: #000000; font-size: 10px; background-origin: initial; background-clip: initial;\"><span style=\"font-family: arial,helvetica,sans-serif;\"><span style=\"font-size: small;\">Please complete the information below and online payment information.</span></span></div></li></ul><p style=\"text-align: left; background-color: #ffffff; margin: 8px; color: #000000; font-size: 10px; background-origin: initial; background-clip: initial;\"><span style=\"font-family: arial,helvetica,sans-serif;\"><span style=\"font-size: small;\">*Any shipping charges (for non-downloadable items) and sales tax will be calculated during the checkout process.</span></span></p></div>',0,20,0,0,'kind-cooking-for-kidneys',1,'',5,'',1,0,0,1),
	(412,'Now youre Cooking A Resource for people with kidney disease ','<div style=\"color: #000000; font-family: Verdana, Arial, Helvetica, sans-serif; font-size: 10px; background-image: initial; background-attachment: initial; background-origin: initial; background-clip: initial; background-color: #ffffff; margin: 8px;\"><p style=\"text-align: center;\"><p style=\"text-align: center;\"><span style=\"font-size: small;\">Now you&rsquo;re Cooking&hellip;<br /></span><span style=\"font-size: small;\">A Resource for people with kidney disease<br /></span><span style=\"font-size: small;\">CRN of New England</span></p></p><div style=\"text-align: left; background-color: #ffffff; margin: 8px; color: #000000; font-size: 10px; background-origin: initial; background-clip: initial;\"><span style=\"font-family: arial,helvetica,sans-serif;\"><span style=\"font-size: small;\">To utilize this valuable member benefit and resource, please follow the easy steps listed below:</span></span></div><ul><li><div style=\"text-align: left; background-color: #ffffff; margin: 8px; color: #000000; font-size: 10px; background-origin: initial; background-clip: initial;\"><span style=\"font-family: arial,helvetica,sans-serif;\"><span style=\"font-size: small;\">You can request/borrow up to 3 resources at one time.</span></span></div></li><li><div style=\"text-align: left; background-color: #ffffff; margin: 8px; color: #000000; font-size: 10px; background-origin: initial; background-clip: initial;\"><span style=\"font-family: arial,helvetica,sans-serif;\"><span style=\"font-size: small;\">A $20.00 deposit for each resource is required. This deposit will be refunded when the resource is returned within the required timeframe. </span></span><span style=\"font-family: arial,helvetica,sans-serif;\"><span style=\"font-size: small;\">The resources may be borrowed for 28 days after the date you receive them.&nbsp; This allows other members to take advantage of this member benefit too.</span></span></div></li><li><div style=\"text-align: left; background-color: #ffffff; margin: 8px; color: #000000; font-size: 10px; background-origin: initial; background-clip: initial;\"><span style=\"font-family: arial,helvetica,sans-serif;\"><span style=\"font-size: small;\">Please complete the information below and online payment information.</span></span></div></li></ul><p style=\"text-align: left; background-color: #ffffff; margin: 8px; color: #000000; font-size: 10px; background-origin: initial; background-clip: initial;\"><span style=\"font-family: arial,helvetica,sans-serif;\"><span style=\"font-size: small;\">*Any shipping charges (for non-downloadable items) and sales tax will be calculated during the checkout process.</span></span></p></div>',0,20,0,0,'now-youre-cooking-a-resource-for-people-with-kidney-disease',1,'',5,'',1,0,0,1),
	(413,'Recipes from Around the Kitchen (folder)','<div style=\"color: #000000; font-family: Verdana, Arial, Helvetica, sans-serif; font-size: 10px; background-image: initial; background-attachment: initial; background-origin: initial; background-clip: initial; background-color: #ffffff; margin: 8px;\"><p style=\"text-align: center;\"><span style=\"font-size: small;\">Recipes from Around the Kitchen (folder)<br />Patricia A. Franco, MBA, RD, CDN</span></p><div style=\"text-align: left; background-color: #ffffff; margin: 8px; color: #000000; font-size: 10px; background-origin: initial; background-clip: initial;\"><span style=\"font-family: arial,helvetica,sans-serif;\"><span style=\"font-size: small;\">To utilize this valuable member benefit and resource, please follow the easy steps listed below:</span></span></div><ul><li><div style=\"text-align: left; background-color: #ffffff; margin: 8px; color: #000000; font-size: 10px; background-origin: initial; background-clip: initial;\"><span style=\"font-family: arial,helvetica,sans-serif;\"><span style=\"font-size: small;\">You can request/borrow up to 3 resources at one time.</span></span></div></li><li><div style=\"text-align: left; background-color: #ffffff; margin: 8px; color: #000000; font-size: 10px; background-origin: initial; background-clip: initial;\"><span style=\"font-family: arial,helvetica,sans-serif;\"><span style=\"font-size: small;\">A $20.00 deposit for each resource is required. This deposit will be refunded when the resource is returned within the required timeframe. </span></span><span style=\"font-family: arial,helvetica,sans-serif;\"><span style=\"font-size: small;\">The resources may be borrowed for 28 days after the date you receive them.&nbsp; This allows other members to take advantage of this member benefit too.</span></span></div></li><li><div style=\"text-align: left; background-color: #ffffff; margin: 8px; color: #000000; font-size: 10px; background-origin: initial; background-clip: initial;\"><span style=\"font-family: arial,helvetica,sans-serif;\"><span style=\"font-size: small;\">Please complete the information below and online payment information.</span></span></div></li></ul><p style=\"text-align: left; background-color: #ffffff; margin: 8px; color: #000000; font-size: 10px; background-origin: initial; background-clip: initial;\"><span style=\"font-family: arial,helvetica,sans-serif;\"><span style=\"font-size: small;\">*Any shipping charges (for non-downloadable items) and sales tax will be calculated during the checkout process.</span></span></p></div>',0,20,0,0,'recipes-from-around-the-kitchen-folder',1,'',5,'',1,0,0,1),
	(414,'The Eclectic Renal Gourmet','<p style=\"text-align: center;\">&nbsp;<span style=\"font-size: small;\">The Eclectic Renal Gourmet<br />CRN of New England</span></p><div style=\"color: #000000; font-family: Verdana, Arial, Helvetica, sans-serif; font-size: 10px; margin-top: 8px; margin-right: 8px; margin-bottom: 8px; margin-left: 8px; background-image: initial; background-attachment: initial; background-origin: initial; background-clip: initial; background-color: #ffffff; \"><div style=\"text-align: left; background-color: #ffffff; margin: 8px; color: #000000; font-size: 10px; background-origin: initial; background-clip: initial;\"><span style=\"font-family: arial,helvetica,sans-serif;\"><span style=\"font-size: small;\">To utilize this valuable member benefit and resource, please follow the easy steps listed below:</span></span></div><ul><li><div style=\"text-align: left; background-color: #ffffff; margin: 8px; color: #000000; font-size: 10px; background-origin: initial; background-clip: initial;\"><span style=\"font-family: arial,helvetica,sans-serif;\"><span style=\"font-size: small;\">You can request/borrow up to 3 resources at one time.</span></span></div></li><li><div style=\"text-align: left; background-color: #ffffff; margin: 8px; color: #000000; font-size: 10px; background-origin: initial; background-clip: initial;\"><span style=\"font-family: arial,helvetica,sans-serif;\"><span style=\"font-size: small;\">A $20.00 deposit for each resource is required. This deposit will be refunded when the resource is returned within the required timeframe. </span></span><span style=\"font-family: arial,helvetica,sans-serif;\"><span style=\"font-size: small;\">The resources may be borrowed for 28 days after the date you receive them.&nbsp; This allows other members to take advantage of this member benefit too.</span></span></div></li><li><div style=\"text-align: left; background-color: #ffffff; margin: 8px; color: #000000; font-size: 10px; background-origin: initial; background-clip: initial;\"><span style=\"font-family: arial,helvetica,sans-serif;\"><span style=\"font-size: small;\">Please complete the information below and online payment information.</span></span></div></li></ul><p style=\"text-align: left; background-color: #ffffff; margin: 8px; color: #000000; font-size: 10px; background-origin: initial; background-clip: initial;\"><span style=\"font-family: arial,helvetica,sans-serif;\"><span style=\"font-size: small;\">*Any shipping charges (for non-downloadable items) and sales tax will be calculated during the checkout process.</span></span></p></div>',0,20,0,0,'the-eclectic-renal-gourmet',1,'',5,'',1,0,0,1),
	(415,'The Gourmet Renal Cookbook 2nd ed ','<p style=\"text-align: center;\">&nbsp;<span style=\"font-size: small;\">The Gourmet Renal Cookbook, 2nd ed<br />Sharon Stall, RD, MPH</span></p><div style=\"color: #000000; font-family: Verdana, Arial, Helvetica, sans-serif; font-size: 10px; margin-top: 8px; margin-right: 8px; margin-bottom: 8px; margin-left: 8px; background-image: initial; background-attachment: initial; background-origin: initial; background-clip: initial; background-color: #ffffff; \"><div style=\"text-align: left; background-color: #ffffff; margin: 8px; color: #000000; font-size: 10px; background-origin: initial; background-clip: initial;\"><span style=\"font-family: arial,helvetica,sans-serif;\"><span style=\"font-size: small;\">To utilize this valuable member benefit and resource, please follow the easy steps listed below:</span></span></div><ul><li><div style=\"text-align: left; background-color: #ffffff; margin: 8px; color: #000000; font-size: 10px; background-origin: initial; background-clip: initial;\"><span style=\"font-family: arial,helvetica,sans-serif;\"><span style=\"font-size: small;\">You can request/borrow up to 3 resources at one time.</span></span></div></li><li><div style=\"text-align: left; background-color: #ffffff; margin: 8px; color: #000000; font-size: 10px; background-origin: initial; background-clip: initial;\"><span style=\"font-family: arial,helvetica,sans-serif;\"><span style=\"font-size: small;\">A $20.00 deposit for each resource is required. This deposit will be refunded when the resource is returned within the required timeframe. </span></span><span style=\"font-family: arial,helvetica,sans-serif;\"><span style=\"font-size: small;\">The resources may be borrowed for 28 days after the date you receive them.&nbsp; This allows other members to take advantage of this member benefit too.</span></span></div></li><li><div style=\"text-align: left; background-color: #ffffff; margin: 8px; color: #000000; font-size: 10px; background-origin: initial; background-clip: initial;\"><span style=\"font-family: arial,helvetica,sans-serif;\"><span style=\"font-size: small;\">Please complete the information below and online payment information.</span></span></div></li></ul><p style=\"text-align: left; background-color: #ffffff; margin: 8px; color: #000000; font-size: 10px; background-origin: initial; background-clip: initial;\"><span style=\"font-family: arial,helvetica,sans-serif;\"><span style=\"font-size: small;\">*Any shipping charges (for non-downloadable items) and sales tax will be calculated during the checkout process.</span></span></p></div>',0,20,0,0,'the-gourmet-renal-cookbook-2nd-ed',1,'',5,'',1,0,0,1),
	(416,'The Renal Gourmet','<div style=\"color: #000000; font-family: Verdana, Arial, Helvetica, sans-serif; font-size: 10px; background-image: initial; background-attachment: initial; background-origin: initial; background-clip: initial; background-color: #ffffff; margin: 8px;\"><p style=\"text-align: center;\"><span style=\"font-size: small;\">The Renal Gourmet<br />Mardy Peters</span></p><div style=\"text-align: left; background-color: #ffffff; margin: 8px; color: #000000; font-size: 10px; background-origin: initial; background-clip: initial;\"><span style=\"font-family: arial,helvetica,sans-serif;\"><span style=\"font-size: small;\"><span style=\"font-size: small;\">To utilize this valuable member benefit and resource</span>, please follow the easy steps listed below:</span></span></div><ul><li><div style=\"text-align: left; background-color: #ffffff; margin: 8px; color: #000000; font-size: 10px; background-origin: initial; background-clip: initial;\"><span style=\"font-family: arial,helvetica,sans-serif;\"><span style=\"font-size: small;\">You can request/borrow up to 3 resources at one time.</span></span></div></li><li><div style=\"text-align: left; background-color: #ffffff; margin: 8px; color: #000000; font-size: 10px; background-origin: initial; background-clip: initial;\"><span style=\"font-family: arial,helvetica,sans-serif;\"><span style=\"font-size: small;\">A $20.00 deposit for each resource is required. This deposit will be refunded when the resource is returned within the required timeframe. </span></span><span style=\"font-family: arial,helvetica,sans-serif;\"><span style=\"font-size: small;\">The resources may be borrowed for 28 days after the date you receive them.&nbsp; This allows other members to take advantage of this member benefit too.</span></span></div></li><li><div style=\"text-align: left; background-color: #ffffff; margin: 8px; color: #000000; font-size: 10px; background-origin: initial; background-clip: initial;\"><span style=\"font-family: arial,helvetica,sans-serif;\"><span style=\"font-size: small;\">Please complete the information below and online payment information.</span></span></div></li></ul><p style=\"text-align: left; background-color: #ffffff; margin: 8px; color: #000000; font-size: 10px; background-origin: initial; background-clip: initial;\"><span style=\"font-family: arial,helvetica,sans-serif;\"><span style=\"font-size: small;\">*Any shipping charges (for non-downloadable items) and sales tax will be calculated during the checkout process.</span></span></p></div>',0,20,0,0,'the-renal-gourmet',1,'',5,'',1,0,0,1),
	(417,'What Can I Eat? A Nutritional Guide for Persons with Kidney Disease ','<p style=\"text-align: center;\">&nbsp;<span style=\"font-size: small;\">What Can I Eat?<br />A Nutritional Guide for Persons with Kidney Disease<br />Cynthia A. DeMotte, RD, MPH<br />California Dietetic Association</span></p><div style=\"color: #000000; font-family: Verdana, Arial, Helvetica, sans-serif; font-size: 10px; background-image: initial; background-attachment: initial; background-origin: initial; background-clip: initial; background-color: #ffffff; margin: 8px;\"><div style=\"text-align: left; background-color: #ffffff; margin: 8px; color: #000000; font-size: 10px; background-origin: initial; background-clip: initial;\"><span style=\"font-family: arial,helvetica,sans-serif;\"><span style=\"font-size: small;\">To utilize this valuable member benefit and resource, please follow the easy steps listed below:</span></span></div><ul><li><div style=\"text-align: left; background-color: #ffffff; margin: 8px; color: #000000; font-size: 10px; background-origin: initial; background-clip: initial;\"><strong><span style=\"font-family: arial,helvetica,sans-serif;\"><span style=\"font-size: small;\">A $20.00 deposit for each resource is required. This deposit will be refunded when the resource is returned within the required timeframe. </span></span><span style=\"font-family: arial,helvetica,sans-serif;\"><span style=\"font-size: small;\">The resources may be borrowed for 28 days after the date you receive them.&nbsp; This allows other members to take advantage of this member benefit too.</span></span></strong></div></li><li><div style=\"text-align: left; background-color: #ffffff; margin: 8px; color: #000000; font-size: 10px; background-origin: initial; background-clip: initial;\"><span style=\"font-family: arial,helvetica,sans-serif;\"><span style=\"font-size: small;\">Please complete the information below and online payment information.</span></span></div></li></ul></div>',0,20,0,0,'what-can-i-eat-a-nutritional-guide-for-persons-with-kidney-disease',1,'',5,'',1,0,0,1),
	(418,'ACSM Exercise Management  for persons with Chronic Disease and Disabilities ','<div style=\"color: #000000; font-family: Verdana, Arial, Helvetica, sans-serif; font-size: 10px; background-image: initial; background-attachment: initial; background-origin: initial; background-clip: initial; background-color: #ffffff; margin: 8px;\"><p style=\"text-align: center;\"><p style=\"text-align: center;\"><span style=\"font-size: small;\">ACSM Exercise Management&nbsp;<br /></span><span style=\"font-size: small;\">for persons with Chronic Disease and Disabilities<br /></span><span style=\"font-size: small;\">American College of Sports Medicine&nbsp;</span></p></p><div style=\"text-align: left; background-color: #ffffff; margin: 8px; color: #000000; font-size: 10px; background-origin: initial; background-clip: initial;\"><span style=\"font-family: arial,helvetica,sans-serif;\"><span style=\"font-size: small;\">To utilize this valuable member benefit and resource, please follow the easy steps listed below:</span></span></div><ul><li><div style=\"text-align: left; background-color: #ffffff; margin: 8px; color: #000000; font-size: 10px; background-origin: initial; background-clip: initial;\"><span style=\"font-family: arial,helvetica,sans-serif;\"><span style=\"font-size: small;\">You can request/borrow up to 3 resources at one time.</span></span></div></li><li><div style=\"text-align: left; background-color: #ffffff; margin: 8px; color: #000000; font-size: 10px; background-origin: initial; background-clip: initial;\"><span style=\"font-family: arial,helvetica,sans-serif;\"><span style=\"font-size: small;\">A $20.00 deposit for each resource is required. This deposit will be refunded when the resource is returned within the required timeframe. </span></span><span style=\"font-family: arial,helvetica,sans-serif;\"><span style=\"font-size: small;\">The resources may be borrowed for 28 days after the date you receive them.&nbsp; This allows other members to take advantage of this member benefit too.</span></span></div></li><li><div style=\"text-align: left; background-color: #ffffff; margin: 8px; color: #000000; font-size: 10px; background-origin: initial; background-clip: initial;\"><span style=\"font-family: arial,helvetica,sans-serif;\"><span style=\"font-size: small;\">Please complete the information below and online payment information.</span></span></div></li></ul><p style=\"text-align: left; background-color: #ffffff; margin: 8px; color: #000000; font-size: 10px; background-origin: initial; background-clip: initial;\"><span style=\"font-family: arial,helvetica,sans-serif;\"><span style=\"font-size: small;\">*Any shipping charges (for non-downloadable items) and sales tax will be calculated during the checkout process.</span></span></p></div>',0,20,0,0,'acsm-exercise-management-for-persons-with-chronic-disease-and-disabilities',1,'',6,'',1,0,0,1),
	(419,'ACSM Fitness Book 2nd Ed. ','<div style=\"color: #000000; font-family: Verdana, Arial, Helvetica, sans-serif; font-size: 10px; background-image: initial; background-attachment: initial; background-origin: initial; background-clip: initial; background-color: #ffffff; margin: 8px;\"><p style=\"text-align: center;\"><span style=\"font-size: small;\">ACSM Fitness Book 2nd Ed.<br />American College of Sports Medicine</span></p><div style=\"text-align: left; background-color: #ffffff; margin: 8px; color: #000000; font-size: 10px; background-origin: initial; background-clip: initial;\"><span style=\"font-family: arial,helvetica,sans-serif;\"><span style=\"font-size: small;\">To utilize this valuable member benefit and resource, please follow the easy steps listed below:</span></span></div><ul><li><div style=\"text-align: left; background-color: #ffffff; margin: 8px; color: #000000; font-size: 10px; background-origin: initial; background-clip: initial;\"><span style=\"font-family: arial,helvetica,sans-serif;\"><span style=\"font-size: small;\">You can request/borrow up to 3 resources at one time.</span></span></div></li><li><div style=\"text-align: left; background-color: #ffffff; margin: 8px; color: #000000; font-size: 10px; background-origin: initial; background-clip: initial;\"><span style=\"font-family: arial,helvetica,sans-serif;\"><span style=\"font-size: small;\">A $20.00 deposit for each resource is required. This deposit will be refunded when the resource is returned within the required timeframe. </span></span><span style=\"font-family: arial,helvetica,sans-serif;\"><span style=\"font-size: small;\">The resources may be borrowed for 28 days after the date you receive them.&nbsp; This allows other members to take advantage of this member benefit too.</span></span></div></li><li><div style=\"text-align: left; background-color: #ffffff; margin: 8px; color: #000000; font-size: 10px; background-origin: initial; background-clip: initial;\"><span style=\"font-family: arial,helvetica,sans-serif;\"><span style=\"font-size: small;\">Please complete the information below and online payment information.</span></span></div></li></ul><p style=\"text-align: left; background-color: #ffffff; margin: 8px; color: #000000; font-size: 10px; background-origin: initial; background-clip: initial;\"><span style=\"font-family: arial,helvetica,sans-serif;\"><span style=\"font-size: small;\">*Any shipping charges (for non-downloadable items) and sales tax will be calculated during the checkout process.</span></span></p></div>',0,20,0,0,'acsm-fitness-book-2nd-ed',1,'',6,'',1,0,0,1),
	(420,'Oxalate Content of Selected Foods','<div style=\"color: #000000; font-family: Verdana, Arial, Helvetica, sans-serif; font-size: 10px; background-image: initial; background-attachment: initial; background-origin: initial; background-clip: initial; background-color: #ffffff; margin: 8px;\"><p style=\"text-align: center;\"><span style=\"font-size: small;\">Oxalate Content of Selected Foods<br />University of CA</span></p><div style=\"text-align: left; background-color: #ffffff; margin: 8px; color: #000000; font-size: 10px; background-origin: initial; background-clip: initial;\"><span style=\"font-family: arial,helvetica,sans-serif;\"><span style=\"font-size: small;\"><span style=\"font-size: small;\">To utilize this valuable member benefit and </span>resource, please follow the easy steps listed below:</span></span></div><ul><li><div style=\"text-align: left; background-color: #ffffff; margin: 8px; color: #000000; font-size: 10px; background-origin: initial; background-clip: initial;\"><span style=\"font-family: arial,helvetica,sans-serif;\"><span style=\"font-size: small;\">You can request/borrow up to 3 resources at one time.</span></span></div></li><li><div style=\"text-align: left; background-color: #ffffff; margin: 8px; color: #000000; font-size: 10px; background-origin: initial; background-clip: initial;\"><span style=\"font-family: arial,helvetica,sans-serif;\"><span style=\"font-size: small;\">A $20.00 deposit for each resource is required. This deposit will be refunded when the resource is returned within the required timeframe. </span></span><span style=\"font-family: arial,helvetica,sans-serif;\"><span style=\"font-size: small;\">The resources may be borrowed for 28 days after the date you receive them.&nbsp; This allows other members to take advantage of this member benefit too.</span></span></div></li><li><div style=\"text-align: left; background-color: #ffffff; margin: 8px; color: #000000; font-size: 10px; background-origin: initial; background-clip: initial;\"><span style=\"font-family: arial,helvetica,sans-serif;\"><span style=\"font-size: small;\">Please complete the information below and online payment information.</span></span></div></li></ul><p style=\"text-align: left; background-color: #ffffff; margin: 8px; color: #000000; font-size: 10px; background-origin: initial; background-clip: initial;\"><span style=\"font-family: arial,helvetica,sans-serif;\"><span style=\"font-size: small;\">*Any shipping charges (for non-downloadable items) and sales tax will be calculated during the checkout process.</span></span></p></div>',0,20,0,0,'oxalate-content-of-selected-foods',1,'',7,'',1,0,0,1),
	(421,'No More Kidney Stones','<div style=\"color: #000000; font-family: Verdana, Arial, Helvetica, sans-serif; font-size: 10px; background-image: initial; background-attachment: initial; background-origin: initial; background-clip: initial; background-color: #ffffff; margin: 8px;\"><p style=\"text-align: center;\"><span style=\"font-size: small;\">No More Kidney Stones<br /></span><span style=\"font-size: small;\">John S. Rodman, MD,&nbsp;<br /></span><span style=\"font-size: small;\">Cynthia Seidman, MS, RD, Rory Jones</span></p><div style=\"text-align: left; background-color: #ffffff; margin: 8px; color: #000000; font-size: 10px; background-origin: initial; background-clip: initial;\"><span style=\"font-family: arial,helvetica,sans-serif;\"><span style=\"font-size: small;\">To utilize this valuable member benefit and resource, please follow the easy steps listed below:</span></span></div><ul><li><div style=\"text-align: left; background-color: #ffffff; margin: 8px; color: #000000; font-size: 10px; background-origin: initial; background-clip: initial;\"><span style=\"font-family: arial,helvetica,sans-serif;\"><span style=\"font-size: small;\">You can request/borrow up to 3 resources at one time.</span></span></div></li><li><div style=\"text-align: left; background-color: #ffffff; margin: 8px; color: #000000; font-size: 10px; background-origin: initial; background-clip: initial;\"><span style=\"font-family: arial,helvetica,sans-serif;\"><span style=\"font-size: small;\">A $20.00 deposit for each resource is required. This deposit will be refunded when the resource is returned within the required timeframe. </span></span><span style=\"font-family: arial,helvetica,sans-serif;\"><span style=\"font-size: small;\">The resources may be borrowed for 28 days after the date you receive them.&nbsp; This allows other members to take advantage of this member benefit too.</span></span></div></li><li><div style=\"text-align: left; background-color: #ffffff; margin: 8px; color: #000000; font-size: 10px; background-origin: initial; background-clip: initial;\"><span style=\"font-family: arial,helvetica,sans-serif;\"><span style=\"font-size: small;\">Please complete the information below and online payment information.</span></span></div></li></ul><p style=\"text-align: left; background-color: #ffffff; margin: 8px; color: #000000; font-size: 10px; background-origin: initial; background-clip: initial;\"><span style=\"font-family: arial,helvetica,sans-serif;\"><span style=\"font-size: small;\">*Any shipping charges (for non-downloadable items) and sales tax will be calculated during the checkout process.</span></span></p></div>',0,20,0,0,'no-more-kidney-stones',1,'',7,'',1,0,0,1),
	(422,'Integrative Medicine: Your Quick Reference Guide. 1st Ed (binder) ','<p style=\"text-align: center;\"><span style=\"font-size: small;\">Integrative Medicine: </span><span style=\"font-size: small;\">Your Quick Reference Guide. 1st Ed (binder)<br /></span><span style=\"font-size: small;\">Carol M. Cughlin, RD,&nbsp;<br /></span><span style=\"font-size: small;\">Ruth M. DeBusk, RD, PhD</span></p><div style=\"color: #000000; font-family: Verdana, Arial, Helvetica, sans-serif; font-size: 10px; margin-top: 8px; margin-right: 8px; margin-bottom: 8px; margin-left: 8px; background-image: initial; background-attachment: initial; background-origin: initial; background-clip: initial; background-color: #ffffff; \"><div style=\"text-align: left; background-color: #ffffff; margin: 8px; color: #000000; font-size: 10px; background-origin: initial; background-clip: initial;\"><span style=\"font-family: arial,helvetica,sans-serif;\"><span style=\"font-size: small;\">To utilize this valuable member benefit and resource, please follow the easy steps listed below:</span></span></div><ul><li><div style=\"text-align: left; background-color: #ffffff; margin: 8px; color: #000000; font-size: 10px; background-origin: initial; background-clip: initial;\"><span style=\"font-family: arial,helvetica,sans-serif;\"><span style=\"font-size: small;\">You can request/borrow up to 3 resources at one time.</span></span></div></li><li><div style=\"text-align: left; background-color: #ffffff; margin: 8px; color: #000000; font-size: 10px; background-origin: initial; background-clip: initial;\"><span style=\"font-family: arial,helvetica,sans-serif;\"><span style=\"font-size: small;\">A $20.00 deposit for each resource is required. This deposit will be refunded when the resource is returned within the required timeframe. </span></span><span style=\"font-family: arial,helvetica,sans-serif;\"><span style=\"font-size: small;\">The resources may be borrowed for 28 days after the date you receive them.&nbsp; This allows other members to take advantage of this member benefit too.</span></span></div></li><li><div style=\"text-align: left; background-color: #ffffff; margin: 8px; color: #000000; font-size: 10px; background-origin: initial; background-clip: initial;\"><span style=\"font-family: arial,helvetica,sans-serif;\"><span style=\"font-size: small;\">Please complete the information below and online payment information.</span></span></div></li></ul><p style=\"text-align: left; background-color: #ffffff; margin: 8px; color: #000000; font-size: 10px; background-origin: initial; background-clip: initial;\"><span style=\"font-family: arial,helvetica,sans-serif;\"><span style=\"font-size: small;\">*Any shipping charges (for non-downloadable items) and sales tax will be calculated during the checkout process.</span></span></p></div>',0,20,0,0,'integrative-medicine-your-quick-reference-guide-1st-ed-binder',1,'',8,'',1,0,0,1),
	(423,'Professionals Handbook of Complementary and Alternative Medicines ','<div style=\"color: #000000; font-family: Verdana, Arial, Helvetica, sans-serif; font-size: 10px; background-image: initial; background-attachment: initial; background-origin: initial; background-clip: initial; background-color: #ffffff; margin: 8px;\"><p style=\"text-align: center;\"><span style=\"font-size: small;\">Professional&rsquo;s Handbook of Complementary and Alternative Medicines&nbsp;<br /></span><p style=\"text-align: center;\"><span style=\"font-size: small;\">Charles W. Fetrow, Pharm D.,</span></p><p style=\"text-align: center;\"><span style=\"font-size: small;\">Juan R. Avila, Pharm D.</span></p></p><div style=\"text-align: left; background-color: #ffffff; margin: 8px; color: #000000; font-size: 10px; background-origin: initial; background-clip: initial;\"><span style=\"font-family: arial,helvetica,sans-serif;\"><span style=\"font-size: small;\">To utilize this valuable member benefit and resource, please follow the easy steps listed below:</span></span></div><ul><li><div style=\"text-align: left; background-color: #ffffff; margin: 8px; color: #000000; font-size: 10px; background-origin: initial; background-clip: initial;\"><span style=\"font-family: arial,helvetica,sans-serif;\"><span style=\"font-size: small;\">You can request/borrow up to 3 resources at one time.</span></span></div></li><li><div style=\"text-align: left; background-color: #ffffff; margin: 8px; color: #000000; font-size: 10px; background-origin: initial; background-clip: initial;\"><span style=\"font-family: arial,helvetica,sans-serif;\"><span style=\"font-size: small;\">A $20.00 deposit for each resource is required. This deposit will be refunded when the resource is returned within the required timeframe. </span></span><span style=\"font-family: arial,helvetica,sans-serif;\"><span style=\"font-size: small;\">The resources may be borrowed for 28 days after the date you receive them.&nbsp; This allows other members to take advantage of this member benefit too.</span></span></div></li><li><div style=\"text-align: left; background-color: #ffffff; margin: 8px; color: #000000; font-size: 10px; background-origin: initial; background-clip: initial;\"><span style=\"font-family: arial,helvetica,sans-serif;\"><span style=\"font-size: small;\">Please complete the information below and online payment information.</span></span></div></li></ul><p style=\"text-align: left; background-color: #ffffff; margin: 8px; color: #000000; font-size: 10px; background-origin: initial; background-clip: initial;\"><span style=\"font-family: arial,helvetica,sans-serif;\"><span style=\"font-size: small;\">*Any shipping charges (for non-downloadable items) and sales tax will be calculated during the checkout process.</span></span></p></div>',0,20,0,0,'professionals-handbook-of-complementary-and-alternative-medicines',1,'',8,'',1,0,0,1),
	(424,'Handbooks: Handbook of Dialysis 3rd Ed','<div style=\"BACKGROUND-COLOR: #ffffff; MARGIN: 8px; FONT-FAMILY: Verdana, Arial, Helvetica, sans-serif; COLOR: #000000; FONT-SIZE: 10px; background-origin: initial; background-clip: initial\"><p style=\"text-align: center;\"><span style=\"font-size: small;\">Handbooks: Handbook of Dialysis 3rd Ed <br />John T. Daugirdas, Peter G. Blak, <br />Todd S. Ing</span></p><div style=\"text-align: left; background-color: #ffffff; margin: 8px; color: #000000; font-size: 10px; background-origin: initial; background-clip: initial;\"><span style=\"font-family: arial,helvetica,sans-serif;\"><span style=\"font-size: small;\">To utilize this valuable member benefit and resource, please follow the easy steps listed below:</span></span></div><ul><li><div style=\"text-align: left; background-color: #ffffff; margin: 8px; color: #000000; font-size: 10px; background-origin: initial; background-clip: initial;\"><span style=\"font-family: arial,helvetica,sans-serif;\"><span style=\"font-size: small;\">You can request/borrow up to 3 resources at one time.</span></span></div></li><li><div style=\"text-align: left; background-color: #ffffff; margin: 8px; color: #000000; font-size: 10px; background-origin: initial; background-clip: initial;\"><span style=\"font-family: arial,helvetica,sans-serif;\"><span style=\"font-size: small;\">A $20.00 deposit for each resource is required. This deposit will be refunded when the resource is returned within the required timeframe. </span></span><span style=\"font-family: arial,helvetica,sans-serif;\"><span style=\"font-size: small;\">The resources may be borrowed for 28 days after the date you receive them.&nbsp; This allows other members to take advantage of this member benefit too.</span></span></div></li><li><div style=\"text-align: left; background-color: #ffffff; margin: 8px; color: #000000; font-size: 10px; background-origin: initial; background-clip: initial;\"><span style=\"font-family: arial,helvetica,sans-serif;\"><span style=\"font-size: small;\">Please complete the information below and online payment information.</span></span></div></li></ul><p style=\"text-align: left; background-color: #ffffff; margin: 8px; color: #000000; font-size: 10px; background-origin: initial; background-clip: initial;\"><span style=\"font-family: arial,helvetica,sans-serif;\"><span style=\"font-size: small;\">*Any shipping charges (for non-downloadable items) and sales tax will be calculated during the checkout process.</span></span></p></div>',0,20,0,0,'handbooks-handbook-of-dialysis-3rd-ed',1,'',9,'',1,0,0,1),
	(425,'Handbooks: Handbook on Nutrition and Kidney 3rd Ed','<div style=\"background-color: #ffffff; margin: 8px; font-family: Verdana, Arial, Helvetica, sans-serif; color: #000000; font-size: 10px; background-origin: initial; background-clip: initial;\"><p style=\"text-align: center;\"><span style=\"font-size: small;\">Handbook on Nutrition and Kidney 3rd Ed<br />William E. Mitch and Saulo Klahr</span></p><div style=\"text-align: left; background-color: #ffffff; margin: 8px; color: #000000; font-size: 10px; background-origin: initial; background-clip: initial;\"><span style=\"font-family: arial,helvetica,sans-serif;\"><span style=\"font-size: small;\">To utilize this valuable member benefit and resource, please follow the easy steps listed below:</span></span></div><ul><li><div style=\"text-align: left; background-color: #ffffff; margin: 8px; color: #000000; font-size: 10px; background-origin: initial; background-clip: initial;\"><span style=\"font-family: arial,helvetica,sans-serif;\"><span style=\"font-size: small;\">You can request/borrow up to 3 resources at one time.</span></span></div></li><li><div style=\"text-align: left; background-color: #ffffff; margin: 8px; color: #000000; font-size: 10px; background-origin: initial; background-clip: initial;\"><span style=\"font-family: arial,helvetica,sans-serif;\"><span style=\"font-size: small;\">A $20.00 deposit for each resource is required. This deposit will be refunded when the resource is returned within the required timeframe. </span></span><span style=\"font-family: arial,helvetica,sans-serif;\"><span style=\"font-size: small;\">The resources may be borrowed for 28 days after the date you receive them.&nbsp; This allows other members to take advantage of this member benefit too.</span></span></div></li><li><div style=\"text-align: left; background-color: #ffffff; margin: 8px; color: #000000; font-size: 10px; background-origin: initial; background-clip: initial;\"><span style=\"font-family: arial,helvetica,sans-serif;\"><span style=\"font-size: small;\">Please complete the information below and online payment information.</span></span></div></li></ul><p style=\"text-align: left; background-color: #ffffff; margin: 8px; color: #000000; font-size: 10px; background-origin: initial; background-clip: initial;\"><span style=\"font-family: arial,helvetica,sans-serif;\"><span style=\"font-size: small;\">*Any shipping charges (for non-downloadable items) and sales tax will be calculated during the checkout process.</span></span></p></div>',0,20,0,0,'handbooks-handbook-on-nutrition-and-kidney-3rd-ed',1,'',9,'',1,0,0,1),
	(426,'Handbooks: Handbook on Nutrition and Kidney 5th Ed','<div style=\"background-color: #ffffff; margin: 8px; font-family: Verdana, Arial, Helvetica, sans-serif; color: #000000; font-size: 10px; background-origin: initial; background-clip: initial;\"><p style=\"text-align: center;\"><span style=\"font-size: small;\">Handbook on Nutrition and Kidney 5th Ed<br />William E. Mitch and Saulo Klahr</span></p><div style=\"text-align: left; background-color: #ffffff; margin: 8px; color: #000000; font-size: 10px; background-origin: initial; background-clip: initial;\"><span style=\"font-family: arial,helvetica,sans-serif;\"><span style=\"font-size: small;\">To utilize this valuable member benefit and resource, please follow the easy steps listed below:</span></span></div><ul><li><div style=\"text-align: left; background-color: #ffffff; margin: 8px; color: #000000; font-size: 10px; background-origin: initial; background-clip: initial;\"><span style=\"font-family: arial,helvetica,sans-serif;\"><span style=\"font-size: small;\">You can request/borrow up to 3 resources at one time.</span></span></div></li><li><div style=\"text-align: left; background-color: #ffffff; margin: 8px; color: #000000; font-size: 10px; background-origin: initial; background-clip: initial;\"><span style=\"font-family: arial,helvetica,sans-serif;\"><span style=\"font-size: small;\">A $20.00 deposit for each resource is required. This deposit will be refunded when the resource is returned within the required timeframe. </span></span><span style=\"font-family: arial,helvetica,sans-serif;\"><span style=\"font-size: small;\">The resources may be borrowed for 28 days after the date you receive them.&nbsp; This allows other members to take advantage of this member benefit too.</span></span></div></li><li><div style=\"text-align: left; background-color: #ffffff; margin: 8px; color: #000000; font-size: 10px; background-origin: initial; background-clip: initial;\"><span style=\"font-family: arial,helvetica,sans-serif;\"><span style=\"font-size: small;\">Please complete the information below and online payment information.</span></span></div></li></ul><p style=\"text-align: left; background-color: #ffffff; margin: 8px; color: #000000; font-size: 10px; background-origin: initial; background-clip: initial;\"><span style=\"font-family: arial,helvetica,sans-serif;\"><span style=\"font-size: small;\">*Any shipping charges (for non-downloadable items) and sales tax will be calculated during the checkout process.</span></span></p></div>',0,20,0,0,'handbooks-handbook-on-nutrition-and-kidney-5th-ed',1,'',9,'',1,0,0,1),
	(427,'Handbooks: Renal Handbook of Nutrition for Dietitians (binder)','<div style=\"BACKGROUND-COLOR: #ffffff; MARGIN: 8px; FONT-FAMILY: Verdana, Arial, Helvetica, sans-serif; COLOR: #000000; FONT-SIZE: 10px; background-origin: initial; background-clip: initial\"><p style=\"text-align: center;\"><span style=\"font-size: small;\">Handbooks: Renal Handbook of Nutrition for Dietitians (binder)<br />CRN of New England</span></p><div style=\"text-align: left; background-color: #ffffff; margin: 8px; color: #000000; font-size: 10px; background-origin: initial; background-clip: initial;\"><span style=\"font-family: arial,helvetica,sans-serif;\"><span style=\"font-size: small;\"><span style=\"font-size: small;\">To utilize this valuable member benefit and</span> resource, please follow the easy steps listed below:</span></span></div><ul><li><div style=\"text-align: left; background-color: #ffffff; margin: 8px; color: #000000; font-size: 10px; background-origin: initial; background-clip: initial;\"><span style=\"font-family: arial,helvetica,sans-serif;\"><span style=\"font-size: small;\">You can request/borrow up to 3 resources at one time.</span></span></div></li><li><div style=\"text-align: left; background-color: #ffffff; margin: 8px; color: #000000; font-size: 10px; background-origin: initial; background-clip: initial;\"><span style=\"font-family: arial,helvetica,sans-serif;\"><span style=\"font-size: small;\">A $20.00 deposit for each resource is required. This deposit will be refunded when the resource is returned within the required timeframe. </span></span><span style=\"font-family: arial,helvetica,sans-serif;\"><span style=\"font-size: small;\">The resources may be borrowed for 28 days after the date you receive them.&nbsp; This allows other members to take advantage of this member benefit too.</span></span></div></li><li><div style=\"text-align: left; background-color: #ffffff; margin: 8px; color: #000000; font-size: 10px; background-origin: initial; background-clip: initial;\"><span style=\"font-family: arial,helvetica,sans-serif;\"><span style=\"font-size: small;\">Please complete the information below and online payment information.</span></span></div></li></ul><p style=\"text-align: left; background-color: #ffffff; margin: 8px; color: #000000; font-size: 10px; background-origin: initial; background-clip: initial;\"><span style=\"font-family: arial,helvetica,sans-serif;\"><span style=\"font-size: small;\">*Any shipping charges (for non-downloadable items) and sales tax will be calculated during the checkout process.</span></span></p></div>',0,20,0,0,'handbooks-renal-handbook-of-nutrition-for-dietitians-binder',1,'',9,'',1,0,0,1),
	(428,'Nutritional Management: Getting to Goal: A Multidisciplinary Approach to Phosphorus Management','<div style=\"background-color: #ffffff; margin: 8px; font-family: Verdana, Arial, Helvetica, sans-serif; color: #000000; font-size: 10px; background-origin: initial; background-clip: initial;\"><p style=\"text-align: center;\"><span style=\"font-size: small;\">Nutritional Management: Getting to Goal: A Multidisciplinary Approach to Phosphorus Management<br />National Kidney Foundation<br />Kidney Learning Systems (KLS)</span></p><div style=\"text-align: left; background-color: #ffffff; margin: 8px; color: #000000; font-size: 10px; background-origin: initial; background-clip: initial;\"><span style=\"font-family: arial,helvetica,sans-serif;\"><span style=\"font-size: small;\">To utilize this valuable member benefit and resource, please follow the easy steps listed below:</span></span></div><ul><li><div style=\"text-align: left; background-color: #ffffff; margin: 8px; color: #000000; font-size: 10px; background-origin: initial; background-clip: initial;\"><span style=\"font-family: arial,helvetica,sans-serif;\"><span style=\"font-size: small;\">You can request/borrow up to 3 resources at one time.</span></span></div></li><li><div style=\"text-align: left; background-color: #ffffff; margin: 8px; color: #000000; font-size: 10px; background-origin: initial; background-clip: initial;\"><span style=\"font-family: arial,helvetica,sans-serif;\"><span style=\"font-size: small;\">A $20.00 deposit for each resource is required. This deposit will be refunded when the resource is returned within the required timeframe. </span></span><span style=\"font-family: arial,helvetica,sans-serif;\"><span style=\"font-size: small;\">The resources may be borrowed for 28 days after the date you receive them.&nbsp; This allows other members to take advantage of this member benefit too.</span></span></div></li><li><div style=\"text-align: left; background-color: #ffffff; margin: 8px; color: #000000; font-size: 10px; background-origin: initial; background-clip: initial;\"><span style=\"font-family: arial,helvetica,sans-serif;\"><span style=\"font-size: small;\">Please complete the information below and online payment information.</span></span></div></li></ul><p style=\"text-align: left; background-color: #ffffff; margin: 8px; color: #000000; font-size: 10px; background-origin: initial; background-clip: initial;\"><span style=\"font-family: arial,helvetica,sans-serif;\"><span style=\"font-size: small;\">*Any shipping charges (for non-downloadable items) and sales tax will be calculated during the checkout process.</span></span></p></div>',0,20,0,0,'nutritional-management-getting-to-goal-a-multidisciplinary-approach-to-phosphorus-management',1,'',9,'',1,0,0,1),
	(429,'Nutritional Management: Manual of Clinical Dietetics 6th Ed (binder)','<div style=\"BACKGROUND-COLOR: #ffffff; MARGIN: 8px; FONT-FAMILY: Verdana, Arial, Helvetica, sans-serif; COLOR: #000000; FONT-SIZE: 10px; background-origin: initial; background-clip: initial\"><p style=\"text-align: center;\"><span style=\"font-size: small;\">Nutritional Management: Manual of Clinical Dietetics 6th Ed (binder)<br />American Dietetic Association</span></p><div style=\"text-align: left; background-color: #ffffff; margin: 8px; color: #000000; font-size: 10px; background-origin: initial; background-clip: initial;\"><span style=\"font-family: arial,helvetica,sans-serif;\"><span style=\"font-size: small;\">To utilize this valuable member benefit and resource, please follow the easy steps listed below:</span></span></div><ul><li><div style=\"text-align: left; background-color: #ffffff; margin: 8px; color: #000000; font-size: 10px; background-origin: initial; background-clip: initial;\"><span style=\"font-family: arial,helvetica,sans-serif;\"><span style=\"font-size: small;\">You can request/borrow up to 3 resources at one time.</span></span></div></li><li><div style=\"text-align: left; background-color: #ffffff; margin: 8px; color: #000000; font-size: 10px; background-origin: initial; background-clip: initial;\"><span style=\"font-family: arial,helvetica,sans-serif;\"><span style=\"font-size: small;\">A $20.00 deposit for each resource is required. This deposit will be refunded when the resource is returned within the required timeframe. </span></span><span style=\"font-family: arial,helvetica,sans-serif;\"><span style=\"font-size: small;\">The resources may be borrowed for 28 days after the date you receive them.&nbsp; This allows other members to take advantage of this member benefit too.</span></span></div></li><li><div style=\"text-align: left; background-color: #ffffff; margin: 8px; color: #000000; font-size: 10px; background-origin: initial; background-clip: initial;\"><span style=\"font-family: arial,helvetica,sans-serif;\"><span style=\"font-size: small;\">Please complete the information below and online payment information.</span></span></div></li></ul><p style=\"text-align: left; background-color: #ffffff; margin: 8px; color: #000000; font-size: 10px; background-origin: initial; background-clip: initial;\"><span style=\"font-family: arial,helvetica,sans-serif;\"><span style=\"font-size: small;\">*Any shipping charges (for non-downloadable items) and sales tax will be calculated during the checkout process.</span></span></p></div>',0,20,0,0,'nutritional-management-manual-of-clinical-dietetics-6th-ed-binder',1,'',9,'',1,0,0,1),
	(430,'Nutritional Management: Medical Nutrition Therapy for Renal Disease 2nd Ed','<div style=\"background-color: #ffffff; margin: 8px; font-family: Verdana, Arial, Helvetica, sans-serif; color: #000000; font-size: 10px; background-origin: initial; background-clip: initial;\"><p style=\"text-align: center;\"><span style=\"font-size: small;\">Nutritional Management: Medical Nutrition Therapy for Renal Disease 2nd Ed<br />Laura Byham-Gray, PhD, RD, CNSD</span></p><div style=\"text-align: left; background-color: #ffffff; margin: 8px; color: #000000; font-size: 10px; background-origin: initial; background-clip: initial;\"><span style=\"font-family: arial,helvetica,sans-serif;\"><span style=\"font-size: small;\">To utilize this valuable member benefit and resource, please follow the easy steps listed below:</span></span></div><ul><li><div style=\"text-align: left; background-color: #ffffff; margin: 8px; color: #000000; font-size: 10px; background-origin: initial; background-clip: initial;\"><span style=\"font-family: arial,helvetica,sans-serif;\"><span style=\"font-size: small;\">You can request/borrow up to 3 resources at one time.</span></span></div></li><li><div style=\"text-align: left; background-color: #ffffff; margin: 8px; color: #000000; font-size: 10px; background-origin: initial; background-clip: initial;\"><span style=\"font-family: arial,helvetica,sans-serif;\"><span style=\"font-size: small;\">A $20.00 deposit for each resource is required. This deposit will be refunded when the resource is returned within the required timeframe. </span></span><span style=\"font-family: arial,helvetica,sans-serif;\"><span style=\"font-size: small;\">The resources may be borrowed for 28 days after the date you receive them.&nbsp; This allows other members to take advantage of this member benefit too.</span></span></div></li><li><div style=\"text-align: left; background-color: #ffffff; margin: 8px; color: #000000; font-size: 10px; background-origin: initial; background-clip: initial;\"><span style=\"font-family: arial,helvetica,sans-serif;\"><span style=\"font-size: small;\">Please complete the information below and online payment information.</span></span></div></li></ul><p style=\"text-align: left; background-color: #ffffff; margin: 8px; color: #000000; font-size: 10px; background-origin: initial; background-clip: initial;\"><span style=\"font-family: arial,helvetica,sans-serif;\"><span style=\"font-size: small;\">*Any shipping charges (for non-downloadable items) and sales tax will be calculated during the checkout process.</span></span></p></div>',0,20,0,0,'nutritional-management-medical-nutrition-therapy-for-renal-disease-2nd-ed',1,'',9,'',1,0,0,1),
	(431,'Nutritional Management: Nutritional Management of Renal Disease 2nd Ed','<div style=\"background-color: #ffffff; margin: 8px; font-family: Verdana, Arial, Helvetica, sans-serif; color: #000000; font-size: 10px; background-origin: initial; background-clip: initial;\"><p style=\"text-align: center;\"><span style=\"font-size: small;\">Nutritional Management: Nutritional Management of Renal Disease 2nd Ed<br />Joel Koppel, MD, <br />Shaul G. Massry, MD</span></p><div style=\"text-align: left; background-color: #ffffff; margin: 8px; color: #000000; font-size: 10px; background-origin: initial; background-clip: initial;\"><span style=\"font-family: arial,helvetica,sans-serif;\"><span style=\"font-size: small;\">To utilize this valuable member benefit and resource, please follow the easy steps listed below:</span></span></div><ul><li><div style=\"text-align: left; background-color: #ffffff; margin: 8px; color: #000000; font-size: 10px; background-origin: initial; background-clip: initial;\"><span style=\"font-family: arial,helvetica,sans-serif;\"><span style=\"font-size: small;\">You can request/borrow up to 3 resources at one time.</span></span></div></li><li><div style=\"text-align: left; background-color: #ffffff; margin: 8px; color: #000000; font-size: 10px; background-origin: initial; background-clip: initial;\"><span style=\"font-family: arial,helvetica,sans-serif;\"><span style=\"font-size: small;\">A $20.00 deposit for each resource is required. This deposit will be refunded when the resource is returned within the required timeframe. </span></span><span style=\"font-family: arial,helvetica,sans-serif;\"><span style=\"font-size: small;\">The resources may be borrowed for 28 days after the date you receive them.&nbsp; This allows other members to take advantage of this member benefit too.</span></span></div></li><li><div style=\"text-align: left; background-color: #ffffff; margin: 8px; color: #000000; font-size: 10px; background-origin: initial; background-clip: initial;\"><span style=\"font-family: arial,helvetica,sans-serif;\"><span style=\"font-size: small;\">Please complete the information below and online payment information.</span></span></div></li></ul><p style=\"text-align: left; background-color: #ffffff; margin: 8px; color: #000000; font-size: 10px; background-origin: initial; background-clip: initial;\"><span style=\"font-family: arial,helvetica,sans-serif;\"><span style=\"font-size: small;\">*Any shipping charges (for non-downloadable items) and sales tax will be calculated during the checkout process.</span></span></p></div>',0,20,0,0,'nutritional-management-nutritional-management-of-renal-disease-2nd-ed',1,'',9,'',1,0,0,1),
	(432,'Nutritional Management: Urea Kinetics in Nutritional Management of Pre-End Stage Renal Disease','<div style=\"background-color: #ffffff; margin: 8px; font-family: Verdana, Arial, Helvetica, sans-serif; color: #000000; font-size: 10px; background-origin: initial; background-clip: initial;\"><p style=\"text-align: center;\"><span style=\"font-size: small;\">Nutritional Management: Urea Kinetics in Nutritional Management of Pre-End Stage Renal Disease<br />Carol Gee, RD, <br />Connie Schoepfer, MS RD</span></p><div style=\"text-align: left; background-color: #ffffff; margin: 8px; color: #000000; font-size: 10px; background-origin: initial; background-clip: initial;\"><span style=\"font-family: arial,helvetica,sans-serif;\"><span style=\"font-size: small;\">To utilize this valuable member benefit and resource, please follow the easy steps listed below:</span></span></div><ul><li><div style=\"text-align: left; background-color: #ffffff; margin: 8px; color: #000000; font-size: 10px; background-origin: initial; background-clip: initial;\"><span style=\"font-family: arial,helvetica,sans-serif;\"><span style=\"font-size: small;\">You can request/borrow up to 3 resources at one time.</span></span></div></li><li><div style=\"text-align: left; background-color: #ffffff; margin: 8px; color: #000000; font-size: 10px; background-origin: initial; background-clip: initial;\"><span style=\"font-family: arial,helvetica,sans-serif;\"><span style=\"font-size: small;\">A $20.00 deposit for each resource is required. This deposit will be refunded when the resource is returned within the required timeframe. </span></span><span style=\"font-family: arial,helvetica,sans-serif;\"><span style=\"font-size: small;\">The resources may be borrowed for 28 days after the date you receive them.&nbsp; This allows other members to take advantage of this member benefit too.</span></span></div></li><li><div style=\"text-align: left; background-color: #ffffff; margin: 8px; color: #000000; font-size: 10px; background-origin: initial; background-clip: initial;\"><span style=\"font-family: arial,helvetica,sans-serif;\"><span style=\"font-size: small;\">Please complete the information below and online payment information.</span></span></div></li></ul><p style=\"text-align: left; background-color: #ffffff; margin: 8px; color: #000000; font-size: 10px; background-origin: initial; background-clip: initial;\"><span style=\"font-family: arial,helvetica,sans-serif;\"><span style=\"font-size: small;\">*Any shipping charges (for non-downloadable items) and sales tax will be calculated during the checkout process.</span></span></p></div>',0,20,0,0,'nutritional-management-urea-kinetics-in-nutritional-management-of-pre-end-stage-renal-disease',1,'',9,'',1,0,0,1),
	(433,'Guidelines: A Guide to Nutrition and Diet for Dialysis Patients','<div style=\"background-color: #ffffff; margin: 8px; font-family: Verdana, Arial, Helvetica, sans-serif; color: #000000; font-size: 10px; background-origin: initial; background-clip: initial;\"><p style=\"text-align: center;\"><span style=\"font-size: small;\">Guidelines: A Guide to Nutrition and Diet for Dialysis Patients<br />Shuang Chen, MD., RH</span></p><div style=\"text-align: left; background-color: #ffffff; margin: 8px; color: #000000; font-size: 10px; background-origin: initial; background-clip: initial;\"><span style=\"font-family: arial,helvetica,sans-serif;\"><span style=\"font-size: small;\">To utilize this valuable member benefit and resource, please follow the easy steps listed below:</span></span></div><ul><li><div style=\"text-align: left; background-color: #ffffff; margin: 8px; color: #000000; font-size: 10px; background-origin: initial; background-clip: initial;\"><span style=\"font-family: arial,helvetica,sans-serif;\"><span style=\"font-size: small;\">You can request/borrow up to 3 resources at one time.</span></span></div></li><li><div style=\"text-align: left; background-color: #ffffff; margin: 8px; color: #000000; font-size: 10px; background-origin: initial; background-clip: initial;\"><span style=\"font-family: arial,helvetica,sans-serif;\"><span style=\"font-size: small;\">A $20.00 deposit for each resource is required. This deposit will be refunded when the resource is returned within the required timeframe. </span></span><span style=\"font-family: arial,helvetica,sans-serif;\"><span style=\"font-size: small;\">The resources may be borrowed for 28 days after the date you receive them.&nbsp; This allows other members to take advantage of this member benefit too.</span></span></div></li><li><div style=\"text-align: left; background-color: #ffffff; margin: 8px; color: #000000; font-size: 10px; background-origin: initial; background-clip: initial;\"><span style=\"font-family: arial,helvetica,sans-serif;\"><span style=\"font-size: small;\">Please complete the information below and online payment information.</span></span></div></li></ul><p style=\"text-align: left; background-color: #ffffff; margin: 8px; color: #000000; font-size: 10px; background-origin: initial; background-clip: initial;\"><span style=\"font-family: arial,helvetica,sans-serif;\"><span style=\"font-size: small;\">*Any shipping charges (for non-downloadable items) and sales tax will be calculated during the checkout process.</span></span></p></div>',0,20,0,0,'guidelines-a-guide-to-nutrition-and-diet-for-dialysis-patients',1,'',9,'',1,0,0,1),
	(434,'Guidelines: A Clinical Guide to Nutrition Care in Kidney Disease','<div style=\"background-color: #ffffff; margin: 8px; font-family: Verdana, Arial, Helvetica, sans-serif; color: #000000; font-size: 10px; background-origin: initial; background-clip: initial;\"><p style=\"text-align: center;\"><span style=\"font-size: small;\">Guidelines: A Clinical Guide to Nutrition Care in Kidney Disease<br />Laura Byham-Gray, PhD, RD, CNSD<br />Karen Wiesen, MS, RD</span></p><div style=\"text-align: left; background-color: #ffffff; margin: 8px; color: #000000; font-size: 10px; background-origin: initial; background-clip: initial;\"><span style=\"font-family: arial,helvetica,sans-serif;\"><span style=\"font-size: small;\">To utilize this valuable member benefit and resource, please follow the easy steps listed below:</span></span></div><ul><li><div style=\"text-align: left; background-color: #ffffff; margin: 8px; color: #000000; font-size: 10px; background-origin: initial; background-clip: initial;\"><span style=\"font-family: arial,helvetica,sans-serif;\"><span style=\"font-size: small;\">You can request/borrow up to 3 resources at one time.</span></span></div></li><li><div style=\"text-align: left; background-color: #ffffff; margin: 8px; color: #000000; font-size: 10px; background-origin: initial; background-clip: initial;\"><span style=\"font-family: arial,helvetica,sans-serif;\"><span style=\"font-size: small;\">A $20.00 deposit for each resource is required. This deposit will be refunded when the resource is returned within the required timeframe. </span></span><span style=\"font-family: arial,helvetica,sans-serif;\"><span style=\"font-size: small;\">The resources may be borrowed for 28 days after the date you receive them.&nbsp; This allows other members to take advantage of this member benefit too.</span></span></div></li><li><div style=\"text-align: left; background-color: #ffffff; margin: 8px; color: #000000; font-size: 10px; background-origin: initial; background-clip: initial;\"><span style=\"font-family: arial,helvetica,sans-serif;\"><span style=\"font-size: small;\">Please complete the information below and online payment information.</span></span></div></li></ul><p style=\"text-align: left; background-color: #ffffff; margin: 8px; color: #000000; font-size: 10px; background-origin: initial; background-clip: initial;\"><span style=\"font-family: arial,helvetica,sans-serif;\"><span style=\"font-size: small;\">*Any shipping charges (for non-downloadable items) and sales tax will be calculated during the checkout process.</span></span></p></div>',0,20,0,0,'guidelines-a-clinical-guide-to-nutrition-care-in-kidney-disease',1,'',9,'',1,0,0,1),
	(435,'Guidelines: Clinical Guide to Nutrition and End Stage Renal disease  2nd Ed','<div style=\"background-color: #ffffff; margin: 8px; font-family: Verdana, Arial, Helvetica, sans-serif; color: #000000; font-size: 10px; background-origin: initial; background-clip: initial;\"><p style=\"text-align: center;\"><span style=\"font-size: small;\">Guidelines: Clinical Guide to Nutrition and End Stage Renal disease&nbsp; 2nd Ed<br />American Dietetic Association</span></p><div style=\"text-align: left; background-color: #ffffff; margin: 8px; color: #000000; font-size: 10px; background-origin: initial; background-clip: initial;\"><span style=\"font-family: arial,helvetica,sans-serif;\"><span style=\"font-size: small;\">To utilize this valuable member benefit and resource, please follow the easy steps listed below:</span></span></div><ul><li><div style=\"text-align: left; background-color: #ffffff; margin: 8px; color: #000000; font-size: 10px; background-origin: initial; background-clip: initial;\"><span style=\"font-family: arial,helvetica,sans-serif;\"><span style=\"font-size: small;\">You can request/borrow up to 3 resources at one time.</span></span></div></li><li><div style=\"text-align: left; background-color: #ffffff; margin: 8px; color: #000000; font-size: 10px; background-origin: initial; background-clip: initial;\"><span style=\"font-family: arial,helvetica,sans-serif;\"><span style=\"font-size: small;\">A $20.00 deposit for each resource is required. This deposit will be refunded when the resource is returned within the required timeframe. </span></span><span style=\"font-family: arial,helvetica,sans-serif;\"><span style=\"font-size: small;\">The resources may be borrowed for 28 days after the date you receive them.&nbsp; This allows other members to take advantage of this member benefit too.</span></span></div></li><li><div style=\"text-align: left; background-color: #ffffff; margin: 8px; color: #000000; font-size: 10px; background-origin: initial; background-clip: initial;\"><span style=\"font-family: arial,helvetica,sans-serif;\"><span style=\"font-size: small;\">Please complete the information below and online payment information.</span></span></div></li></ul><p style=\"text-align: left; background-color: #ffffff; margin: 8px; color: #000000; font-size: 10px; background-origin: initial; background-clip: initial;\"><span style=\"font-family: arial,helvetica,sans-serif;\"><span style=\"font-size: small;\">*Any shipping charges (for non-downloadable items) and sales tax will be calculated during the checkout process.</span></span></p></div>',0,20,0,0,'guidelines-clinical-guide-to-nutrition-and-end-stage-renal-disease-2nd-ed',1,'',9,'',1,0,0,1),
	(436,'Guidelines: Cultural Foods and Renal Diets for the Clinical Dietitian. Section 1 Asian Indian, Black American, Chinese American, Filipino American, Japanese American, Mexican American, Southeast Asian','<div style=\"background-color: #ffffff; margin: 8px; font-family: Verdana, Arial, Helvetica, sans-serif; color: #000000; font-size: 10px; background-origin: initial; background-clip: initial;\"><p style=\"text-align: center;\"><span style=\"font-size: small;\">Guidelines: Cultural Foods and Renal Diets for the Clinical Dietitian. Section 1 Asian Indian, Black American, Chinese American, Filipino American, Japanese American, Mexican American, Southeast Asian<br />Chayya Patel, MA, RD, <br />Mary Denny, MS, RD</span></p><div style=\"text-align: left; background-color: #ffffff; margin: 8px; color: #000000; font-size: 10px; background-origin: initial; background-clip: initial;\"><span style=\"font-family: arial,helvetica,sans-serif;\"><span style=\"font-size: small;\">To utilize this valuable member benefit and resource, please follow the easy steps listed below:</span></span></div><ul><li><div style=\"text-align: left; background-color: #ffffff; margin: 8px; color: #000000; font-size: 10px; background-origin: initial; background-clip: initial;\"><span style=\"font-family: arial,helvetica,sans-serif;\"><span style=\"font-size: small;\">You can request/borrow up to 3 resources at one time.</span></span></div></li><li><div style=\"text-align: left; background-color: #ffffff; margin: 8px; color: #000000; font-size: 10px; background-origin: initial; background-clip: initial;\"><span style=\"font-family: arial,helvetica,sans-serif;\"><span style=\"font-size: small;\">A $20.00 deposit for each resource is required. This deposit will be refunded when the resource is returned within the required timeframe. </span></span><span style=\"font-family: arial,helvetica,sans-serif;\"><span style=\"font-size: small;\">The resources may be borrowed for 28 days after the date you receive them.&nbsp; This allows other members to take advantage of this member benefit too.</span></span></div></li><li><div style=\"text-align: left; background-color: #ffffff; margin: 8px; color: #000000; font-size: 10px; background-origin: initial; background-clip: initial;\"><span style=\"font-family: arial,helvetica,sans-serif;\"><span style=\"font-size: small;\">Please complete the information below and online payment information.</span></span></div></li></ul><p style=\"text-align: left; background-color: #ffffff; margin: 8px; color: #000000; font-size: 10px; background-origin: initial; background-clip: initial;\"><span style=\"font-family: arial,helvetica,sans-serif;\"><span style=\"font-size: small;\">*Any shipping charges (for non-downloadable items) and sales tax will be calculated during the checkout process.</span></span></p></div>',0,20,0,0,'guidelines-cultural-foods-and-renal-diets-for-the-clinical-dietitian-section-1-asian-indian-black-american-chinese-american-filipino-american-japanese-american-mexican-american-southeast-asian',1,'',9,'',1,0,0,1),
	(437,'Guidelines: Cultural Foods and Renal Diets: A multilingual Guide for Renal Patients. Section 2','<div style=\"BACKGROUND-COLOR: #ffffff; MARGIN: 8px; FONT-FAMILY: Verdana, Arial, Helvetica, sans-serif; COLOR: #000000; FONT-SIZE: 10px; background-origin: initial; background-clip: initial\"><p style=\"text-align: center;\"><span style=\"font-size: small;\">Guidelines: Cultural Foods and Renal Diets: A multilingual Guide for Renal Patients. Section 2<br />Chayya Patel, MA, RD, <br />Mary Denny, MS, RD</span></p><div style=\"text-align: left; background-color: #ffffff; margin: 8px; color: #000000; font-size: 10px; background-origin: initial; background-clip: initial;\"><span style=\"font-family: arial,helvetica,sans-serif;\"><span style=\"font-size: small;\">To utilize this valuable member benefit and resource, please follow the easy steps listed below:</span></span></div><ul><li><div style=\"text-align: left; background-color: #ffffff; margin: 8px; color: #000000; font-size: 10px; background-origin: initial; background-clip: initial;\"><span style=\"font-family: arial,helvetica,sans-serif;\"><span style=\"font-size: small;\">You can request/borrow up to 3 resources at one time.</span></span></div></li><li><div style=\"text-align: left; background-color: #ffffff; margin: 8px; color: #000000; font-size: 10px; background-origin: initial; background-clip: initial;\"><span style=\"font-family: arial,helvetica,sans-serif;\"><span style=\"font-size: small;\">A $20.00 deposit for each resource is required. This deposit will be refunded when the resource is returned within the required timeframe. </span></span><span style=\"font-family: arial,helvetica,sans-serif;\"><span style=\"font-size: small;\">The resources may be borrowed for 28 days after the date you receive them.&nbsp; This allows other members to take advantage of this member benefit too.</span></span></div></li><li><div style=\"text-align: left; background-color: #ffffff; margin: 8px; color: #000000; font-size: 10px; background-origin: initial; background-clip: initial;\"><span style=\"font-family: arial,helvetica,sans-serif;\"><span style=\"font-size: small;\">Please complete the information below and online payment information.</span></span></div></li></ul><p style=\"text-align: left; background-color: #ffffff; margin: 8px; color: #000000; font-size: 10px; background-origin: initial; background-clip: initial;\"><span style=\"font-family: arial,helvetica,sans-serif;\"><span style=\"font-size: small;\">*Any shipping charges (for non-downloadable items) and sales tax will be calculated during the checkout process.</span></span></p></div>',0,20,0,0,'guidelines-cultural-foods-and-renal-diets-a-multilingual-guide-for-renal-patients-section-2',1,'',9,'',1,0,0,1),
	(438,'Guidelines: Guidelines for Nutrition Care of Renal Patients. 3rd Ed','<div style=\"BACKGROUND-COLOR: #ffffff; MARGIN: 8px; FONT-FAMILY: Verdana, Arial, Helvetica, sans-serif; COLOR: #000000; FONT-SIZE: 10px; background-origin: initial; background-clip: initial\"><p style=\"text-align: center;\"><span style=\"font-size: small;\">Guidelines: Guidelines for Nutrition Care of Renal Patients. 3rd Ed<br />Kerri L. Wiggins, MS, RD</span></p><div style=\"text-align: left; background-color: #ffffff; margin: 8px; color: #000000; font-size: 10px; background-origin: initial; background-clip: initial;\"><span style=\"font-family: arial,helvetica,sans-serif;\"><span style=\"font-size: small;\"><span style=\"font-size: small;\">To utilize this valuable member benefit and resource</span>, please follow the easy steps listed below:</span></span></div><ul><li><div style=\"text-align: left; background-color: #ffffff; margin: 8px; color: #000000; font-size: 10px; background-origin: initial; background-clip: initial;\"><span style=\"font-family: arial,helvetica,sans-serif;\"><span style=\"font-size: small;\">You can request/borrow up to 3 resources at one time.</span></span></div></li><li><div style=\"text-align: left; background-color: #ffffff; margin: 8px; color: #000000; font-size: 10px; background-origin: initial; background-clip: initial;\"><span style=\"font-family: arial,helvetica,sans-serif;\"><span style=\"font-size: small;\">A $20.00 deposit for each resource is required. This deposit will be refunded when the resource is returned within the required timeframe. </span></span><span style=\"font-family: arial,helvetica,sans-serif;\"><span style=\"font-size: small;\">The resources may be borrowed for 28 days after the date you receive them.&nbsp; This allows other members to take advantage of this member benefit too.</span></span></div></li><li><div style=\"text-align: left; background-color: #ffffff; margin: 8px; color: #000000; font-size: 10px; background-origin: initial; background-clip: initial;\"><span style=\"font-family: arial,helvetica,sans-serif;\"><span style=\"font-size: small;\">Please complete the information below and online payment information.</span></span></div></li></ul><p style=\"text-align: left; background-color: #ffffff; margin: 8px; color: #000000; font-size: 10px; background-origin: initial; background-clip: initial;\"><span style=\"font-family: arial,helvetica,sans-serif;\"><span style=\"font-size: small;\">*Any shipping charges (for non-downloadable items) and sales tax will be calculated during the checkout process.</span></span></p></div>',0,20,0,0,'guidelines-guidelines-for-nutrition-care-of-renal-patients-3rd-ed',1,'',9,'',1,0,0,1),
	(439,'Guidelines: Pocket Guide to Nutritional Assessment 4th Ed','<div style=\"background-color: #ffffff; margin: 8px; font-family: Verdana, Arial, Helvetica, sans-serif; color: #000000; font-size: 10px; background-origin: initial; background-clip: initial;\"><p style=\"text-align: center;\"><span style=\"font-size: small;\">Guidelines: Pocket Guide to Nutritional Assessment 4th Ed<br />National Kidney Foundation/CRN</span></p><div style=\"text-align: left; background-color: #ffffff; margin: 8px; color: #000000; font-size: 10px; background-origin: initial; background-clip: initial;\"><span style=\"font-family: arial,helvetica,sans-serif;\"><span style=\"font-size: small;\">To utilize this valuable member benefit and resource, please follow the easy steps listed below:</span></span></div><ul><li><div style=\"text-align: left; background-color: #ffffff; margin: 8px; color: #000000; font-size: 10px; background-origin: initial; background-clip: initial;\"><span style=\"font-family: arial,helvetica,sans-serif;\"><span style=\"font-size: small;\">You can request/borrow up to 3 resources at one time.</span></span></div></li><li><div style=\"text-align: left; background-color: #ffffff; margin: 8px; color: #000000; font-size: 10px; background-origin: initial; background-clip: initial;\"><span style=\"font-family: arial,helvetica,sans-serif;\"><span style=\"font-size: small;\">A $20.00 deposit for each resource is required. This deposit will be refunded when the resource is returned within the required timeframe. </span></span><span style=\"font-family: arial,helvetica,sans-serif;\"><span style=\"font-size: small;\">The resources may be borrowed for 28 days after the date you receive them.&nbsp; This allows other members to take advantage of this member benefit too.</span></span></div></li><li><div style=\"text-align: left; background-color: #ffffff; margin: 8px; color: #000000; font-size: 10px; background-origin: initial; background-clip: initial;\"><span style=\"font-family: arial,helvetica,sans-serif;\"><span style=\"font-size: small;\">Please complete the information below and online payment information.</span></span></div></li></ul><p style=\"text-align: left; background-color: #ffffff; margin: 8px; color: #000000; font-size: 10px; background-origin: initial; background-clip: initial;\"><span style=\"font-family: arial,helvetica,sans-serif;\"><span style=\"font-size: small;\">*Any shipping charges (for non-downloadable items) and sales tax will be calculated during the checkout process.</span></span></p></div>',0,20,0,0,'guidelines-pocket-guide-to-nutritional-assessment-4th-ed',1,'',9,'',1,0,0,1),
	(440,'Guidelines: Suggested Guidelines for Nutrition Care of Renal Patients 2nd Ed (binder)','<div style=\"background-color: #ffffff; margin: 8px; font-family: Verdana, Arial, Helvetica, sans-serif; color: #000000; font-size: 10px; background-origin: initial; background-clip: initial;\"><p style=\"text-align: center;\"><span style=\"font-size: small;\">Guidelines: Suggested Guidelines for Nutrition Care of Renal Patients 2nd Ed (binder)<br />Renal Dietitians Practice Group</span></p><div style=\"text-align: left; background-color: #ffffff; margin: 8px; color: #000000; font-size: 10px; background-origin: initial; background-clip: initial;\"><span style=\"font-family: arial,helvetica,sans-serif;\"><span style=\"font-size: small;\"><span style=\"font-size: small;\">To utilize this valuable member benefit and resource</span>, please follow the easy steps listed below:</span></span></div><ul><li><div style=\"text-align: left; background-color: #ffffff; margin: 8px; color: #000000; font-size: 10px; background-origin: initial; background-clip: initial;\"><span style=\"font-family: arial,helvetica,sans-serif;\"><span style=\"font-size: small;\">You can request/borrow up to 3 resources at one time.</span></span></div></li><li><div style=\"text-align: left; background-color: #ffffff; margin: 8px; color: #000000; font-size: 10px; background-origin: initial; background-clip: initial;\"><span style=\"font-family: arial,helvetica,sans-serif;\"><span style=\"font-size: small;\">A $20.00 deposit for each resource is required. This deposit will be refunded when the resource is returned within the required timeframe. </span></span><span style=\"font-family: arial,helvetica,sans-serif;\"><span style=\"font-size: small;\">The resources may be borrowed for 28 days after the date you receive them.&nbsp; This allows other members to take advantage of this member benefit too.</span></span></div></li><li><div style=\"text-align: left; background-color: #ffffff; margin: 8px; color: #000000; font-size: 10px; background-origin: initial; background-clip: initial;\"><span style=\"font-family: arial,helvetica,sans-serif;\"><span style=\"font-size: small;\">Please complete the information below and online payment information.</span></span></div></li></ul><p style=\"text-align: left; background-color: #ffffff; margin: 8px; color: #000000; font-size: 10px; background-origin: initial; background-clip: initial;\"><span style=\"font-family: arial,helvetica,sans-serif;\"><span style=\"font-size: small;\">*Any shipping charges (for non-downloadable items) and sales tax will be calculated during the checkout process.</span></span></p></div>',0,20,0,0,'guidelines-suggested-guidelines-for-nutrition-care-of-renal-patients-2nd-ed-binder',1,'',9,'',1,0,0,1),
	(441,'Guidelines: National Renal Diet 1st Ed (entire set + 1 Professional Guide)','<div style=\"background-color: #ffffff; margin: 8px; font-family: Verdana, Arial, Helvetica, sans-serif; color: #000000; font-size: 10px; background-origin: initial; background-clip: initial;\"><p style=\"text-align: center;\"><span style=\"font-size: small;\">Guidelines: National Renal Diet 1st Ed (entire set + 1 Professional Guide)<br />American Dietetic Association</span></p><div style=\"text-align: left; background-color: #ffffff; margin: 8px; color: #000000; font-size: 10px; background-origin: initial; background-clip: initial;\"><span style=\"font-family: arial,helvetica,sans-serif;\"><span style=\"font-size: small;\">To utilize this valuable member benefit and resource, please follow the easy steps listed below:</span></span></div><ul><li><div style=\"text-align: left; background-color: #ffffff; margin: 8px; color: #000000; font-size: 10px; background-origin: initial; background-clip: initial;\"><span style=\"font-family: arial,helvetica,sans-serif;\"><span style=\"font-size: small;\">You can request/borrow up to 3 resources at one time.</span></span></div></li><li><div style=\"text-align: left; background-color: #ffffff; margin: 8px; color: #000000; font-size: 10px; background-origin: initial; background-clip: initial;\"><span style=\"font-family: arial,helvetica,sans-serif;\"><span style=\"font-size: small;\">A $20.00 deposit for each resource is required. This deposit will be refunded when the resource is returned within the required timeframe. </span></span><span style=\"font-family: arial,helvetica,sans-serif;\"><span style=\"font-size: small;\">The resources may be borrowed for 28 days after the date you receive them.&nbsp; This allows other members to take advantage of this member benefit too.</span></span></div></li><li><div style=\"text-align: left; background-color: #ffffff; margin: 8px; color: #000000; font-size: 10px; background-origin: initial; background-clip: initial;\"><span style=\"font-family: arial,helvetica,sans-serif;\"><span style=\"font-size: small;\">Please complete the information below and online payment information.</span></span></div></li></ul><p style=\"text-align: left; background-color: #ffffff; margin: 8px; color: #000000; font-size: 10px; background-origin: initial; background-clip: initial;\"><span style=\"font-family: arial,helvetica,sans-serif;\"><span style=\"font-size: small;\">*Any shipping charges (for non-downloadable items) and sales tax will be calculated during the checkout process.</span></span></p></div>',0,20,0,0,'guidelines-national-renal-diet-1st-ed-entire-set-1-professional-guide',1,'',9,'',1,0,0,1),
	(442,'Guidelines: National Renal Diet: A healthy food guide for people with CKD 2nd  Ed ','<div style=\"BACKGROUND-COLOR: #ffffff; MARGIN: 8px; FONT-FAMILY: Verdana, Arial, Helvetica, sans-serif; COLOR: #000000; FONT-SIZE: 10px; background-origin: initial; background-clip: initial\"><p style=\"text-align: center;\"><span style=\"font-size: small;\">Guidelines: National Renal Diet: A healthy food guide for people with CKD 2nd&nbsp; Ed <br />American Dietetic Association</span></p><div style=\"text-align: left; background-color: #ffffff; margin: 8px; color: #000000; font-size: 10px; background-origin: initial; background-clip: initial;\"><span style=\"font-family: arial,helvetica,sans-serif;\"><span style=\"font-size: small;\">To utilize this valuable member benefit and resource, please follow the easy steps listed below:</span></span></div><ul><li><div style=\"text-align: left; background-color: #ffffff; margin: 8px; color: #000000; font-size: 10px; background-origin: initial; background-clip: initial;\"><span style=\"font-family: arial,helvetica,sans-serif;\"><span style=\"font-size: small;\">You can request/borrow up to 3 resources at one time.</span></span></div></li><li><div style=\"text-align: left; background-color: #ffffff; margin: 8px; color: #000000; font-size: 10px; background-origin: initial; background-clip: initial;\"><span style=\"font-family: arial,helvetica,sans-serif;\"><span style=\"font-size: small;\">A $20.00 deposit for each resource is required. This deposit will be refunded when the resource is returned within the required timeframe. </span></span><span style=\"font-family: arial,helvetica,sans-serif;\"><span style=\"font-size: small;\">The resources may be borrowed for 28 days after the date you receive them.&nbsp; This allows other members to take advantage of this member benefit too.</span></span></div></li><li><div style=\"text-align: left; background-color: #ffffff; margin: 8px; color: #000000; font-size: 10px; background-origin: initial; background-clip: initial;\"><span style=\"font-family: arial,helvetica,sans-serif;\"><span style=\"font-size: small;\">Please complete the information below and online payment information.</span></span></div></li></ul><p style=\"text-align: left; background-color: #ffffff; margin: 8px; color: #000000; font-size: 10px; background-origin: initial; background-clip: initial;\"><span style=\"font-family: arial,helvetica,sans-serif;\"><span style=\"font-size: small;\">*Any shipping charges (for non-downloadable items) and sales tax will be calculated during the checkout process.</span></span></p></div>',0,20,0,0,'guidelines-national-renal-diet-a-healthy-food-guide-for-people-with-ckd-2nd-ed',1,'',9,'',1,0,0,1),
	(443,'Guidelines: National Renal Diet: A healthy food guide for people on dialysis 2nd  Ed','<div style=\"background-color: #ffffff; margin: 8px; font-family: Verdana, Arial, Helvetica, sans-serif; color: #000000; font-size: 10px; background-origin: initial; background-clip: initial;\"><p style=\"text-align: center;\"><span style=\"font-size: small;\">Guidelines: National Renal Diet: A healthy food guide for people on dialysis 2nd&nbsp; Ed<br />American Dietetic Association</span></p><div style=\"text-align: left; background-color: #ffffff; margin: 8px; color: #000000; font-size: 10px; background-origin: initial; background-clip: initial;\"><span style=\"font-family: arial,helvetica,sans-serif;\"><span style=\"font-size: small;\">To utilize this valuable member benefit and resource, please follow the easy steps listed below:</span></span></div><ul><li><div style=\"text-align: left; background-color: #ffffff; margin: 8px; color: #000000; font-size: 10px; background-origin: initial; background-clip: initial;\"><span style=\"font-family: arial,helvetica,sans-serif;\"><span style=\"font-size: small;\">You can request/borrow up to 3 resources at one time.</span></span></div></li><li><div style=\"text-align: left; background-color: #ffffff; margin: 8px; color: #000000; font-size: 10px; background-origin: initial; background-clip: initial;\"><span style=\"font-family: arial,helvetica,sans-serif;\"><span style=\"font-size: small;\">A $20.00 deposit for each resource is required. This deposit will be refunded when the resource is returned within the required timeframe. </span></span><span style=\"font-family: arial,helvetica,sans-serif;\"><span style=\"font-size: small;\">The resources may be borrowed for 28 days after the date you receive them.&nbsp; This allows other members to take advantage of this member benefit too.</span></span></div></li><li><div style=\"text-align: left; background-color: #ffffff; margin: 8px; color: #000000; font-size: 10px; background-origin: initial; background-clip: initial;\"><span style=\"font-family: arial,helvetica,sans-serif;\"><span style=\"font-size: small;\">Please complete the information below and online payment information.</span></span></div></li></ul><p style=\"text-align: left; background-color: #ffffff; margin: 8px; color: #000000; font-size: 10px; background-origin: initial; background-clip: initial;\"><span style=\"font-family: arial,helvetica,sans-serif;\"><span style=\"font-size: small;\">*Any shipping charges (for non-downloadable items) and sales tax will be calculated during the checkout process.</span></span></p></div>',0,20,0,0,'guidelines-national-renal-diet-a-healthy-food-guide-for-people-on-dialysis-2nd-ed',1,'',9,'',1,0,0,1),
	(444,'Guidelines: National Renal Diet: Professional Guide 2nd Ed','<div style=\"background-color: #ffffff; margin: 8px; font-family: Verdana, Arial, Helvetica, sans-serif; color: #000000; font-size: 10px; background-origin: initial; background-clip: initial;\"><p style=\"text-align: center;\"><span style=\"font-size: small;\">Guidelines: National Renal Diet: Professional Guide 2nd Ed<br />American Dietetic Association</span></p><div style=\"text-align: left; background-color: #ffffff; margin: 8px; color: #000000; font-size: 10px; background-origin: initial; background-clip: initial;\"><span style=\"font-family: arial,helvetica,sans-serif;\"><span style=\"font-size: small;\"><span style=\"font-size: small;\">To utilize this valuable member benefit and resource</span>, please follow the easy steps listed below:</span></span></div><ul><li><div style=\"text-align: left; background-color: #ffffff; margin: 8px; color: #000000; font-size: 10px; background-origin: initial; background-clip: initial;\"><span style=\"font-family: arial,helvetica,sans-serif;\"><span style=\"font-size: small;\">You can request/borrow up to 3 resources at one time.</span></span></div></li><li><div style=\"text-align: left; background-color: #ffffff; margin: 8px; color: #000000; font-size: 10px; background-origin: initial; background-clip: initial;\"><span style=\"font-family: arial,helvetica,sans-serif;\"><span style=\"font-size: small;\">A $20.00 deposit for each resource is required. This deposit will be refunded when the resource is returned within the required timeframe. </span></span><span style=\"font-family: arial,helvetica,sans-serif;\"><span style=\"font-size: small;\">The resources may be borrowed for 28 days after the date you receive them.&nbsp; This allows other members to take advantage of this member benefit too.</span></span></div></li><li><div style=\"text-align: left; background-color: #ffffff; margin: 8px; color: #000000; font-size: 10px; background-origin: initial; background-clip: initial;\"><span style=\"font-family: arial,helvetica,sans-serif;\"><span style=\"font-size: small;\">Please complete the information below and online payment information.</span></span></div></li></ul><p style=\"text-align: left; background-color: #ffffff; margin: 8px; color: #000000; font-size: 10px; background-origin: initial; background-clip: initial;\"><span style=\"font-family: arial,helvetica,sans-serif;\"><span style=\"font-size: small;\">*Any shipping charges (for non-downloadable items) and sales tax will be calculated during the checkout process.</span></span></p></div>',0,20,0,0,'guidelines-national-renal-diet-professional-guide-2nd-ed',1,'',9,'',1,0,0,1),
	(445,'KDOQI Guidelines: K/DOQI Clinical Practice Guidelines  Chronic Kidney Disease: Evaluation Classification and Stratification','<div style=\"background-color: #ffffff; margin: 8px; font-family: Verdana, Arial, Helvetica, sans-serif; color: #000000; font-size: 10px; background-origin: initial; background-clip: initial;\"><p style=\"text-align: center;\"><span style=\"font-size: small;\">KDOQI Guidelines: K/DOQI Clinical Practice Guidelines &ndash; Chronic Kidney Disease: Evaluation Classification and Stratification<br />National Kidney Foundation</span></p><div style=\"text-align: left; background-color: #ffffff; margin: 8px; color: #000000; font-size: 10px; background-origin: initial; background-clip: initial;\"><span style=\"font-family: arial,helvetica,sans-serif;\"><span style=\"font-size: small;\">To utilize this valuable member benefit and resource, please follow the easy steps listed below:</span></span></div><ul><li><div style=\"text-align: left; background-color: #ffffff; margin: 8px; color: #000000; font-size: 10px; background-origin: initial; background-clip: initial;\"><span style=\"font-family: arial,helvetica,sans-serif;\"><span style=\"font-size: small;\">You can request/borrow up to 3 resources at one time.</span></span></div></li><li><div style=\"text-align: left; background-color: #ffffff; margin: 8px; color: #000000; font-size: 10px; background-origin: initial; background-clip: initial;\"><span style=\"font-family: arial,helvetica,sans-serif;\"><span style=\"font-size: small;\">A $20.00 deposit for each resource is required. This deposit will be refunded when the resource is returned within the required timeframe. </span></span><span style=\"font-family: arial,helvetica,sans-serif;\"><span style=\"font-size: small;\">The resources may be borrowed for 28 days after the date you receive them.&nbsp; This allows other members to take advantage of this member benefit too.</span></span></div></li><li><div style=\"text-align: left; background-color: #ffffff; margin: 8px; color: #000000; font-size: 10px; background-origin: initial; background-clip: initial;\"><span style=\"font-family: arial,helvetica,sans-serif;\"><span style=\"font-size: small;\">Please complete the information below and online payment information.</span></span></div></li></ul><p style=\"text-align: left; background-color: #ffffff; margin: 8px; color: #000000; font-size: 10px; background-origin: initial; background-clip: initial;\"><span style=\"font-family: arial,helvetica,sans-serif;\"><span style=\"font-size: small;\">*Any shipping charges (for non-downloadable items) and sales tax will be calculated during the checkout process.</span></span></p></div>',0,20,0,0,'kdoqi-guidelines-kdoqi-clinical-practice-guidelines--chronic-kidney-disease-evaluation-classification-and-stratification',1,'',9,'',1,0,0,1),
	(446,'KDOQI Guidelines: KDOQI Diabetes and Chronic Kidney Disease: Clinical Handbook','<div style=\"background-color: #ffffff; margin: 8px; font-family: Verdana, Arial, Helvetica, sans-serif; color: #000000; font-size: 10px; background-origin: initial; background-clip: initial;\"><p style=\"text-align: center;\"><span style=\"font-size: small;\">KDOQI Guidelines: KDOQI Diabetes and Chronic Kidney Disease: Clinical Handbook<br />National Kidney Foundation</span></p><div style=\"text-align: left; background-color: #ffffff; margin: 8px; color: #000000; font-size: 10px; background-origin: initial; background-clip: initial;\"><span style=\"font-family: arial,helvetica,sans-serif;\"><span style=\"font-size: small;\">To utilize this valuable member benefit and resource, please follow the easy steps listed below:</span></span></div><ul><li><div style=\"text-align: left; background-color: #ffffff; margin: 8px; color: #000000; font-size: 10px; background-origin: initial; background-clip: initial;\"><span style=\"font-family: arial,helvetica,sans-serif;\"><span style=\"font-size: small;\">You can request/borrow up to 3 resources at one time.</span></span></div></li><li><div style=\"text-align: left; background-color: #ffffff; margin: 8px; color: #000000; font-size: 10px; background-origin: initial; background-clip: initial;\"><span style=\"font-family: arial,helvetica,sans-serif;\"><span style=\"font-size: small;\">A $20.00 deposit for each resource is required. This deposit will be refunded when the resource is returned within the required timeframe. </span></span><span style=\"font-family: arial,helvetica,sans-serif;\"><span style=\"font-size: small;\">The resources may be borrowed for 28 days after the date you receive them.&nbsp; This allows other members to take advantage of this member benefit too.</span></span></div></li><li><div style=\"text-align: left; background-color: #ffffff; margin: 8px; color: #000000; font-size: 10px; background-origin: initial; background-clip: initial;\"><span style=\"font-family: arial,helvetica,sans-serif;\"><span style=\"font-size: small;\">Please complete the information below and online payment information.</span></span></div></li></ul><p style=\"text-align: left; background-color: #ffffff; margin: 8px; color: #000000; font-size: 10px; background-origin: initial; background-clip: initial;\"><span style=\"font-family: arial,helvetica,sans-serif;\"><span style=\"font-size: small;\">*Any shipping charges (for non-downloadable items) and sales tax will be calculated during the checkout process.</span></span></p></div>',0,20,0,0,'kdoqi-guidelines-kdoqi-diabetes-and-chronic-kidney-disease-clinical-handbook',1,'',9,'',1,0,0,1),
	(447,'KDOQI Guidelines: K/DOQI Clinical Practice Guidelines  Nutrition of Chronic Renal Failure + Quick Reference Clinical handbook','<div style=\"BACKGROUND-COLOR: #ffffff; MARGIN: 8px; FONT-FAMILY: Verdana, Arial, Helvetica, sans-serif; COLOR: #000000; FONT-SIZE: 10px; background-origin: initial; background-clip: initial\"><p style=\"text-align: center;\"><span style=\"font-size: small;\">KDOQI Guidelines: K/DOQI Clinical Practice Guidelines &ndash; Nutrition of Chronic Renal Failure + Quick Reference Clinical handbook<br />National Kidney Foundation</span></p><div style=\"text-align: left; background-color: #ffffff; margin: 8px; color: #000000; font-size: 10px; background-origin: initial; background-clip: initial;\"><span style=\"font-family: arial,helvetica,sans-serif;\"><span style=\"font-size: small;\"><span style=\"font-size: small;\">To utilize this valuable member benefit and resource</span>, please follow the easy steps listed below:</span></span></div><ul><li><div style=\"text-align: left; background-color: #ffffff; margin: 8px; color: #000000; font-size: 10px; background-origin: initial; background-clip: initial;\"><span style=\"font-family: arial,helvetica,sans-serif;\"><span style=\"font-size: small;\">You can request/borrow up to 3 resources at one time.</span></span></div></li><li><div style=\"text-align: left; background-color: #ffffff; margin: 8px; color: #000000; font-size: 10px; background-origin: initial; background-clip: initial;\"><span style=\"font-family: arial,helvetica,sans-serif;\"><span style=\"font-size: small;\">A $20.00 deposit for each resource is required. This deposit will be refunded when the resource is returned within the required timeframe. </span></span><span style=\"font-family: arial,helvetica,sans-serif;\"><span style=\"font-size: small;\">The resources may be borrowed for 28 days after the date you receive them.&nbsp; This allows other members to take advantage of this member benefit too.</span></span></div></li><li><div style=\"text-align: left; background-color: #ffffff; margin: 8px; color: #000000; font-size: 10px; background-origin: initial; background-clip: initial;\"><span style=\"font-family: arial,helvetica,sans-serif;\"><span style=\"font-size: small;\">Please complete the information below and online payment information.</span></span></div></li></ul><p style=\"text-align: left; background-color: #ffffff; margin: 8px; color: #000000; font-size: 10px; background-origin: initial; background-clip: initial;\"><span style=\"font-family: arial,helvetica,sans-serif;\"><span style=\"font-size: small;\">*Any shipping charges (for non-downloadable items) and sales tax will be calculated during the checkout process.</span></span></p></div>',0,20,0,0,'kdoqi-guidelines-kdoqi-clinical-practice-guidelines--nutrition-of-chronic-renal-failure-quick-reference-clinical-handbook',1,'',9,'',1,0,0,1),
	(448,'KDOQI Guidelines: K/DOQI Clinical Practice Guidelines  Hemodialysis Adequacy ','<div style=\"BACKGROUND-COLOR: #ffffff; MARGIN: 8px; FONT-FAMILY: Verdana, Arial, Helvetica, sans-serif; COLOR: #000000; FONT-SIZE: 10px; background-origin: initial; background-clip: initial\"><p style=\"text-align: center;\"><span style=\"font-size: small;\">KDOQI Guidelines: K/DOQI Clinical Practice Guidelines &ndash; Hemodialysis Adequacy <br />National Kidney Foundation</span></p><div style=\"text-align: left; background-color: #ffffff; margin: 8px; color: #000000; font-size: 10px; background-origin: initial; background-clip: initial;\"><span style=\"font-family: arial,helvetica,sans-serif;\"><span style=\"font-size: small;\">To utilize this valuable member benefit and resource, please follow the easy steps listed below:</span></span></div><ul><li><div style=\"text-align: left; background-color: #ffffff; margin: 8px; color: #000000; font-size: 10px; background-origin: initial; background-clip: initial;\"><span style=\"font-family: arial,helvetica,sans-serif;\"><span style=\"font-size: small;\">You can request/borrow up to 3 resources at one time.</span></span></div></li><li><div style=\"text-align: left; background-color: #ffffff; margin: 8px; color: #000000; font-size: 10px; background-origin: initial; background-clip: initial;\"><span style=\"font-family: arial,helvetica,sans-serif;\"><span style=\"font-size: small;\">A $20.00 deposit for each resource is required. This deposit will be refunded when the resource is returned within the required timeframe. </span></span><span style=\"font-family: arial,helvetica,sans-serif;\"><span style=\"font-size: small;\">The resources may be borrowed for 28 days after the date you receive them.&nbsp; This allows other members to take advantage of this member benefit too.</span></span></div></li><li><div style=\"text-align: left; background-color: #ffffff; margin: 8px; color: #000000; font-size: 10px; background-origin: initial; background-clip: initial;\"><span style=\"font-family: arial,helvetica,sans-serif;\"><span style=\"font-size: small;\">Please complete the information below and online payment information.</span></span></div></li></ul><p style=\"text-align: left; background-color: #ffffff; margin: 8px; color: #000000; font-size: 10px; background-origin: initial; background-clip: initial;\"><span style=\"font-family: arial,helvetica,sans-serif;\"><span style=\"font-size: small;\">*Any shipping charges (for non-downloadable items) and sales tax will be calculated during the checkout process.</span></span></p></div>',0,20,0,0,'kdoqi-guidelines-kdoqi-clinical-practice-guidelines--hemodialysis-adequacy',1,'',9,'',1,0,0,1),
	(449,'KDOQI Guidelines: K/DOQI Clinical Practice Guidelines  Peritoneal Dialysis Adequacy','<div style=\"background-color: #ffffff; margin: 8px; font-family: Verdana, Arial, Helvetica, sans-serif; color: #000000; font-size: 10px; background-origin: initial; background-clip: initial;\"><p style=\"text-align: center;\"><span style=\"font-size: small;\">KDOQI Guidelines: K/DOQI Clinical Practice Guidelines &ndash; Peritoneal Dialysis Adequacy<br />National Kidney Foundation</span></p><div style=\"text-align: left; background-color: #ffffff; margin: 8px; color: #000000; font-size: 10px; background-origin: initial; background-clip: initial;\"><span style=\"font-family: arial,helvetica,sans-serif;\"><span style=\"font-size: small;\">To utilize this valuable member benefit and resource, please follow the easy steps listed below:</span></span></div><ul><li><div style=\"text-align: left; background-color: #ffffff; margin: 8px; color: #000000; font-size: 10px; background-origin: initial; background-clip: initial;\"><span style=\"font-family: arial,helvetica,sans-serif;\"><span style=\"font-size: small;\">You can request/borrow up to 3 resources at one time.</span></span></div></li><li><div style=\"text-align: left; background-color: #ffffff; margin: 8px; color: #000000; font-size: 10px; background-origin: initial; background-clip: initial;\"><span style=\"font-family: arial,helvetica,sans-serif;\"><span style=\"font-size: small;\">A $20.00 deposit for each resource is required. This deposit will be refunded when the resource is returned within the required timeframe. </span></span><span style=\"font-family: arial,helvetica,sans-serif;\"><span style=\"font-size: small;\">The resources may be borrowed for 28 days after the date you receive them.&nbsp; This allows other members to take advantage of this member benefit too.</span></span></div></li><li><div style=\"text-align: left; background-color: #ffffff; margin: 8px; color: #000000; font-size: 10px; background-origin: initial; background-clip: initial;\"><span style=\"font-family: arial,helvetica,sans-serif;\"><span style=\"font-size: small;\">Please complete the information below and online payment information.</span></span></div></li></ul><p style=\"text-align: left; background-color: #ffffff; margin: 8px; color: #000000; font-size: 10px; background-origin: initial; background-clip: initial;\"><span style=\"font-family: arial,helvetica,sans-serif;\"><span style=\"font-size: small;\">*Any shipping charges (for non-downloadable items) and sales tax will be calculated during the checkout process.</span></span></p></div>',0,20,0,0,'kdoqi-guidelines-kdoqi-clinical-practice-guidelines--peritoneal-dialysis-adequacy',1,'',9,'',1,0,0,1),
	(450,'KDOQI Guidelines: KDOQI Clinical practice Guidelines - Anemia of Chronic Kidney Disease + Quick Reference Clinical handbook','<div style=\"background-color: #ffffff; margin: 8px; font-family: Verdana, Arial, Helvetica, sans-serif; color: #000000; font-size: 10px; background-origin: initial; background-clip: initial;\"><p style=\"text-align: center;\"><span style=\"font-size: small;\">KDOQI Guidelines: KDOQI Clinical practice Guidelines - Anemia of Chronic Kidney Disease + Quick Reference Clinical handbook<br />National Kidney Foundation</span></p><div style=\"text-align: left; background-color: #ffffff; margin: 8px; color: #000000; font-size: 10px; background-origin: initial; background-clip: initial;\"><span style=\"font-family: arial,helvetica,sans-serif;\"><span style=\"font-size: small;\">To utilize this valuable member benefit and resource, please follow the easy steps listed below:</span></span></div><ul><li><div style=\"text-align: left; background-color: #ffffff; margin: 8px; color: #000000; font-size: 10px; background-origin: initial; background-clip: initial;\"><span style=\"font-family: arial,helvetica,sans-serif;\"><span style=\"font-size: small;\">You can request/borrow up to 3 resources at one time.</span></span></div></li><li><div style=\"text-align: left; background-color: #ffffff; margin: 8px; color: #000000; font-size: 10px; background-origin: initial; background-clip: initial;\"><span style=\"font-family: arial,helvetica,sans-serif;\"><span style=\"font-size: small;\">A $20.00 deposit for each resource is required. This deposit will be refunded when the resource is returned within the required timeframe. </span></span><span style=\"font-family: arial,helvetica,sans-serif;\"><span style=\"font-size: small;\">The resources may be borrowed for 28 days after the date you receive them.&nbsp; This allows other members to take advantage of this member benefit too.</span></span></div></li><li><div style=\"text-align: left; background-color: #ffffff; margin: 8px; color: #000000; font-size: 10px; background-origin: initial; background-clip: initial;\"><span style=\"font-family: arial,helvetica,sans-serif;\"><span style=\"font-size: small;\">Please complete the information below and online payment information.</span></span></div></li></ul><p style=\"text-align: left; background-color: #ffffff; margin: 8px; color: #000000; font-size: 10px; background-origin: initial; background-clip: initial;\"><span style=\"font-family: arial,helvetica,sans-serif;\"><span style=\"font-size: small;\">*Any shipping charges (for non-downloadable items) and sales tax will be calculated during the checkout process.</span></span></p></div>',0,20,0,0,'kdoqi-guidelines-kdoqi-clinical-practice-guidelines---anemia-of-chronic-kidney-disease-quick-reference-clinical-handbook',1,'',9,'',1,0,0,1),
	(451,'KDOQI Guidelines: K/DOQI Clinical Practice Guidelines  Bone Metabolism & Disease in Chronic Kidney Disease + Quick Reference Clinical handbook','<div style=\"background-color: #ffffff; margin: 8px; font-family: Verdana, Arial, Helvetica, sans-serif; color: #000000; font-size: 10px; background-origin: initial; background-clip: initial;\"><p style=\"text-align: center;\"><span style=\"font-size: small;\">KDOQI Guidelines: K/DOQI Clinical Practice Guidelines &ndash; Bone Metabolism &amp; Disease in Chronic Kidney Disease + Quick Reference Clinical handbook<br />National Kidney Foundation</span></p><div style=\"text-align: left; background-color: #ffffff; margin: 8px; color: #000000; font-size: 10px; background-origin: initial; background-clip: initial;\"><span style=\"font-family: arial,helvetica,sans-serif;\"><span style=\"font-size: small;\">To utilize this valuable member benefit and resource, please follow the easy steps listed below:</span></span></div><ul><li><div style=\"text-align: left; background-color: #ffffff; margin: 8px; color: #000000; font-size: 10px; background-origin: initial; background-clip: initial;\"><span style=\"font-family: arial,helvetica,sans-serif;\"><span style=\"font-size: small;\">You can request/borrow up to 3 resources at one time.</span></span></div></li><li><div style=\"text-align: left; background-color: #ffffff; margin: 8px; color: #000000; font-size: 10px; background-origin: initial; background-clip: initial;\"><span style=\"font-family: arial,helvetica,sans-serif;\"><span style=\"font-size: small;\">A $20.00 deposit for each resource is required. This deposit will be refunded when the resource is returned within the required timeframe. </span></span><span style=\"font-family: arial,helvetica,sans-serif;\"><span style=\"font-size: small;\">The resources may be borrowed for 28 days after the date you receive them.&nbsp; This allows other members to take advantage of this member benefit too.</span></span></div></li><li><div style=\"text-align: left; background-color: #ffffff; margin: 8px; color: #000000; font-size: 10px; background-origin: initial; background-clip: initial;\"><span style=\"font-family: arial,helvetica,sans-serif;\"><span style=\"font-size: small;\">Please complete the information below and online payment information.</span></span></div></li></ul><p style=\"text-align: left; background-color: #ffffff; margin: 8px; color: #000000; font-size: 10px; background-origin: initial; background-clip: initial;\"><span style=\"font-family: arial,helvetica,sans-serif;\"><span style=\"font-size: small;\">*Any shipping charges (for non-downloadable items) and sales tax will be calculated during the checkout process.</span></span></p></div>',0,20,0,0,'kdoqi-guidelines-kdoqi-clinical-practice-guidelines--bone-metabolism-disease-in-chronic-kidney-disease-quick-reference-clinical-handbook',1,'',9,'',1,0,0,1),
	(452,'Research Successful Approaches 2nd Ed','<div style=\"background-color: #ffffff; margin: 8px; font-family: Verdana, Arial, Helvetica, sans-serif; color: #000000; font-size: 10px; background-origin: initial; background-clip: initial;\"><p style=\"text-align: center;\"><span style=\"font-size: small;\">Research Successful Approaches 2nd Ed<br />Elaine R. Mosnen, PhD, RD</span></p><div style=\"text-align: left; background-color: #ffffff; margin: 8px; color: #000000; font-size: 10px; background-origin: initial; background-clip: initial;\"><span style=\"font-family: arial,helvetica,sans-serif;\"><span style=\"font-size: small;\"><span style=\"font-size: small;\">To utilize this valuable member benefit and resource</span>, please follow the easy steps listed below:</span></span></div><ul><li><div style=\"text-align: left; background-color: #ffffff; margin: 8px; color: #000000; font-size: 10px; background-origin: initial; background-clip: initial;\"><span style=\"font-family: arial,helvetica,sans-serif;\"><span style=\"font-size: small;\">You can request/borrow up to 3 resources at one time.</span></span></div></li><li><div style=\"text-align: left; background-color: #ffffff; margin: 8px; color: #000000; font-size: 10px; background-origin: initial; background-clip: initial;\"><span style=\"font-family: arial,helvetica,sans-serif;\"><span style=\"font-size: small;\">A $20.00 deposit for each resource is required. This deposit will be refunded when the resource is returned within the required timeframe. </span></span><span style=\"font-family: arial,helvetica,sans-serif;\"><span style=\"font-size: small;\">The resources may be borrowed for 28 days after the date you receive them.&nbsp; This allows other members to take advantage of this member benefit too.</span></span></div></li><li><div style=\"text-align: left; background-color: #ffffff; margin: 8px; color: #000000; font-size: 10px; background-origin: initial; background-clip: initial;\"><span style=\"font-family: arial,helvetica,sans-serif;\"><span style=\"font-size: small;\">Please complete the information below and online payment information.</span></span></div></li></ul><p style=\"text-align: left; background-color: #ffffff; margin: 8px; color: #000000; font-size: 10px; background-origin: initial; background-clip: initial;\"><span style=\"font-family: arial,helvetica,sans-serif;\"><span style=\"font-size: small;\">*Any shipping charges (for non-downloadable items) and sales tax will be calculated during the checkout process.</span></span></p></div>',0,20,0,0,'research-successful-approaches-2nd-ed',1,'',10,'',1,0,0,1),
	(453,'Renal Dietitians Standards for Clinical Practice ','<div style=\"background-color: #ffffff; margin: 8px; font-family: Verdana, Arial, Helvetica, sans-serif; color: #000000; font-size: 10px; background-origin: initial; background-clip: initial;\"><p style=\"text-align: center;\"><span style=\"font-size: small;\">Renal Dietitian&rsquo;s Standards for Clinical Practice<br />NKF/CRN, ADA/RPG</span></p><div style=\"text-align: left; background-color: #ffffff; margin: 8px; color: #000000; font-size: 10px; background-origin: initial; background-clip: initial;\"><span style=\"font-family: arial,helvetica,sans-serif;\"><span style=\"font-size: small;\">To utilize this valuable member benefit and resource, please follow the easy steps listed below:</span></span></div><ul><li><div style=\"text-align: left; background-color: #ffffff; margin: 8px; color: #000000; font-size: 10px; background-origin: initial; background-clip: initial;\"><span style=\"font-family: arial,helvetica,sans-serif;\"><span style=\"font-size: small;\">You can request/borrow up to 3 resources at one time.</span></span></div></li><li><div style=\"text-align: left; background-color: #ffffff; margin: 8px; color: #000000; font-size: 10px; background-origin: initial; background-clip: initial;\"><span style=\"font-family: arial,helvetica,sans-serif;\"><span style=\"font-size: small;\">A $20.00 deposit for each resource is required. This deposit will be refunded when the resource is returned within the required timeframe. </span></span><span style=\"font-family: arial,helvetica,sans-serif;\"><span style=\"font-size: small;\">The resources may be borrowed for 28 days after the date you receive them.&nbsp; This allows other members to take advantage of this member benefit too.</span></span></div></li><li><div style=\"text-align: left; background-color: #ffffff; margin: 8px; color: #000000; font-size: 10px; background-origin: initial; background-clip: initial;\"><span style=\"font-family: arial,helvetica,sans-serif;\"><span style=\"font-size: small;\">Please complete the information below and online payment information.</span></span></div></li></ul><p style=\"text-align: left; background-color: #ffffff; margin: 8px; color: #000000; font-size: 10px; background-origin: initial; background-clip: initial;\"><span style=\"font-family: arial,helvetica,sans-serif;\"><span style=\"font-size: small;\">*Any shipping charges (for non-downloadable items) and sales tax will be calculated during the checkout process.</span></span></p></div>',0,20,0,0,'renal-dietitians-standards-for-clinical-practice',1,'',11,'',1,0,0,1),
	(454,'Renal Nutrition Specialty Self-Assessment Simulation 1st Ed (binder)','<div style=\"background-color: #ffffff; margin: 8px; font-family: Verdana, Arial, Helvetica, sans-serif; color: #000000; font-size: 10px; background-origin: initial; background-clip: initial;\"><p style=\"text-align: center;\"><span style=\"font-size: small;\">Renal Nutrition Specialty Self-Assessment Simulation 1st Ed (binder)<br />CDR/ADA</span></p><div style=\"text-align: left; background-color: #ffffff; margin: 8px; color: #000000; font-size: 10px; background-origin: initial; background-clip: initial;\"><span style=\"font-family: arial,helvetica,sans-serif;\"><span style=\"font-size: small;\"><span style=\"font-size: small;\">To utilize this valuable member benefit and </span>resource, please follow the easy steps listed below:</span></span></div><ul><li><div style=\"text-align: left; background-color: #ffffff; margin: 8px; color: #000000; font-size: 10px; background-origin: initial; background-clip: initial;\"><span style=\"font-family: arial,helvetica,sans-serif;\"><span style=\"font-size: small;\">You can request/borrow up to 3 resources at one time.</span></span></div></li><li><div style=\"text-align: left; background-color: #ffffff; margin: 8px; color: #000000; font-size: 10px; background-origin: initial; background-clip: initial;\"><span style=\"font-family: arial,helvetica,sans-serif;\"><span style=\"font-size: small;\">A $20.00 deposit for each resource is required. This deposit will be refunded when the resource is returned within the required timeframe. </span></span><span style=\"font-family: arial,helvetica,sans-serif;\"><span style=\"font-size: small;\">The resources may be borrowed for 28 days after the date you receive them.&nbsp; This allows other members to take advantage of this member benefit too.</span></span></div></li><li><div style=\"text-align: left; background-color: #ffffff; margin: 8px; color: #000000; font-size: 10px; background-origin: initial; background-clip: initial;\"><span style=\"font-family: arial,helvetica,sans-serif;\"><span style=\"font-size: small;\">Please complete the information below and online payment information.</span></span></div></li></ul><p style=\"text-align: left; background-color: #ffffff; margin: 8px; color: #000000; font-size: 10px; background-origin: initial; background-clip: initial;\"><span style=\"font-family: arial,helvetica,sans-serif;\"><span style=\"font-size: small;\">*Any shipping charges (for non-downloadable items) and sales tax will be calculated during the checkout process.</span></span></p></div>',0,20,0,0,'renal-nutrition-specialty-self-assessment-simulation-1st-ed-binder',1,'',11,'',1,0,0,1),
	(455,'Diet and Dialysis (Nepro)','<div style=\"background-color: #ffffff; margin: 8px; font-family: Verdana, Arial, Helvetica, sans-serif; color: #000000; font-size: 10px; background-origin: initial; background-clip: initial;\"><p style=\"text-align: center;\"><span style=\"font-size: small;\">Diet and Dialysis (Nepro)</span></p><div style=\"text-align: left; background-color: #ffffff; margin: 8px; color: #000000; font-size: 10px; background-origin: initial; background-clip: initial;\"><span style=\"font-family: arial,helvetica,sans-serif;\"><span style=\"font-size: small;\">To utilize this valuable member benefit and resource, please follow the easy steps listed below:</span></span></div><ul><li><div style=\"text-align: left; background-color: #ffffff; margin: 8px; color: #000000; font-size: 10px; background-origin: initial; background-clip: initial;\"><span style=\"font-family: arial,helvetica,sans-serif;\"><span style=\"font-size: small;\">You can request/borrow up to 3 resources at one time.</span></span></div></li><li><div style=\"text-align: left; background-color: #ffffff; margin: 8px; color: #000000; font-size: 10px; background-origin: initial; background-clip: initial;\"><span style=\"font-family: arial,helvetica,sans-serif;\"><span style=\"font-size: small;\">A $20.00 deposit for each resource is required. This deposit will be refunded when the resource is returned within the required timeframe. </span></span><span style=\"font-family: arial,helvetica,sans-serif;\"><span style=\"font-size: small;\">The resources may be borrowed for 28 days after the date you receive them.&nbsp; This allows other members to take advantage of this member benefit too.</span></span></div></li><li><div style=\"text-align: left; background-color: #ffffff; margin: 8px; color: #000000; font-size: 10px; background-origin: initial; background-clip: initial;\"><span style=\"font-family: arial,helvetica,sans-serif;\"><span style=\"font-size: small;\">Please complete the information below and online payment information.</span></span></div></li></ul><p style=\"text-align: left; background-color: #ffffff; margin: 8px; color: #000000; font-size: 10px; background-origin: initial; background-clip: initial;\"><span style=\"font-family: arial,helvetica,sans-serif;\"><span style=\"font-size: small;\">*Any shipping charges (for non-downloadable items) and sales tax will be calculated during the checkout process.</span></span></p></div>',0,20,0,0,'diet-and-dialysis-nepro',1,'',12,'',1,0,0,1),
	(456,'A well controlled patient','<div style=\"background-color: #ffffff; margin: 8px; font-family: Verdana, Arial, Helvetica, sans-serif; color: #000000; font-size: 10px; background-origin: initial; background-clip: initial;\"><p style=\"text-align: center;\"><span style=\"font-size: small;\">A well controlled patient</span></p><div style=\"text-align: left; background-color: #ffffff; margin: 8px; color: #000000; font-size: 10px; background-origin: initial; background-clip: initial;\"><span style=\"font-family: arial,helvetica,sans-serif;\"><span style=\"font-size: small;\">To utilize this valuable member benefit and resource, please follow the easy steps listed below:</span></span></div><ul><li><div style=\"text-align: left; background-color: #ffffff; margin: 8px; color: #000000; font-size: 10px; background-origin: initial; background-clip: initial;\"><span style=\"font-family: arial,helvetica,sans-serif;\"><span style=\"font-size: small;\">You can request/borrow up to 3 resources at one time.</span></span></div></li><li><div style=\"text-align: left; background-color: #ffffff; margin: 8px; color: #000000; font-size: 10px; background-origin: initial; background-clip: initial;\"><span style=\"font-family: arial,helvetica,sans-serif;\"><span style=\"font-size: small;\">A $20.00 deposit for each resource is required. This deposit will be refunded when the resource is returned within the required timeframe. </span></span><span style=\"font-family: arial,helvetica,sans-serif;\"><span style=\"font-size: small;\">The resources may be borrowed for 28 days after the date you receive them.&nbsp; This allows other members to take advantage of this member benefit too.</span></span></div></li><li><div style=\"text-align: left; background-color: #ffffff; margin: 8px; color: #000000; font-size: 10px; background-origin: initial; background-clip: initial;\"><span style=\"font-family: arial,helvetica,sans-serif;\"><span style=\"font-size: small;\">Please complete the information below and online payment information.</span></span></div></li></ul><p style=\"text-align: left; background-color: #ffffff; margin: 8px; color: #000000; font-size: 10px; background-origin: initial; background-clip: initial;\"><span style=\"font-family: arial,helvetica,sans-serif;\"><span style=\"font-size: small;\">*Any shipping charges (for non-downloadable items) and sales tax will be calculated during the checkout process.</span></span></p></div>',0,20,0,0,'a-well-controlled-patient',1,'',12,'',1,0,0,1),
	(457,'Diabetes, Nutrition and CKD','<div style=\"background-color: #ffffff; margin: 8px; font-family: Verdana, Arial, Helvetica, sans-serif; color: #000000; font-size: 10px; background-origin: initial; background-clip: initial;\"><p style=\"text-align: center;\"><span style=\"font-size: small;\">Diabetes, Nutrition and CKD</span></p><div style=\"text-align: left; background-color: #ffffff; margin: 8px; color: #000000; font-size: 10px; background-origin: initial; background-clip: initial;\"><span style=\"font-family: arial,helvetica,sans-serif;\"><span style=\"font-size: small;\"><span style=\"font-size: small;\">To utilize this valuable member benefit and resource</span>, please follow the easy steps listed below:</span></span></div><ul><li><div style=\"text-align: left; background-color: #ffffff; margin: 8px; color: #000000; font-size: 10px; background-origin: initial; background-clip: initial;\"><span style=\"font-family: arial,helvetica,sans-serif;\"><span style=\"font-size: small;\">You can request/borrow up to 3 resources at one time.</span></span></div></li><li><div style=\"text-align: left; background-color: #ffffff; margin: 8px; color: #000000; font-size: 10px; background-origin: initial; background-clip: initial;\"><span style=\"font-family: arial,helvetica,sans-serif;\"><span style=\"font-size: small;\">A $20.00 deposit for each resource is required. This deposit will be refunded when the resource is returned within the required timeframe. </span></span><span style=\"font-family: arial,helvetica,sans-serif;\"><span style=\"font-size: small;\">The resources may be borrowed for 28 days after the date you receive them.&nbsp; This allows other members to take advantage of this member benefit too.</span></span></div></li><li><div style=\"text-align: left; background-color: #ffffff; margin: 8px; color: #000000; font-size: 10px; background-origin: initial; background-clip: initial;\"><span style=\"font-family: arial,helvetica,sans-serif;\"><span style=\"font-size: small;\">Please complete the information below and online payment information.</span></span></div></li></ul><p style=\"text-align: left; background-color: #ffffff; margin: 8px; color: #000000; font-size: 10px; background-origin: initial; background-clip: initial;\"><span style=\"font-family: arial,helvetica,sans-serif;\"><span style=\"font-size: small;\">*Any shipping charges (for non-downloadable items) and sales tax will be calculated during the checkout process.</span></span></p></div>',0,20,0,0,'diabetes-nutrition-and-ckd',1,'',12,'',1,0,0,1),
	(458,'NKDEP: CKD ','<p style=\"text-align: center;\"><span style=\"font-family: arial,helvetica,sans-serif;\"><span style=\"font-size: small;\">NKDEP: CKD</span></span></p><p style=\"text-align: left;\"><span style=\"font-family: arial,helvetica,sans-serif;\"><span style=\"font-size: small;\">To utilize this valuable member benefit and resource, please follow the easy steps listed below:&nbsp;</span></span></p><div style=\"background-color: #ffffff; margin: 8px; font-family: Verdana, Arial, Helvetica, sans-serif; color: #000000; font-size: 10px; background-origin: initial; background-clip: initial;\"><ul><li><div style=\"text-align: left;\"><span style=\"font-family: arial,helvetica,sans-serif;\"><span style=\"font-size: small;\">You can request/borrow up to 3 resources at one time.</span></span></div></li><li><div style=\"text-align: left;\"><span style=\"font-family: arial,helvetica,sans-serif;\"><span style=\"font-size: small;\">A&nbsp;$20.00 deposit on the resource is required. This deposit will be reimbursed when the resource is returned. </span></span><span style=\"font-family: arial,helvetica,sans-serif;\"><span style=\"font-size: small;\">The&nbsp;resources may be borrowed for 28 days after the date you receive them.&nbsp; This allows other members to take advantage of this member benefit too.</span></span></div></li><li><div style=\"text-align: left;\"><span style=\"font-family: arial,helvetica,sans-serif;\"><span style=\"font-size: small;\">Complete the below information and&nbsp;online payment.</span></span></div></li></ul></div><p><span style=\"font-family: arial,helvetica,sans-serif;\"><span style=\"font-size: small;\"><p style=\"text-align: left; background-color: #ffffff; margin: 8px; color: #000000; font-size: 10px; background-origin: initial; background-clip: initial;\"><span style=\"font-family: arial, helvetica, sans-serif;\"><span style=\"font-size: small;\"><span style=\"font-size: x-small;\"><span style=\"font-family: arial,helvetica,sans-serif;\"><span style=\"font-size: small;\">*Any shipping charges (for non-downloadable items) and sales tax will be calculated during the checkout process.</span></span></span></span></span></p></span></span></p>',0,20,0,0,'nkdep-ckd',1,'',12,'',1,0,0,1),
	(459,'Crossfire: Hyperphosphatemia and CKD','<div style=\"text-align: center; background-color: #ffffff; margin: 8px; color: #000000; font-size: 10px; background-origin: initial; background-clip: initial;\"><span style=\"font-family: arial,helvetica,sans-serif;\"><span style=\"font-size: small;\">Crossfire: Hyperphosphatemia and CKD</span></span></div><div style=\"text-align: left; background-color: #ffffff; margin: 8px; color: #000000; font-size: 10px; background-origin: initial; background-clip: initial;\"><span style=\"font-family: arial,helvetica,sans-serif;\"><span style=\"font-size: small;\">To utilize this valuable member benefit and resource, please follow the easy steps listed below:</span></span></div><ul><li><div style=\"text-align: left; background-color: #ffffff; margin: 8px; color: #000000; font-size: 10px; background-origin: initial; background-clip: initial;\"><span style=\"font-family: arial,helvetica,sans-serif;\"><span style=\"font-size: small;\">You can request/borrow up to 3 resources at one time.</span></span></div></li><li><div style=\"text-align: left; background-color: #ffffff; margin: 8px; color: #000000; font-size: 10px; background-origin: initial; background-clip: initial;\"><span style=\"font-family: arial,helvetica,sans-serif;\"><span style=\"font-size: small;\">A $20.00 deposit for each resource is required. This deposit will be refunded when the resource is returned within the required timeframe. </span></span><span style=\"font-family: arial,helvetica,sans-serif;\"><span style=\"font-size: small;\">The resources may be borrowed for 28 days after the date you receive them.&nbsp; This allows other members to take advantage of this member benefit too.</span></span></div></li><li><div style=\"text-align: left; background-color: #ffffff; margin: 8px; color: #000000; font-size: 10px; background-origin: initial; background-clip: initial;\"><span style=\"font-family: arial,helvetica,sans-serif;\"><span style=\"font-size: small;\">Please complete the information below and online payment information.</span></span></div></li></ul><p style=\"text-align: left; background-color: #ffffff; margin: 8px; color: #000000; font-size: 10px; background-origin: initial; background-clip: initial;\"><span style=\"font-family: arial,helvetica,sans-serif;\"><span style=\"font-size: small;\">*Any shipping charges (for non-downloadable items) and sales tax will be calculated during the checkout process.</span></span></p>',0,20,0,0,'crossfire-hyperphosphatemia-and-ckd',1,'',12,'',1,0,0,1),
	(460,'Directing Patient Conversations Toward Meaningful Behavior Change','<p style=\"text-align: left;\"><span style=\"font-size: small;\"><span style=\"font-family: arial,helvetica,sans-serif;\"><strong>Directing Patient Conversations Toward Meaningful Behavior Change:&nbsp; Plain Language, Self-Management, &amp; Motivational Interviewing Strategies</strong></span></span></p><p><span style=\"font-size: small;\"><span style=\"font-family: arial,helvetica,sans-serif;\"><strong>Speaker:</strong> Kristin S. Vickers Douglas, Ph.D<br /><strong>Member Cost:</strong> $5.00<br /></span></span><span style=\"font-size: small;\"><span style=\"font-family: arial,helvetica,sans-serif;\"><strong>Non-Member Cost:</strong> $10.00</span></span></p>',10,5,0,0,'directing-patient-conversations-toward-meaningful-behavior-change',0,'',2,'/files/products/registration_emails_purchase_2.pdf',1,0,0,1),
	(461,'Recorded: Directing Patient Conversations Toward Meaningful Behavior Change','<p style=\"text-align: left;\"><span style=\"font-size: small;\"><span style=\"font-family: arial,helvetica,sans-serif;\"><strong><span style=\"color: #ff0000;\">Recorded Webinar<br /></span>Directing  Patient Conversations Toward Meaningful Behavior Change:&nbsp; Plain  Language, Self-Management, &amp; Motivational Interviewing Strategies</strong></span></span></p><p><span style=\"font-size: small;\"><span style=\"font-family: arial,helvetica,sans-serif;\"><strong>Speaker:</strong> Kristin S. Vickers Douglas, Ph.D<br /><strong>Member Cost:</strong> $5.00<br /></span></span><span style=\"font-size: small;\"><span style=\"font-family: arial,helvetica,sans-serif;\"><strong>Non-Member Cost:</strong> $10.00</span></span></p>',10,5,0,0,'recorded-directing-patient-conversations-toward-meaningful-behavior-change',0,'/files/products/Directing_Conversations_2012.flv',2,'/files/products/Renal_Vickers_Douglas_handout.pdf',1,0,0,1),
	(462,'Nutrition and Health Series: Nutrition in Kidney Disease Year: 2008','<p style=\"text-align: center;\"><span style=\"font-size: small;\"><span style=\"font-family: arial,helvetica,sans-serif;\">Nutrition and Health Series: Nutrition in Kidney Disease Year: 2008 </span></span></p><p style=\"text-align: center;\"><span style=\"font-size: small;\"><span style=\"font-family: arial,helvetica,sans-serif;\">LauraByham-Gray, PhD, RD<br />Jerrilyn D. Burrowes, Phd, RD, CDN &amp; Glen M. Chertow, MD, MPH</span></span></p><p style=\"text-align: left;\"><span style=\"font-size: small;\"><span style=\"font-family: arial,helvetica,sans-serif;\">To utilize this valuable member benefit and resource, please follow the easy steps listed below:</span></span></p><ul><li><span style=\"font-size: small;\"><span style=\"font-family: arial,helvetica,sans-serif;\">You can request/borrow up to 3 resources at one time.</span></span></li><li><span style=\"font-size: small;\"><span style=\"font-family: arial,helvetica,sans-serif;\">A $20.00 deposit for each resource is required. This deposit will be refunded when the resource is returned within the required timeframe. The resources may be borrowed for 28 days after the date you receive them.&nbsp; This allows other members to take advantage of this member benefit too.</span></span></li><li><span style=\"font-size: small;\"><span style=\"font-family: arial,helvetica,sans-serif;\">Please complete the information below and online payment information.</span></span></li></ul><p style=\"text-align: left;\"><span style=\"font-family: arial,helvetica,sans-serif;\"><span style=\"font-size: small;\"><br />*Any shipping charges (for non-downloadable items) and sales tax will be calculated during the checkout process.</span><br /></span></p>',0,20,0,0,'nutrition-and-health-series-nutrition-in-kidney-disease-year-2008',1,'',9,'',1,0,0,1),
	(463,'Directing Patient Conversations toward Behavior Change Part 2','<p style=\"text-align: center;\"><span style=\"font-size: small;\"><span style=\"font-family: arial,helvetica,sans-serif;\"><strong>Directing Patient Conversations toward Behavior Change Part 2:&nbsp; Case Based Learning</strong><strong><br />Speaker: Kristin S. Vickers Douglas, Ph.D</strong><br /><strong><span style=\"color: #ff0000;\">RPG Members Only</span></strong><br /><br />Thursday April 19, 2012 1-2pm CST<br /> </span></span></p><p style=\"text-align: left;\"><span style=\"font-size: small;\"><span style=\"font-family: arial,helvetica,sans-serif;\">Fee: $10 (CPEU approval pending)</span></span></p><p><span style=\"font-size: small;\"><span style=\"font-family: arial,helvetica,sans-serif;\">Objectives:</span></span></p><ol><li><span style=\"font-size: small;\"><span style=\"font-family: arial,helvetica,sans-serif;\">To listen for \"change talk\" in a patient role play.</span></span></li><li><span style=\"font-size: small;\"><span style=\"font-family: arial,helvetica,sans-serif;\">To learn communication strategies appropriate for a patient ambivalent about behavior change.&nbsp;&nbsp;</span></span></li><li><span style=\"font-size: small;\"><span style=\"font-family: arial,helvetica,sans-serif;\">To consider the challenges associated with selecting appropriate goal intensity.</span></span></li><li><span style=\"font-size: small;\"><span style=\"font-family: arial,helvetica,sans-serif;\">To review the Elicit-Provide-Elicit framework for information exchange.&nbsp; </span></span></li></ol><p><span style=\"font-size: small;\"><span style=\"font-family: arial,helvetica,sans-serif;\"><span style=\"color: #ff0000;\"><strong>Note:</strong></span> You will receive an eblast with call-in and GoToMeetings final steps to completing the webinar registration.&nbsp; The eblast will be sent 1-3 days before the webinar.<br /></span></span></p>',0,10,0,0,'directing-patient-conversations-toward-behavior-change-part-2',0,'',2,'/files/products/RPG_Webinar_regis_infoApril2012.pdf',1,0,0,1),
	(464,'Recorded: Directing Patient Conversations toward Behavior Change Part 2','<p style=\"text-align: center;\"><span style=\"font-size: small;\"><span style=\"font-family: arial,helvetica,sans-serif;\"><strong>Recording of<br />Directing Patient Conversations toward Behavior Change Part 2:&nbsp; Case Based Learning</strong><strong><br />Speaker: Kristin S. Vickers Douglas, Ph.D</strong><strong></strong><br /> </span></span></p><p><span style=\"font-size: small;\"><span style=\"font-family: arial,helvetica,sans-serif;\">Objectives:</span></span></p><ol><li><span style=\"font-size: small;\"><span style=\"font-family: arial,helvetica,sans-serif;\">To listen for \"change talk\" in a patient role play.</span></span></li><li><span style=\"font-size: small;\"><span style=\"font-family: arial,helvetica,sans-serif;\">To learn communication strategies appropriate for a patient ambivalent about behavior change.&nbsp;&nbsp;</span></span></li><li><span style=\"font-size: small;\"><span style=\"font-family: arial,helvetica,sans-serif;\">To consider the challenges associated with selecting appropriate goal intensity.</span></span></li><li><span style=\"font-size: small;\"><span style=\"font-family: arial,helvetica,sans-serif;\">To review the Elicit-Provide-Elicit framework for information exchange.&nbsp; </span></span></li></ol><p><span style=\"font-size: small;\"><span style=\"font-family: arial,helvetica,sans-serif;\">RPG Member Fee: $10<br /> RPG Non-Member Fee: $20</span></span></p><p><span style=\"font-size: small;\"><span style=\"font-family: arial,helvetica,sans-serif;\"><span style=\"color: #ff0000;\"><strong></strong></span></span></span></p>',20,10,0,0,'recorded-directing-patient-conversations-toward-behavior-change-part-2',1,'/files/products/Directing_Conversations_2012_part2.flv',2,'/files/products/RPG_Vickers_Douglas_Apr.pdf',1,0,0,1),
	(465,'NCP & Standardized Language in Nephrology Nutrition Webinar','<p style=\"text-align: center;\">\"Exciting &amp; Informative\" Webinar<br />Nutrition Care Process and Standardized Language in Nephrology Nutrition<br /><span style=\"color: #ff0000;\">Members Only</span></p><p style=\"text-align: left;\"><strong><span style=\"text-decoration: underline;\">Important Note:</span></strong> To view the webinar, after you have completed the order, click on the download file (from your My Account page) and the file will have the webinar url link.&nbsp; Click on this link to view the webinar.</p><p style=\"text-align: left;\">My Account page: <a href=\"http://www.renalnutrition.org/myaccount\" target=\"_blank\">www.renalnutrition.org/myaccount</a></p>',0,0,0,0,'ncp-standardized-language-in-nephrology-nutrition-webinar',0,'',2,'/files/products/Exciting_webinar_ncp_renal_membersonly.doc',1,0,0,1),
	(466,'test one','<p>test one</p>',0,0,0,0,'test-one',0,'',8,'',1,0,0,1),
	(467,'Creative Kidney Cooking for the Whole Family','<p style=\"text-align: center;\"><span style=\"font-size: small;\">Creative Kidney Cooking for the whole family.<br />Author: Rebekah Engum, RD<br />Publication: 2012</span></p><p style=\"text-align: center;\"><span class=\"SSPro_Product_Description\"><div style=\"text-align: left; background-color: #ffffff; margin: 8px; color: #000000; font-size: 10px; background-origin: initial; background-clip: initial;\"><span style=\"font-size: small;\">To utilize this valuable member benefit and resource, please follow the easy steps listed below:</span></div><ul><li><div style=\"text-align: left; background-color: #ffffff; margin: 8px; color: #000000; font-size: 10px; background-origin: initial; background-clip: initial;\"><span style=\"font-size: small;\">You can request/borrow up to 3 resources at one time.</span></div></li><li><div style=\"text-align: left; background-color: #ffffff; margin: 8px; color: #000000; font-size: 10px; background-origin: initial; background-clip: initial;\"><span style=\"font-size: small;\">A  $20.00 deposit for each resource is required. This deposit will be  refunded when the resource is returned within the required timeframe. </span><span style=\"font-size: small;\">The  resources may be borrowed for 28 days after the date you receive them.&nbsp;  This allows other members to take advantage of this member benefit too.</span></div></li><li><div style=\"text-align: left; background-color: #ffffff; margin: 8px; color: #000000; font-size: 10px; background-origin: initial; background-clip: initial;\"><span style=\"font-size: small;\">Please complete the information below and online payment information.</span></div></li></ul><p style=\"text-align: left; background-color: #ffffff; margin: 8px; color: #000000; font-size: 10px; background-origin: initial; background-clip: initial;\"><span style=\"font-size: small;\">*Any shipping charges (for non-downloadable items) and sales tax will be calculated during the checkout process.</span></p></span></p>',0,20,0,0,'creative-kidney-cooking-for-the-whole-family',0,'',5,'',1,0,0,1),
	(468,'Create your Own Kidney Diet Plan: Build a Meal Plan for Stage 3-4 Renal Disease','<div style=\"text-align: center; background-color: #ffffff; margin: 8px; color: #000000; font-size: 10px;\"><span style=\"font-family: arial,helvetica,sans-serif;\"><span style=\"font-size: small;\">Create your Own Kidney Diet Plan: Build a Meal Plan for Stage 3-4 Renal Disease<br /> by Mathea Ford, RD, LD</span></span></div><div style=\"text-align: center; background-color: #ffffff; margin: 8px; color: #000000; font-size: 10px;\"><br /></div><div style=\"text-align: left; background-color: #ffffff; margin: 8px; color: #000000; font-size: 10px;\"><span style=\"font-family: arial,helvetica,sans-serif;\"><span style=\"font-size: small;\">To utilize this valuable member benefit and resource, please follow the easy steps listed below:</span></span></div><ul><li><div style=\"text-align: left; background-color: #ffffff; margin: 8px; color: #000000; font-size: 10px; background-origin: initial; background-clip: initial;\"><span style=\"font-family: arial,helvetica,sans-serif;\"><span style=\"font-size: small;\">You can request/borrow up to 3 resources at one time.</span></span></div></li><li><div style=\"text-align: left; background-color: #ffffff; margin: 8px; color: #000000; font-size: 10px; background-origin: initial; background-clip: initial;\"><span style=\"font-family: arial,helvetica,sans-serif;\"><span style=\"font-size: small;\">A  $20.00 deposit for each resource is required. This deposit will be  refunded when the resource is returned within the required timeframe. </span></span><span style=\"font-family: arial,helvetica,sans-serif;\"><span style=\"font-size: small;\">The  resources may be borrowed for 28 days after the date you receive them.&nbsp;  This allows other members to take advantage of this member benefit too.</span></span></div></li><li><div style=\"text-align: left; background-color: #ffffff; margin: 8px; color: #000000; font-size: 10px; background-origin: initial; background-clip: initial;\"><span style=\"font-family: arial,helvetica,sans-serif;\"><span style=\"font-size: small;\">Please complete the information below and online payment information.</span></span></div></li></ul><p style=\"text-align: left; background-color: #ffffff; margin: 8px; color: #000000; font-size: 10px; background-origin: initial; background-clip: initial;\"><span style=\"font-family: arial,helvetica,sans-serif;\"><span style=\"font-size: small;\">*Any shipping charges (for non-downloadable items) and sales tax will be calculated during the checkout process.</span></span></p>',0,20,0,0,'create-your-own-kidney-diet-plan-build-a-meal-plan-for-stage-3-4-renal-disease',0,'',9,'',1,0,0,1),
	(469,'Nutritional Management: Nutritional Management of Renal Disease 3rd Ed','<p style=\"text-align: center;\"><span style=\"font-size: small;\">Nutritional Management: Nutritional Management of Renal Disease <br />3rd Ed<br />Joel D. Kopple<br />Shaul G. Massry<br />Kamyar Kalantar-Zadeh</span></p><p style=\"text-align: left;\"><span style=\"font-size: small;\">To utilize this valuable member benefit and resource, please follow the easy steps listed below:</span></p><ul><li><span style=\"font-size: small;\">You can request/borrow up to 3 resources at one time.</span></li><li><span style=\"font-size: small;\">A $20.00 deposit for each resource is required. This deposit will be refunded when the resource is returned within the required timeframe. The resources may be borrowed for 28 days after the date you receive them.&nbsp; This allows other members to take advantage of this member benefit too.</span></li><li><span style=\"font-size: small;\">Please complete the information below and online payment information.</span></li></ul><p style=\"text-align: left;\"><span style=\"font-size: small;\">*Any shipping charges (for non-downloadable items) and sales tax will be calculated during the checkout process.</span></p>',0,20,0,0,'nutritional-management-nutritional-management-of-renal-disease-3rd-ed',1,'',9,'',1,0,0,1),
	(470,'Recorded Webinar: PD & Home Therapies by Anna Evans MEd, RD, LD','<p style=\"text-align: left;\"><span style=\"color: #ff0000;\"><strong>Recorded Webinar<span style=\"color: #000000;\"><br /></span></strong></span><strong>PD &amp; Home Therapies</strong><br /><br /><strong>Speaker: Anna Evans MEd, RD, LD<br />Member Cost:</strong> $5.00<br /><strong>Non-Member Cost:</strong> $10.00</p>',0,10,0,0,'recorded-webinar-pd-home-therapies-by-anna-evans-med-rd-ld',0,'/files/products/PD-Home-Therapies.flv',2,'/files/products/RPGWebinarPDHemo2013FINAL.pdf',1,0,0,1),
	(471,'Recorded Webinar: Nutrition Support in the Acute Kidney Injury Patient','<p><strong><span style=\"color: #ff0000;\">Recorded Webinar</span><br />Nutrition Support in the Acute Kidney Injury Patient Requiring Continuous Renal Replacement Therapy (CRRT)<br /><br />Speaker: Jennifer Wooley, MS, RD, CNSC</strong><br /><strong>Member Cost: </strong>$5.00<br /><strong>Non-Member Cost:</strong> $10.00</p>',0,10,0,0,'recorded-webinar-nutrition-support-in-the-acute-kidney-injury-patient',0,'/files/products/Nutrition-Support-in-Acute-Kidney-Injury.flv',2,'/files/products/RPGAKIWebinarWooleyFINAL2013.pdf',1,0,0,1);

/*!40000 ALTER TABLE `products` ENABLE KEYS */;
UNLOCK TABLES;


# Dump of table productsForCategories
# ------------------------------------------------------------

DROP TABLE IF EXISTS `productsForCategories`;

CREATE TABLE `productsForCategories` (
  `product_id` int(11) unsigned NOT NULL,
  `category_id` int(11) DEFAULT NULL,
  KEY `product_id` (`product_id`),
  KEY `category_id` (`category_id`)
) ENGINE=InnoDB DEFAULT CHARSET=latin1;

LOCK TABLES `productsForCategories` WRITE;
/*!40000 ALTER TABLE `productsForCategories` DISABLE KEYS */;

INSERT INTO `productsForCategories` (`product_id`, `category_id`)
VALUES
	(1,1),
	(2,1),
	(3,1),
	(4,1),
	(5,2),
	(6,2),
	(7,2),
	(8,2),
	(9,3),
	(10,3),
	(11,3),
	(12,3),
	(13,4),
	(14,3),
	(15,3),
	(16,3),
	(17,4),
	(18,3),
	(19,3),
	(20,4),
	(21,4),
	(22,4),
	(23,4),
	(24,4),
	(25,4),
	(26,4),
	(27,4),
	(28,4),
	(29,4),
	(30,4),
	(31,4),
	(32,4),
	(33,4),
	(34,4),
	(35,4),
	(36,4),
	(37,4),
	(38,4),
	(39,4),
	(40,4),
	(41,4),
	(42,4),
	(43,4),
	(44,4),
	(45,4),
	(46,4),
	(47,4),
	(48,4),
	(49,4),
	(50,4),
	(51,4),
	(52,4),
	(53,4),
	(54,4),
	(55,4),
	(56,4),
	(57,4),
	(58,4),
	(59,4),
	(60,4),
	(61,4),
	(62,4),
	(63,4),
	(64,4),
	(65,4),
	(66,4),
	(67,4),
	(68,4),
	(69,4),
	(70,4),
	(71,4),
	(72,4),
	(73,4),
	(74,4),
	(75,4),
	(76,4),
	(77,4),
	(78,4),
	(79,4),
	(80,4),
	(81,4),
	(82,4),
	(83,4),
	(84,4),
	(85,4),
	(86,4),
	(87,4),
	(88,4),
	(89,4),
	(90,4),
	(91,4),
	(92,4),
	(93,4),
	(94,4),
	(95,4),
	(96,4),
	(97,4),
	(98,4),
	(99,4),
	(100,4),
	(101,4),
	(102,4),
	(103,4),
	(104,4),
	(105,4),
	(106,4),
	(107,4),
	(108,4),
	(109,4),
	(110,4),
	(111,4),
	(112,4),
	(113,4),
	(114,4),
	(115,4),
	(116,4),
	(117,4),
	(118,4),
	(119,4),
	(120,4),
	(121,4),
	(122,4),
	(123,4),
	(124,4),
	(125,4),
	(126,4),
	(127,4),
	(128,4),
	(129,4),
	(130,4),
	(131,4),
	(132,4),
	(133,4),
	(134,4),
	(135,4),
	(136,4),
	(137,4),
	(138,4),
	(139,4),
	(140,4),
	(141,4),
	(142,4),
	(143,4),
	(144,4),
	(145,4),
	(146,4),
	(147,4),
	(148,4),
	(149,4),
	(150,4),
	(151,4),
	(152,4),
	(153,4),
	(154,4),
	(155,4),
	(156,4),
	(157,4),
	(158,4),
	(159,4),
	(160,4),
	(161,4),
	(162,4),
	(163,4),
	(164,4),
	(165,4),
	(166,4),
	(167,4),
	(168,4),
	(169,4),
	(170,4),
	(171,4),
	(172,4),
	(173,4),
	(174,4),
	(175,4),
	(176,4),
	(177,4),
	(178,4),
	(179,4),
	(180,4),
	(181,4),
	(182,4),
	(183,4),
	(184,4),
	(185,4),
	(186,4),
	(187,4),
	(188,4),
	(189,4),
	(190,4),
	(191,4),
	(192,4),
	(193,4),
	(194,4),
	(195,4),
	(196,4),
	(197,4),
	(198,4),
	(199,4),
	(200,4),
	(201,4),
	(202,4),
	(203,4),
	(204,4),
	(205,4),
	(206,4),
	(207,4),
	(208,4),
	(209,4),
	(210,4),
	(211,4),
	(212,4),
	(213,4),
	(214,4),
	(215,4),
	(216,4),
	(217,4),
	(218,4),
	(219,4),
	(220,4),
	(221,4),
	(222,4),
	(223,4),
	(224,3),
	(225,4),
	(226,4),
	(227,4),
	(228,4),
	(229,4),
	(230,4),
	(231,4),
	(232,4),
	(233,4),
	(234,4),
	(235,4),
	(236,4),
	(237,4),
	(238,4),
	(239,4),
	(240,4),
	(241,4),
	(242,4),
	(243,4),
	(244,4),
	(245,4),
	(246,4),
	(247,4),
	(248,4),
	(249,4),
	(250,4),
	(251,4),
	(252,4),
	(253,4),
	(254,4),
	(255,4),
	(256,4),
	(257,4),
	(258,4),
	(259,4),
	(260,4),
	(261,4),
	(262,4),
	(263,4),
	(264,4),
	(265,4),
	(266,4),
	(267,4),
	(268,4),
	(269,4),
	(270,4),
	(271,4),
	(272,4),
	(273,4),
	(274,4),
	(275,4),
	(276,4),
	(277,4),
	(278,4),
	(279,4),
	(280,4),
	(281,4),
	(282,4),
	(283,4),
	(284,4),
	(285,4),
	(286,4),
	(287,4),
	(288,4),
	(289,4),
	(290,4),
	(291,4),
	(292,4),
	(293,4),
	(294,4),
	(295,4),
	(296,4),
	(297,4),
	(298,4),
	(299,4),
	(300,4),
	(301,4),
	(302,3),
	(303,3),
	(304,3),
	(305,4),
	(306,4),
	(307,4),
	(308,4),
	(309,4),
	(310,3),
	(311,3),
	(312,3),
	(313,3),
	(314,3),
	(315,3),
	(316,3),
	(317,3),
	(318,3),
	(319,3),
	(320,3),
	(321,3),
	(322,3),
	(323,3),
	(324,3),
	(325,3),
	(326,3),
	(327,3),
	(328,3),
	(329,3),
	(330,3),
	(331,3),
	(332,3),
	(333,3),
	(334,3),
	(335,3),
	(336,3),
	(337,4),
	(338,4),
	(339,4),
	(340,4),
	(341,4),
	(342,4),
	(343,4),
	(344,4),
	(345,4),
	(346,4),
	(347,3),
	(348,4),
	(349,4),
	(350,4),
	(351,4),
	(352,4),
	(353,4),
	(354,4),
	(355,4),
	(356,4),
	(357,4),
	(358,4),
	(359,4),
	(360,4),
	(361,4),
	(362,4),
	(363,4),
	(364,4),
	(365,4),
	(366,4),
	(367,4),
	(368,4),
	(369,4),
	(370,4),
	(371,4),
	(372,4),
	(373,4),
	(374,4),
	(375,3),
	(376,4),
	(377,3),
	(378,4),
	(379,3),
	(380,4),
	(381,3),
	(382,4),
	(383,3),
	(384,4),
	(385,3),
	(386,4),
	(387,3),
	(388,4),
	(389,3),
	(390,4),
	(391,3),
	(392,4),
	(393,3),
	(394,4),
	(395,3),
	(396,4),
	(397,3),
	(398,4),
	(399,4),
	(400,4),
	(401,4),
	(402,5),
	(403,5),
	(404,5),
	(405,5),
	(406,5),
	(407,5),
	(408,5),
	(409,5),
	(410,5),
	(411,5),
	(412,5),
	(413,5),
	(414,5),
	(415,5),
	(416,5),
	(417,5),
	(418,6),
	(419,6),
	(420,7),
	(421,7),
	(422,8),
	(423,8),
	(424,9),
	(425,9),
	(426,9),
	(427,9),
	(428,9),
	(429,9),
	(430,9),
	(431,9),
	(432,9),
	(433,9),
	(434,9),
	(435,9),
	(436,9),
	(437,9),
	(438,9),
	(439,9),
	(440,9),
	(441,9),
	(442,9),
	(443,9),
	(444,9),
	(445,9),
	(446,9),
	(447,9),
	(448,9),
	(449,9),
	(450,9),
	(451,9),
	(452,10),
	(453,11),
	(454,11),
	(455,12),
	(456,12),
	(457,12),
	(458,12),
	(459,12),
	(460,2),
	(461,2),
	(462,9),
	(463,2),
	(464,2),
	(465,2),
	(466,8),
	(467,5),
	(468,9),
	(469,9),
	(470,2),
	(471,2);

/*!40000 ALTER TABLE `productsForCategories` ENABLE KEYS */;
UNLOCK TABLES;


# Dump of table purchasesForUser
# ------------------------------------------------------------

DROP TABLE IF EXISTS `purchasesForUser`;

CREATE TABLE `purchasesForUser` (
  `product_id` int(11) NOT NULL,
  `user_id` int(11) NOT NULL,
  `downloads` int(11) NOT NULL DEFAULT '0',
  `transaction_id` bigint(200) DEFAULT NULL,
  `quantity` int(11) DEFAULT NULL,
  `order_price` float DEFAULT NULL,
  `status` tinyint(11) NOT NULL DEFAULT '0',
  `purchase_id` int(11) unsigned NOT NULL AUTO_INCREMENT,
  PRIMARY KEY (`purchase_id`),
  KEY `product_id` (`product_id`,`user_id`)
) ENGINE=InnoDB DEFAULT CHARSET=latin1;

LOCK TABLES `purchasesForUser` WRITE;
/*!40000 ALTER TABLE `purchasesForUser` DISABLE KEYS */;

INSERT INTO `purchasesForUser` (`product_id`, `user_id`, `downloads`, `transaction_id`, `quantity`, `order_price`, `status`, `purchase_id`)
VALUES
	(1,151,3,10718,1,69,2,1),
	(3,151,0,10718,1,49,2,2),
	(2,153,20,10720,1,69,2,3),
	(3,154,0,10721,1,49,2,4),
	(1,8,1,10600,1,69,2,5),
	(3,14,0,10606,1,49,2,6),
	(1,21,2,10613,1,69,2,7),
	(2,23,0,10616,1,69,2,8),
	(4,30,1,10622,1,49,2,9),
	(2,37,2,10629,1,69,2,10),
	(3,162,2,10722,1,49,2,11),
	(2,50,0,10642,1,69,2,12),
	(4,56,0,10648,1,49,2,13),
	(2,63,0,10655,1,69,2,14),
	(4,66,1,10658,1,49,2,15),
	(2,73,0,10665,1,69,2,16),
	(4,163,0,10725,1,49,2,17),
	(4,164,0,10733,1,69,2,18),
	(3,89,0,10681,1,49,2,19),
	(1,108,1,10688,1,69,2,20),
	(1,129,0,10693,1,69,2,21),
	(2,129,0,10693,1,69,2,22),
	(3,129,0,10693,1,49,2,23),
	(4,89,0,10681,1,49,2,24),
	(1,90,0,10682,1,69,2,25),
	(2,90,0,10682,1,69,2,26),
	(3,90,0,10682,1,49,2,27),
	(4,90,0,10682,1,49,2,28),
	(1,91,0,10683,1,69,2,29),
	(2,91,0,10683,1,69,2,30),
	(3,91,0,10683,1,49,2,31),
	(4,91,0,10683,1,49,2,32),
	(1,92,0,10684,1,69,2,33),
	(2,92,0,10684,1,69,2,34),
	(3,92,0,10684,1,49,2,35),
	(2,108,0,10688,1,69,2,36),
	(3,108,0,10688,1,49,2,37),
	(4,108,0,10688,1,49,2,38),
	(1,113,1,10689,1,69,2,39),
	(2,113,0,10689,1,69,2,40),
	(3,113,1,10689,1,49,2,41),
	(4,113,0,10689,1,49,2,42),
	(3,48,0,10735,1,69,2,43),
	(2,118,0,10690,1,69,2,44),
	(4,79,0,10738,1,69,2,45),
	(1,124,2,10691,1,69,2,46),
	(1,130,0,10694,1,69,2,47),
	(3,148,0,10712,1,49,2,48),
	(4,148,0,10712,1,49,2,49),
	(1,149,5,10713,1,69,2,50),
	(2,149,8,10713,1,69,2,51),
	(3,149,7,10713,1,49,2,52),
	(4,149,11,10713,1,49,2,53),
	(4,24,0,10741,1,69,2,54),
	(2,177,1,10746,1,69,2,55),
	(3,177,0,10746,1,69,2,56),
	(4,177,0,10746,1,69,2,57),
	(2,130,0,10694,1,69,2,58),
	(3,155,0,10724,1,49,2,59),
	(3,43,0,10732,1,69,2,60),
	(4,43,0,10732,1,69,2,61),
	(1,161,4,10748,1,69,2,62),
	(2,161,6,10748,1,69,2,63),
	(3,161,3,10748,1,69,2,64),
	(4,161,2,10748,1,69,2,65),
	(1,168,0,10753,1,69,2,66),
	(3,168,0,10753,1,69,2,67),
	(2,0,0,10715,1,69,2,68),
	(4,169,1,10729,1,69,2,69),
	(3,160,12,10751,1,69,2,70),
	(2,168,0,10753,1,69,2,71),
	(4,168,0,10753,1,69,2,72),
	(2,170,3,10757,1,69,2,73),
	(3,170,3,10757,1,69,2,74),
	(4,170,4,10757,1,69,2,75),
	(1,170,12,10757,1,69,2,76),
	(1,174,13,10759,1,69,2,77),
	(2,174,4,10759,1,69,2,78),
	(3,152,13,10719,1,49,2,79),
	(1,165,6,10726,1,69,2,80),
	(2,165,17,10726,1,69,2,81),
	(4,165,2,10726,1,49,2,82),
	(3,165,4,10726,1,69,2,83),
	(3,51,0,10736,1,69,2,84),
	(4,51,0,10736,1,69,2,85),
	(1,182,2,10755,1,69,2,86),
	(2,182,3,10755,1,69,2,87),
	(3,182,6,10755,1,69,2,88),
	(4,182,3,10755,1,69,2,89),
	(6,93,1,11242,1,5,2,90),
	(299,94,0,11246,1,2,2,91),
	(465,98,1,11250,1,0,2,92),
	(465,507,2,11252,1,0,2,93),
	(465,101,1,11254,1,0,2,94),
	(465,102,3,11255,1,0,2,95),
	(465,106,1,11258,1,0,2,96),
	(465,111,1,11266,1,0,2,97),
	(465,112,2,11267,1,0,2,98),
	(4,174,3,10759,1,69,2,99),
	(6,100,2,11251,1,5,2,100),
	(465,103,1,11256,1,0,2,101),
	(465,510,4,11262,1,0,2,102),
	(465,112,0,11268,1,0,2,103),
	(461,114,2,11269,1,5,2,104),
	(464,114,2,11269,1,10,2,105),
	(6,114,2,11269,1,5,2,106),
	(7,114,1,11269,1,5,2,107),
	(6,115,1,11270,1,5,2,108),
	(465,117,3,11272,1,0,2,109),
	(1,175,9,10760,1,69,2,110),
	(465,21,3,11247,1,0,2,111),
	(461,119,0,11273,1,5,2,112),
	(465,507,0,11275,1,0,2,113),
	(434,120,0,11276,1,20,2,114),
	(427,120,0,11276,1,20,2,115),
	(459,515,0,11277,1,20,2,116),
	(465,121,1,11279,3,0,2,117),
	(464,217,6,11280,1,10,2,118),
	(465,217,3,11280,1,0,2,119),
	(465,125,0,11282,1,0,2,120),
	(1,146,2,10710,1,69,2,121),
	(461,217,1,11280,1,5,2,122),
	(465,126,1,11285,1,0,2,123),
	(465,459,0,11289,1,0,2,124),
	(465,513,1,11294,1,0,2,125),
	(6,514,2,11295,1,5,2,126),
	(465,522,0,11301,1,0,2,127),
	(465,181,2,11304,1,0,2,128),
	(7,525,1,11305,1,5,2,129),
	(461,525,0,11305,1,5,2,130),
	(2,146,0,10710,1,69,2,131),
	(461,107,1,11260,1,5,2,132),
	(6,116,1,11271,1,5,2,133),
	(464,119,0,11274,1,10,2,134),
	(465,510,0,11278,1,0,2,135),
	(465,208,2,11281,1,0,2,136),
	(465,517,0,11296,1,0,2,137),
	(465,529,0,11308,1,0,2,138),
	(439,531,0,11310,1,20,2,139),
	(7,530,0,11312,1,5,2,140),
	(6,530,1,11312,1,5,2,141),
	(3,146,0,10710,1,49,2,142),
	(465,104,3,11257,1,0,2,143),
	(402,154,0,11259,1,20,2,144),
	(465,508,4,11291,1,0,2,145),
	(465,516,1,11292,1,0,2,146),
	(6,509,2,11293,1,5,2,147),
	(465,520,1,11298,1,0,2,148),
	(465,533,0,11314,1,0,2,149),
	(465,536,1,11315,1,0,2,150),
	(465,538,1,11319,1,0,2,151),
	(4,146,0,10710,1,49,2,152),
	(465,109,2,11261,1,0,2,153),
	(465,512,1,11265,1,0,2,154),
	(6,523,2,11302,1,5,2,155),
	(6,525,1,11305,1,5,2,156),
	(465,532,2,11313,2,0,2,157),
	(465,534,0,11316,1,0,2,158),
	(465,541,1,11322,1,0,2,159),
	(465,544,4,11326,1,0,2,160),
	(465,550,0,11330,1,0,2,161),
	(1,147,0,10711,1,69,2,162),
	(465,95,0,11248,2,0,2,163),
	(7,507,1,11253,1,5,2,164),
	(465,122,1,11283,1,0,2,165),
	(6,519,1,11286,1,5,2,166),
	(465,518,1,11297,2,0,2,167),
	(465,224,2,11299,1,0,2,168),
	(465,539,6,11320,1,0,2,169),
	(465,552,1,11332,1,0,2,170),
	(6,429,1,11334,1,5,2,171),
	(2,147,0,10711,1,69,2,172),
	(3,147,0,10711,1,49,2,173),
	(4,147,0,10711,1,49,2,174),
	(1,148,0,10712,1,69,2,175),
	(2,148,0,10712,1,69,2,176),
	(3,130,0,10694,1,49,2,177),
	(4,130,0,10694,1,49,2,178),
	(1,131,0,10695,1,69,2,179),
	(2,131,0,10695,1,69,2,180),
	(3,131,0,10695,1,49,2,181),
	(4,131,0,10695,1,49,2,182),
	(2,188,7,10761,1,69,2,183),
	(2,132,0,10696,1,69,2,184),
	(3,188,11,10761,1,69,2,185),
	(4,188,2,10761,1,69,2,186),
	(1,133,0,10697,1,69,2,187),
	(2,133,0,10697,1,69,2,188),
	(3,133,1,10697,1,49,2,189),
	(4,133,2,10697,1,49,2,190),
	(1,134,0,10698,1,69,2,191),
	(2,134,0,10698,1,69,2,192),
	(3,134,0,10698,1,49,2,193),
	(4,134,0,10698,1,49,2,194),
	(1,135,0,10699,1,69,2,195),
	(2,135,0,10699,1,69,2,196),
	(3,135,0,10699,1,49,2,197),
	(4,135,0,10699,1,49,2,198),
	(1,136,1,10700,1,69,2,199),
	(2,136,0,10700,1,69,2,200),
	(1,128,5,10739,1,69,2,201),
	(3,128,0,10739,1,69,2,202),
	(4,128,0,10739,1,69,2,203),
	(2,171,0,10758,1,69,2,204),
	(4,171,0,10758,1,69,2,205),
	(1,171,2,10758,1,69,2,206),
	(3,171,0,10758,1,69,2,207),
	(1,188,22,10761,1,69,2,208),
	(5,178,0,10767,1,7.75,2,209),
	(8,178,0,10767,1,7.75,2,210),
	(5,194,0,10770,1,7.75,2,211),
	(3,86,0,10742,1,69,2,212),
	(4,142,0,10744,1,69,2,213),
	(3,142,0,10744,1,69,2,214),
	(3,174,2,10759,1,69,2,215),
	(8,191,0,10763,1,7.75,2,216),
	(5,191,0,10763,3,7.75,2,217),
	(5,176,0,10764,4,7.75,2,218),
	(8,194,0,10770,1,7.75,2,219),
	(8,179,0,10772,1,7.75,2,220),
	(5,179,0,10772,2,7.75,2,221),
	(5,181,0,10774,4,7.75,2,222),
	(4,172,0,10734,1,69,2,223),
	(1,172,1,10734,1,69,2,224),
	(3,172,0,10734,1,69,2,225),
	(2,172,2,10734,1,69,2,226),
	(3,158,0,10745,1,69,2,227),
	(4,158,0,10745,1,69,2,228),
	(4,57,5,10756,1,69,2,229),
	(5,184,0,10766,1,7.75,2,230),
	(5,190,0,10775,2,7.75,2,231),
	(5,197,0,10777,3,7.75,2,232),
	(1,166,12,10727,1,69,2,233),
	(2,166,24,10727,1,69,2,234),
	(4,166,6,10727,1,49,2,235),
	(3,166,20,10727,1,69,2,236),
	(5,20,0,10768,5,7.75,2,237),
	(8,181,0,10774,3,7.75,2,238),
	(5,186,0,10776,10,7.75,2,239),
	(5,198,0,10778,2,7.75,2,240),
	(8,182,0,10780,2,7.75,2,241),
	(8,195,0,10782,3,3.88,2,242),
	(8,203,0,10785,3,3.88,2,243),
	(6,198,2,10789,1,5,2,244),
	(3,136,0,10700,1,49,2,245),
	(4,136,0,10700,1,49,2,246),
	(3,58,0,10737,1,69,2,247),
	(2,137,0,10701,1,69,2,248),
	(4,58,0,10737,1,69,2,249),
	(1,187,0,10762,1,69,2,250),
	(1,138,3,10702,1,69,2,251),
	(2,138,0,10702,1,69,2,252),
	(3,138,0,10702,1,49,2,253),
	(4,138,0,10702,1,49,2,254),
	(1,139,0,10703,1,69,2,255),
	(4,187,0,10762,1,69,2,256),
	(2,187,0,10762,1,69,2,257),
	(1,140,0,10704,1,69,2,258),
	(2,140,0,10704,1,69,2,259),
	(3,140,1,10704,1,49,2,260),
	(4,140,0,10704,1,49,2,261),
	(1,141,0,10705,1,69,2,262),
	(2,141,0,10705,1,69,2,263),
	(3,141,0,10705,1,49,2,264),
	(4,141,0,10705,1,49,2,265),
	(3,187,0,10762,1,69,2,266),
	(2,142,1,10706,1,69,2,267),
	(4,14,0,10606,1,49,2,268),
	(1,15,0,10607,1,69,2,269),
	(2,15,0,10607,1,69,2,270),
	(3,15,0,10607,1,49,2,271),
	(4,15,0,10607,1,49,2,272),
	(1,16,3,10608,1,69,2,273),
	(2,16,3,10608,1,69,2,274),
	(3,16,2,10608,1,49,2,275),
	(4,16,2,10608,1,49,2,276),
	(1,17,0,10609,1,69,2,277),
	(2,17,0,10609,1,69,2,278),
	(3,17,0,10609,1,49,2,279),
	(2,8,0,10600,1,69,2,280),
	(3,8,0,10600,1,49,2,281),
	(4,8,0,10600,1,49,2,282),
	(1,9,0,10601,1,69,2,283),
	(2,9,0,10601,1,69,2,284),
	(3,9,0,10601,1,49,2,285),
	(4,9,0,10601,1,49,2,286),
	(1,10,25,10602,1,69,2,287),
	(2,10,28,10602,1,69,2,288),
	(3,10,12,10602,1,49,2,289),
	(4,10,2,10602,1,49,2,290),
	(1,11,0,10603,1,69,2,291),
	(2,21,3,10613,1,69,2,292),
	(3,21,1,10613,1,49,2,293),
	(4,21,2,10613,1,49,2,294),
	(1,164,0,10733,1,69,2,295),
	(2,24,0,10614,1,69,2,296),
	(4,159,4,10747,1,69,2,297),
	(1,168,4,10754,1,69,2,298),
	(1,22,1,10615,1,69,2,299),
	(2,22,0,10615,1,69,2,300),
	(3,22,0,10615,1,49,2,301),
	(4,22,0,10615,1,49,2,302),
	(1,23,0,10616,1,69,2,303),
	(3,23,0,10616,1,49,2,304),
	(4,23,0,10616,1,49,2,305),
	(1,25,0,10617,1,69,2,306),
	(2,25,0,10617,1,69,2,307),
	(3,25,0,10617,1,49,2,308),
	(4,25,0,10617,1,49,2,309),
	(1,26,2,10618,1,69,2,310),
	(2,26,0,10618,1,69,2,311),
	(3,26,0,10618,1,49,2,312),
	(4,26,0,10618,1,49,2,313),
	(1,27,0,10619,1,69,2,314),
	(2,27,3,10619,1,69,2,315),
	(1,31,0,10623,1,69,2,316),
	(2,31,0,10623,1,69,2,317),
	(3,31,0,10623,1,49,2,318),
	(4,31,0,10623,1,49,2,319),
	(1,32,0,10624,1,69,2,320),
	(2,32,0,10624,1,69,2,321),
	(3,32,0,10624,1,49,2,322),
	(4,32,0,10624,1,49,2,323),
	(1,33,4,10625,1,69,2,324),
	(2,33,4,10625,1,69,2,325),
	(3,33,4,10625,1,49,2,326),
	(4,33,1,10625,1,49,2,327),
	(3,37,11,10629,1,49,2,328),
	(4,37,2,10629,1,49,2,329),
	(3,118,8,10740,1,69,2,330),
	(2,38,0,10630,1,69,2,331),
	(4,118,3,10740,1,69,2,332),
	(1,39,0,10631,1,69,2,333),
	(2,39,0,10631,1,69,2,334),
	(3,39,0,10631,1,49,2,335),
	(4,39,0,10631,1,49,2,336),
	(1,40,0,10632,1,69,2,337),
	(2,40,0,10632,1,69,2,338),
	(1,44,0,10636,1,69,2,339),
	(2,44,0,10636,1,69,2,340),
	(3,44,0,10636,1,49,2,341),
	(4,44,0,10636,1,49,2,342),
	(1,45,0,10637,1,69,2,343),
	(2,45,0,10637,1,69,2,344),
	(3,45,0,10637,1,49,2,345),
	(4,45,0,10637,1,49,2,346),
	(1,46,0,10638,1,69,2,347),
	(2,46,0,10638,1,69,2,348),
	(3,46,0,10638,1,49,2,349),
	(4,46,0,10638,1,49,2,350),
	(3,50,0,10642,1,49,2,351),
	(4,50,0,10642,1,49,2,352),
	(3,38,0,10731,1,69,2,353),
	(2,51,3,10643,1,69,2,354),
	(4,38,0,10731,1,69,2,355),
	(1,52,0,10644,1,69,2,356),
	(2,52,0,10644,1,69,2,357),
	(3,52,0,10644,1,49,2,358),
	(4,52,0,10644,1,49,2,359),
	(1,53,0,10645,1,69,2,360),
	(2,53,0,10645,1,69,2,361),
	(3,79,0,10738,1,69,2,362),
	(2,79,0,10738,1,69,2,363),
	(1,143,0,10707,1,69,2,364),
	(2,143,0,10707,1,69,2,365),
	(3,143,0,10707,1,49,2,366),
	(4,143,0,10707,1,49,2,367),
	(1,144,2,10708,1,69,2,368),
	(2,144,2,10708,1,69,2,369),
	(3,144,1,10708,1,49,2,370),
	(4,144,0,10708,1,49,2,371),
	(2,145,4,10709,1,69,2,372),
	(4,173,1,10750,1,69,2,373),
	(2,57,0,10649,1,69,2,374),
	(3,173,3,10750,1,69,2,375),
	(2,160,12,10751,1,69,2,376),
	(4,160,11,10751,1,69,2,377),
	(2,58,0,10650,1,69,2,378),
	(1,160,13,10751,1,69,2,379),
	(1,59,1,10651,1,69,2,380),
	(2,59,0,10651,1,69,2,381),
	(3,59,0,10651,1,49,2,382),
	(4,59,0,10651,1,49,2,383),
	(3,63,0,10655,1,49,2,384),
	(4,63,0,10655,1,49,2,385),
	(1,64,0,10656,1,69,2,386),
	(2,64,0,10656,1,69,2,387),
	(3,64,0,10656,1,49,2,388),
	(4,64,0,10656,1,49,2,389),
	(1,65,0,10657,1,69,2,390),
	(2,65,0,10657,1,69,2,391),
	(3,65,0,10657,1,49,2,392),
	(4,65,0,10657,1,49,2,393),
	(1,66,9,10658,1,69,2,394),
	(2,66,5,10658,1,69,2,395),
	(3,73,0,10665,1,49,2,396),
	(4,73,0,10665,1,49,2,397),
	(1,74,0,10666,1,69,2,398),
	(2,74,0,10666,1,69,2,399),
	(3,74,0,10666,1,49,2,400),
	(4,74,0,10666,1,49,2,401),
	(1,75,0,10667,1,69,2,402),
	(2,75,0,10667,1,69,2,403),
	(3,75,0,10667,1,49,2,404),
	(4,75,0,10667,1,49,2,405),
	(1,76,0,10668,1,69,2,406),
	(2,76,0,10668,1,69,2,407),
	(1,67,0,10659,1,69,2,408),
	(2,67,0,10659,1,69,2,409),
	(3,67,0,10659,1,49,2,410),
	(4,67,0,10659,1,49,2,411),
	(1,68,0,10660,1,69,2,412),
	(2,68,0,10660,1,69,2,413),
	(3,68,0,10660,1,49,2,414),
	(4,68,0,10660,1,49,2,415),
	(1,69,0,10661,1,69,2,416),
	(2,69,0,10661,1,69,2,417),
	(3,69,0,10661,1,49,2,418),
	(4,69,0,10661,1,49,2,419),
	(1,80,2,10672,1,69,2,420),
	(2,80,0,10672,1,69,2,421),
	(3,80,0,10672,1,49,2,422),
	(4,80,0,10672,1,49,2,423),
	(1,81,0,10673,1,69,2,424),
	(2,81,0,10673,1,69,2,425),
	(3,81,0,10673,1,49,2,426),
	(4,81,0,10673,1,49,2,427),
	(1,82,4,10674,1,69,2,428),
	(2,82,3,10674,1,69,2,429),
	(3,82,3,10674,1,49,2,430),
	(4,82,8,10674,1,49,2,431),
	(3,164,0,10733,1,69,2,432),
	(2,164,0,10733,1,69,2,433),
	(1,87,0,10679,1,69,2,434),
	(2,87,0,10679,1,69,2,435),
	(3,87,0,10679,1,49,2,436),
	(4,87,0,10679,1,49,2,437),
	(1,88,0,10680,1,69,2,438),
	(2,88,1,10680,1,69,2,439),
	(3,88,0,10680,1,49,2,440),
	(4,88,0,10680,1,49,2,441),
	(1,89,1,10681,1,69,2,442),
	(2,89,0,10681,1,69,2,443),
	(1,4,3,10596,1,69,2,444),
	(2,4,5,10596,1,69,2,445),
	(3,4,1,10596,1,49,2,446),
	(4,4,1,10596,1,49,2,447),
	(2,11,0,10603,1,69,2,448),
	(4,17,0,10609,1,49,2,449),
	(3,27,0,10619,1,49,2,450),
	(1,34,4,10626,1,69,2,451),
	(3,40,0,10632,1,49,2,452),
	(1,47,0,10639,1,69,2,453),
	(3,53,0,10645,1,49,2,454),
	(1,60,3,10652,1,69,2,455),
	(3,11,0,10603,1,49,2,456),
	(4,11,0,10603,1,49,2,457),
	(1,12,0,10604,1,69,2,458),
	(2,12,0,10604,1,69,2,459),
	(3,12,0,10604,1,49,2,460),
	(4,12,0,10604,1,49,2,461),
	(1,13,0,10605,1,69,2,462),
	(2,13,0,10605,1,69,2,463),
	(3,13,0,10605,1,49,2,464),
	(4,13,0,10605,1,49,2,465),
	(1,14,0,10606,1,69,2,466),
	(2,14,0,10606,1,69,2,467),
	(1,18,15,10610,1,69,2,468),
	(2,18,15,10610,1,69,2,469),
	(3,18,8,10610,1,49,2,470),
	(4,18,5,10610,1,49,2,471),
	(1,19,6,10611,1,69,2,472),
	(2,19,3,10611,1,69,2,473),
	(3,19,1,10611,1,49,2,474),
	(4,19,1,10611,1,49,2,475),
	(1,20,1,10612,1,69,2,476),
	(2,20,0,10612,1,69,2,477),
	(3,20,0,10612,1,49,2,478),
	(4,20,0,10612,1,49,2,479),
	(4,27,0,10619,1,49,2,480),
	(1,28,0,10620,1,69,2,481),
	(2,28,0,10620,1,69,2,482),
	(3,28,0,10620,1,49,2,483),
	(4,28,0,10620,1,49,2,484),
	(1,29,0,10621,1,69,2,485),
	(2,29,0,10621,1,69,2,486),
	(3,29,0,10621,1,49,2,487),
	(4,29,0,10621,1,49,2,488),
	(1,30,0,10622,1,69,2,489),
	(2,30,0,10622,1,69,2,490),
	(3,30,1,10622,1,49,2,491),
	(2,34,3,10626,1,69,2,492),
	(3,34,3,10626,1,49,2,493),
	(4,34,0,10626,1,49,2,494),
	(1,35,3,10627,1,69,2,495),
	(2,35,2,10627,1,69,2,496),
	(3,35,0,10627,1,49,2,497),
	(4,35,0,10627,1,49,2,498),
	(3,157,3,10723,1,49,2,499),
	(2,36,8,10628,1,69,2,500),
	(1,157,5,10723,1,69,2,501),
	(1,177,2,10746,1,69,2,502),
	(1,37,5,10629,1,69,2,503),
	(4,40,0,10632,1,49,2,504),
	(1,41,0,10633,1,69,2,505),
	(2,41,0,10633,1,69,2,506),
	(3,41,0,10633,1,49,2,507),
	(4,41,0,10633,1,49,2,508),
	(1,42,0,10634,1,69,2,509),
	(2,42,0,10634,1,69,2,510),
	(3,42,0,10634,1,49,2,511),
	(4,42,0,10634,1,49,2,512),
	(4,48,1,10735,1,69,2,513),
	(2,43,0,10635,1,69,2,514),
	(2,47,0,10639,1,69,2,515),
	(3,47,0,10639,1,49,2,516),
	(4,47,0,10639,1,49,2,517),
	(3,153,5,10720,1,49,2,518),
	(2,48,0,10640,1,69,2,519),
	(2,167,4,10752,1,69,2,520),
	(3,167,2,10752,1,69,2,521),
	(1,49,0,10641,1,69,2,522),
	(2,49,0,10641,1,69,2,523),
	(3,49,0,10641,1,49,2,524),
	(4,49,0,10641,1,49,2,525),
	(1,50,0,10642,1,69,2,526),
	(4,53,0,10645,1,49,2,527),
	(1,54,0,10646,1,69,2,528),
	(2,54,0,10646,1,69,2,529),
	(3,54,0,10646,1,49,2,530),
	(4,54,0,10646,1,49,2,531),
	(1,55,5,10647,1,69,2,532),
	(2,55,0,10647,1,69,2,533),
	(3,55,0,10647,1,49,2,534),
	(4,55,0,10647,1,49,2,535),
	(1,56,1,10648,1,69,2,536),
	(2,56,0,10648,1,69,2,537),
	(3,56,0,10648,1,49,2,538),
	(2,60,0,10652,1,69,2,539),
	(3,60,0,10652,1,49,2,540),
	(4,60,0,10652,1,49,2,541),
	(1,61,2,10653,1,69,2,542),
	(2,61,0,10653,1,69,2,543),
	(3,61,1,10653,1,49,2,544),
	(4,61,0,10653,1,49,2,545),
	(1,62,0,10654,1,69,2,546),
	(2,62,0,10654,1,69,2,547),
	(3,62,0,10654,1,49,2,548),
	(4,62,0,10654,1,49,2,549),
	(1,63,0,10655,1,69,2,550),
	(3,66,1,10658,1,49,2,551),
	(1,70,0,10662,1,69,2,552),
	(3,76,0,10668,1,49,2,553),
	(1,83,0,10675,1,69,2,554),
	(4,92,0,10684,1,49,2,555),
	(2,124,4,10691,1,69,2,556),
	(3,124,1,10691,1,49,2,557),
	(4,124,0,10691,1,49,2,558),
	(3,36,6,10730,1,69,2,559),
	(2,128,1,10692,1,69,2,560),
	(4,36,0,10730,1,69,2,561),
	(2,70,0,10662,1,69,2,562),
	(3,70,0,10662,1,49,2,563),
	(4,70,0,10662,1,49,2,564),
	(1,71,0,10663,1,69,2,565),
	(2,71,0,10663,1,69,2,566),
	(3,71,0,10663,1,49,2,567),
	(4,71,0,10663,1,49,2,568),
	(1,72,0,10664,1,69,2,569),
	(2,72,0,10664,1,69,2,570),
	(3,72,0,10664,1,49,2,571),
	(4,72,0,10664,1,49,2,572),
	(1,73,0,10665,1,69,2,573),
	(4,76,0,10668,1,49,2,574),
	(1,77,1,10669,1,69,2,575),
	(2,77,1,10669,1,69,2,576),
	(3,77,0,10669,1,49,2,577),
	(4,77,0,10669,1,49,2,578),
	(1,78,0,10670,1,69,2,579),
	(2,78,0,10670,1,69,2,580),
	(3,78,0,10670,1,49,2,581),
	(4,78,0,10670,1,49,2,582),
	(1,79,1,10671,1,69,2,583),
	(4,153,8,10720,1,49,2,584),
	(1,153,12,10720,1,69,2,585),
	(2,83,0,10675,1,69,2,586),
	(3,83,0,10675,1,49,2,587),
	(4,83,0,10675,1,49,2,588),
	(1,84,0,10676,1,69,2,589),
	(2,84,0,10676,1,69,2,590),
	(3,84,0,10676,1,49,2,591),
	(4,84,0,10676,1,49,2,592),
	(1,85,3,10677,1,69,2,593),
	(2,85,0,10677,1,69,2,594),
	(3,85,0,10677,1,49,2,595),
	(4,85,0,10677,1,49,2,596),
	(1,86,0,10678,1,69,2,597),
	(1,97,5,10685,1,69,2,598),
	(2,97,2,10685,1,69,2,599),
	(3,97,1,10685,1,49,2,600),
	(4,97,1,10685,1,49,2,601),
	(1,99,0,10686,1,69,2,602),
	(2,99,0,10686,1,69,2,603),
	(3,99,0,10686,1,49,2,604),
	(4,99,0,10686,1,49,2,605),
	(1,105,0,10687,1,69,2,606),
	(2,105,0,10687,1,69,2,607),
	(3,105,0,10687,1,49,2,608),
	(4,105,0,10687,1,49,2,609),
	(4,129,0,10693,1,49,2,610),
	(2,154,0,10721,1,69,2,611),
	(4,156,0,10728,1,49,2,612),
	(2,156,4,10728,1,69,2,613),
	(3,156,2,10728,1,69,2,614),
	(3,132,0,10743,1,69,2,615),
	(1,167,7,10752,1,69,2,616),
	(4,167,4,10752,1,69,2,617),
	(3,168,4,10754,1,69,2,618),
	(2,168,5,10754,1,69,2,619),
	(4,168,3,10754,1,69,2,620),
	(1,5,16,10597,1,69,2,621),
	(2,5,3,10597,1,69,2,622),
	(3,5,4,10597,1,49,2,623),
	(4,5,7,10597,1,49,2,624),
	(1,6,0,10598,1,69,2,625),
	(2,6,0,10598,1,69,2,626),
	(3,6,0,10598,1,49,2,627),
	(4,6,0,10598,1,49,2,628),
	(1,7,11,10599,1,69,2,629),
	(2,7,1,10599,1,69,2,630),
	(3,7,1,10599,1,49,2,631),
	(4,7,7,10599,1,49,2,632),
	(2,175,12,10760,1,69,2,633),
	(3,175,9,10760,1,69,2,634),
	(4,175,5,10760,1,69,2,635),
	(5,183,0,10765,1,7.75,2,636),
	(5,185,0,10769,1,7.75,2,637),
	(6,193,2,10781,1,5,2,638),
	(8,199,0,10784,1,3.88,2,639),
	(8,204,0,10788,1,3.88,2,640),
	(6,204,1,10788,1,5,2,641),
	(6,181,0,10791,1,5,2,642),
	(6,186,2,10792,1,5,2,643),
	(5,189,0,10771,1,7.75,2,644),
	(8,189,0,10771,1,7.75,2,645),
	(5,180,0,10773,4,7.75,2,646),
	(8,180,0,10773,3,7.75,2,647),
	(8,113,0,10783,1,3.88,2,648),
	(6,113,0,10783,1,5,2,649),
	(6,20,1,10790,1,5,2,650),
	(6,197,0,10794,1,5,2,651),
	(8,209,0,10796,2,3.88,2,652),
	(1,210,5,10797,1,69,2,653),
	(8,200,0,10798,1,3.88,2,654),
	(6,202,1,10799,1,5,2,655),
	(5,192,0,10779,3,7.75,2,656),
	(2,196,3,10787,1,69,2,657),
	(3,196,3,10787,1,69,2,658),
	(1,196,5,10787,1,69,2,659),
	(4,196,2,10787,1,69,2,660),
	(6,200,0,10798,2,5,2,661),
	(6,199,4,10800,1,5,2,662),
	(6,207,2,10805,1,5,2,663),
	(2,212,5,10806,1,69,2,664),
	(1,212,5,10806,1,69,2,665),
	(3,212,5,10806,1,69,2,666),
	(8,201,0,10786,1,3.88,2,667),
	(4,212,3,10806,1,69,2,668),
	(1,210,3,10807,1,69,2,669),
	(6,213,1,10809,1,5,2,670),
	(1,212,2,10810,1,69,2,671),
	(3,212,1,10810,1,69,2,672),
	(2,212,3,10810,1,69,2,673),
	(4,212,2,10810,1,69,2,674),
	(2,215,1,10812,1,69,2,675),
	(3,215,3,10812,1,69,2,676),
	(6,190,0,10793,1,5,2,677),
	(6,207,0,10804,1,5,2,678),
	(4,215,2,10812,1,69,2,679),
	(1,215,2,10812,1,69,2,680),
	(6,216,2,10813,1,5,2,681),
	(6,221,2,10814,1,5,2,682),
	(6,218,1,10815,1,5,2,683),
	(6,219,3,10816,1,5,2,684),
	(6,228,2,10818,1,5,2,685),
	(2,223,4,10822,1,69,2,686),
	(3,223,3,10822,1,69,2,687),
	(8,205,0,10795,6,3.88,2,688),
	(6,205,0,10795,5,5,2,689),
	(1,0,5,10817,1,69,2,690),
	(7,229,1,10820,1,5,2,691),
	(4,223,4,10822,1,69,2,692),
	(1,223,4,10822,1,69,2,693),
	(6,230,1,10823,1,5,2,694),
	(1,224,3,10824,1,69,2,695),
	(6,225,2,10825,1,5,2,696),
	(7,234,1,10826,1,5,2,697),
	(2,226,1,10827,1,69,2,698),
	(2,206,3,10801,1,69,2,699),
	(3,206,1,10801,1,69,2,700),
	(1,206,3,10801,1,69,2,701),
	(4,206,2,10801,1,69,2,702),
	(2,211,0,10802,1,69,2,703),
	(4,211,0,10802,1,69,2,704),
	(1,211,2,10802,1,69,2,705),
	(3,211,0,10802,1,69,2,706),
	(6,220,1,10808,2,5,2,707),
	(6,214,0,10811,1,5,2,708),
	(8,214,0,10811,1,3.88,2,709),
	(6,207,0,10803,1,5,2,710),
	(6,222,1,10819,1,5,2,711),
	(6,234,1,10826,1,5,2,712),
	(6,231,1,10828,1,5,2,713),
	(2,232,3,10830,1,69,2,714),
	(3,232,3,10830,1,69,2,715),
	(1,232,4,10830,1,69,2,716),
	(4,232,2,10830,1,69,2,717),
	(1,91,2,10834,1,69,2,718),
	(2,91,2,10836,1,69,2,719),
	(2,235,5,10838,1,69,2,720),
	(6,229,1,10820,1,5,2,721),
	(7,0,0,10821,1,5,2,722),
	(6,0,4,10821,1,5,2,723),
	(7,47,1,10829,1,5,2,724),
	(6,47,1,10829,1,5,2,725),
	(4,235,5,10838,1,69,2,726),
	(3,235,5,10838,1,69,2,727),
	(1,235,5,10838,1,69,2,728),
	(6,236,0,10839,1,5,2,729),
	(4,237,1,10840,1,69,2,730),
	(1,237,5,10840,1,69,2,731),
	(7,233,1,10831,1,5,2,732),
	(2,237,3,10840,1,69,2,733),
	(3,237,5,10840,1,69,2,734),
	(1,239,4,10841,1,69,2,735),
	(2,239,4,10841,1,69,2,736),
	(3,239,5,10841,1,69,2,737),
	(4,239,5,10841,1,69,2,738),
	(1,182,0,10843,1,69,2,739),
	(2,182,0,10844,1,69,2,740),
	(4,182,0,10846,1,69,2,741),
	(243,240,0,10847,1,2,2,742),
	(2,232,3,10832,1,69,2,743),
	(6,178,4,10833,3,5,2,744),
	(7,178,3,10833,2,5,2,745),
	(4,91,2,10835,1,69,2,746),
	(3,91,3,10837,1,69,2,747),
	(243,240,0,10848,1,2,2,748),
	(30,241,0,10849,1,2,2,749),
	(6,246,2,10851,1,5,2,750),
	(6,243,1,10852,1,5,2,751),
	(6,244,1,10854,1,5,2,752),
	(6,205,2,10856,1,5,2,753),
	(314,238,0,10842,1,2,2,754),
	(6,238,2,10842,1,5,2,755),
	(3,182,0,10845,1,69,2,756),
	(6,242,3,10850,1,5,2,757),
	(6,247,1,10853,1,5,2,758),
	(6,248,1,10855,1,5,2,759),
	(3,249,3,10857,1,69,2,760),
	(1,249,5,10857,1,69,2,761),
	(6,140,1,10858,1,5,2,762),
	(6,253,1,10859,1,5,2,763),
	(6,245,1,10861,3,5,2,764),
	(3,254,2,10860,1,69,2,765),
	(4,254,2,10860,1,69,2,766),
	(1,254,5,10860,1,69,2,767),
	(2,254,2,10860,1,69,2,768),
	(6,255,1,10863,1,5,2,769),
	(1,250,3,10864,1,69,2,770),
	(6,180,1,10865,1,5,2,771),
	(2,256,0,10869,1,69,2,772),
	(3,256,0,10869,1,69,2,773),
	(4,256,0,10869,1,69,2,774),
	(1,256,0,10869,1,69,2,775),
	(6,258,1,10862,1,5,2,776),
	(4,256,2,10870,1,69,2,777),
	(1,256,2,10870,1,69,2,778),
	(3,256,3,10870,1,69,2,779),
	(2,256,2,10870,1,69,2,780),
	(6,261,1,10871,1,5,2,781),
	(4,262,5,10872,1,69,2,782),
	(6,257,1,10873,1,5,2,783),
	(6,183,2,10875,1,5,2,784),
	(4,259,5,10877,1,69,2,785),
	(3,259,3,10877,1,69,2,786),
	(7,176,2,10866,1,5,2,787),
	(3,251,5,10867,1,69,2,788),
	(4,251,5,10867,1,69,2,789),
	(1,251,5,10867,1,69,2,790),
	(2,251,4,10867,1,69,2,791),
	(6,252,1,10868,1,5,2,792),
	(7,252,1,10868,1,5,2,793),
	(3,263,2,10874,1,69,2,794),
	(1,259,4,10877,1,69,2,795),
	(2,259,3,10877,1,69,2,796),
	(6,264,0,10878,1,5,2,797),
	(6,183,0,10876,1,5,2,798),
	(7,264,0,10878,1,5,2,799),
	(402,266,0,10881,3,30,2,800),
	(402,269,0,10883,1,30,2,801),
	(402,0,0,10884,1,30,2,802),
	(402,0,0,10885,1,0,2,803),
	(402,0,0,10886,1,0,2,804),
	(402,266,0,10888,2,0,2,805),
	(4,262,2,10889,1,69,2,806),
	(6,272,1,10890,1,5,2,807),
	(6,265,1,10879,1,5,2,808),
	(7,265,1,10879,1,5,2,809),
	(1,199,5,10880,1,69,2,810),
	(3,199,5,10880,1,69,2,811),
	(2,199,3,10880,1,69,2,812),
	(4,199,5,10880,1,69,2,813),
	(6,260,1,10882,5,5,2,814),
	(6,0,1,11091,1,5,2,815),
	(6,274,1,10892,1,5,2,816),
	(1,267,1,10894,1,69,2,817),
	(1,0,4,10895,1,69,2,818),
	(1,267,5,10891,1,69,2,819),
	(2,267,3,10891,1,69,2,820),
	(3,267,2,10891,1,69,2,821),
	(4,267,3,10891,1,69,2,822),
	(1,235,0,10896,1,69,2,823),
	(4,235,5,10896,1,69,2,824),
	(2,235,2,10896,1,69,2,825),
	(3,235,1,10896,1,69,2,826),
	(1,271,4,10899,1,69,2,827),
	(3,271,5,10899,1,69,2,828),
	(6,268,1,10893,1,5,2,829),
	(7,268,1,10893,1,5,2,830),
	(2,0,3,10897,1,69,2,831),
	(2,271,4,10899,1,69,2,832),
	(4,271,3,10899,1,69,2,833),
	(4,199,3,10900,1,69,2,834),
	(7,180,1,10901,1,5,2,835),
	(421,275,0,10902,1,20,2,836),
	(3,149,5,10903,1,15,2,837),
	(4,149,2,10903,1,15,2,838),
	(2,149,3,10903,1,15,2,839),
	(3,270,0,10898,1,69,2,840),
	(6,270,0,10898,1,5,2,841),
	(1,270,0,10898,1,69,2,842),
	(2,270,0,10898,1,69,2,843),
	(4,270,1,10898,1,69,2,844),
	(1,149,3,10903,1,15,2,845),
	(435,273,0,10905,1,20,2,846),
	(459,276,0,10906,1,20,2,847),
	(428,276,0,10906,1,20,2,848),
	(405,276,0,10906,1,20,2,849),
	(460,277,0,10908,1,5,2,850),
	(460,286,0,10909,1,5,2,851),
	(435,273,0,10904,1,20,2,852),
	(6,281,1,10907,1,5,2,853),
	(7,281,1,10907,1,5,2,854),
	(460,287,0,10910,1,5,2,855),
	(460,280,0,10913,1,5,2,856),
	(460,56,0,10915,1,5,2,857),
	(460,283,0,10916,1,5,2,858),
	(460,284,0,10918,1,5,2,859),
	(460,285,0,10920,1,5,2,860),
	(460,290,0,10921,1,5,2,861),
	(460,192,0,10925,2,5,2,862),
	(460,294,0,10926,1,5,2,863),
	(460,295,0,10927,1,5,2,864),
	(460,278,0,10911,1,5,2,865),
	(460,235,0,10914,1,5,2,866),
	(460,288,0,10917,1,5,2,867),
	(460,289,0,10919,1,5,2,868),
	(3,293,0,10924,1,15,2,869),
	(4,293,0,10924,1,15,2,870),
	(1,293,5,10924,1,15,2,871),
	(2,293,0,10924,1,15,2,872),
	(460,298,0,10936,1,5,2,873),
	(460,303,0,10937,1,5,2,874),
	(460,304,0,10938,1,5,2,875),
	(460,299,0,10940,1,5,2,876),
	(460,306,0,10942,1,5,2,877),
	(460,279,0,10912,1,5,2,878),
	(460,291,0,10922,1,5,2,879),
	(460,292,0,10923,1,5,2,880),
	(460,282,0,10935,1,5,2,881),
	(460,300,0,10944,1,5,2,882),
	(460,311,0,10945,1,5,2,883),
	(460,308,0,10948,1,5,2,884),
	(460,313,0,10950,1,5,2,885),
	(460,317,0,10953,1,5,2,886),
	(460,314,0,10954,1,5,2,887),
	(460,149,0,10958,1,5,2,888),
	(460,319,0,10959,1,5,2,889),
	(460,322,0,10962,1,5,2,890),
	(460,140,0,10928,1,5,2,891),
	(460,296,0,10929,1,5,2,892),
	(460,297,0,10930,1,5,2,893),
	(460,199,0,10931,1,5,2,894),
	(2,302,2,10932,1,15,2,895),
	(460,227,0,10939,1,5,2,896),
	(460,305,0,10941,1,5,2,897),
	(460,276,0,10943,1,5,2,898),
	(460,307,0,10947,1,5,2,899),
	(460,309,0,10949,1,5,2,900),
	(460,316,0,10952,1,5,2,901),
	(460,327,0,10963,1,5,2,902),
	(460,12,0,10966,1,5,2,903),
	(3,302,5,10933,1,15,2,904),
	(4,302,4,10933,1,15,2,905),
	(1,302,2,10933,1,15,2,906),
	(460,183,0,10934,1,5,2,907),
	(460,312,0,10946,1,5,2,908),
	(460,310,0,10951,1,5,2,909),
	(460,318,0,10955,1,5,2,910),
	(460,326,0,10961,1,5,2,911),
	(460,331,0,10965,1,5,2,912),
	(460,336,0,10969,1,5,2,913),
	(460,219,0,10970,1,5,2,914),
	(460,341,0,10971,1,5,2,915),
	(6,342,1,10972,1,5,2,916),
	(460,315,0,10956,1,5,2,917),
	(460,325,0,10968,1,5,2,918),
	(460,330,0,10973,1,5,2,919),
	(460,332,0,10977,1,5,2,920),
	(460,337,0,10979,1,5,2,921),
	(460,334,0,10981,1,5,2,922),
	(460,335,0,10982,1,5,2,923),
	(460,338,0,10983,1,5,2,924),
	(460,340,0,10986,1,5,2,925),
	(460,348,0,10991,1,5,2,926),
	(437,349,0,10992,1,20,2,927),
	(454,349,0,10992,1,20,2,928),
	(436,349,0,10992,1,20,2,929),
	(460,321,0,10957,1,5,2,930),
	(460,320,0,10960,1,5,2,931),
	(460,323,0,10964,1,5,2,932),
	(460,324,0,10967,1,5,2,933),
	(460,346,0,10975,1,5,2,934),
	(460,150,0,10976,1,5,2,935),
	(460,343,0,10980,1,5,2,936),
	(460,351,0,10984,1,5,2,937),
	(460,344,0,10988,1,5,2,938),
	(460,347,0,10990,1,5,2,939),
	(460,362,0,10995,1,5,2,940),
	(460,366,0,10996,1,5,2,941),
	(460,363,0,10998,1,5,2,942),
	(460,329,0,10974,1,5,2,943),
	(460,333,0,10978,1,5,2,944),
	(460,339,0,10985,1,5,2,945),
	(460,352,0,10987,1,5,2,946),
	(460,345,0,10989,1,5,2,947),
	(460,350,0,10993,1,5,2,948),
	(460,367,0,10999,1,5,2,949),
	(460,105,0,11002,1,5,2,950),
	(460,364,0,11003,1,5,2,951),
	(460,359,0,11005,1,5,2,952),
	(6,355,0,11006,1,5,2,953),
	(379,355,0,11006,1,2,2,954),
	(460,361,0,10994,1,5,2,955),
	(460,357,2,10997,1,5,2,956),
	(460,353,1,11000,1,5,2,957),
	(460,368,0,11007,1,5,2,958),
	(460,360,0,11008,1,5,2,959),
	(460,376,0,11012,1,5,2,960),
	(460,381,0,11014,1,5,2,961),
	(460,382,0,11016,1,5,2,962),
	(460,377,0,11019,1,5,2,963),
	(460,301,4,11022,1,5,2,964),
	(460,144,0,11027,1,5,2,965),
	(460,147,0,11029,1,5,2,966),
	(460,354,0,11001,1,5,2,967),
	(460,358,0,11004,1,5,2,968),
	(2,358,2,11004,1,15,2,969),
	(4,358,1,11004,1,15,2,970),
	(1,358,3,11004,1,15,2,971),
	(3,358,3,11004,1,15,2,972),
	(460,365,0,11015,1,5,2,973),
	(460,383,0,11020,1,5,2,974),
	(460,85,0,11026,1,5,2,975),
	(460,385,0,11032,1,5,2,976),
	(460,385,0,11033,1,5,2,977),
	(460,371,1,11009,1,5,2,978),
	(460,369,0,11010,1,5,2,979),
	(460,124,0,11011,1,5,2,980),
	(460,372,0,11013,1,5,2,981),
	(460,370,0,11017,1,5,2,982),
	(460,373,0,11018,1,5,2,983),
	(460,374,0,11021,1,5,2,984),
	(460,378,1,11023,1,5,2,985),
	(460,379,3,11024,1,5,2,986),
	(460,375,0,11025,1,5,2,987),
	(460,384,0,11028,1,5,2,988),
	(460,380,0,11030,1,5,2,989),
	(460,380,0,11031,1,5,2,990),
	(460,393,1,11039,1,5,2,991),
	(460,394,0,11040,1,5,2,992),
	(460,395,1,11041,1,5,2,993),
	(460,131,0,11042,1,5,2,994),
	(6,396,2,11043,1,5,2,995),
	(460,397,0,11045,1,5,2,996),
	(460,388,0,11046,1,5,2,997),
	(460,389,0,11048,1,5,2,998),
	(460,410,0,11053,1,5,2,999),
	(460,385,0,11034,1,5,2,1000),
	(460,391,2,11036,1,5,2,1001),
	(460,386,0,11038,1,5,2,1002),
	(460,406,2,11052,1,5,2,1003),
	(460,349,0,11054,1,5,2,1004),
	(460,328,1,11055,1,5,2,1005),
	(460,401,0,11057,1,5,2,1006),
	(460,407,1,11058,1,5,2,1007),
	(460,403,0,11060,1,5,2,1008),
	(460,403,2,11061,1,5,2,1009),
	(460,413,0,11063,1,5,2,1010),
	(460,390,0,11035,1,5,2,1011),
	(1,400,5,11050,1,15,2,1012),
	(4,400,1,11050,1,15,2,1013),
	(2,400,3,11050,1,15,2,1014),
	(3,400,1,11050,1,15,2,1015),
	(460,404,2,11064,1,5,2,1016),
	(460,408,0,11065,1,5,2,1017),
	(460,414,1,11066,1,5,2,1018),
	(460,409,1,11067,1,5,2,1019),
	(460,418,2,11069,1,5,2,1020),
	(454,327,0,11071,1,20,2,1021),
	(460,392,1,11037,1,5,2,1022),
	(460,387,0,11044,1,5,2,1023),
	(460,398,0,11047,1,5,2,1024),
	(460,399,1,11049,1,5,2,1025),
	(460,405,1,11051,1,5,2,1026),
	(460,402,0,11059,1,5,2,1027),
	(428,327,0,11071,1,20,2,1028),
	(6,426,1,11095,1,5,2,1029),
	(2,411,5,11073,1,15,2,1030),
	(4,411,2,11073,1,15,2,1031),
	(1,411,5,11073,1,15,2,1032),
	(2,349,0,11056,1,15,2,1033),
	(3,349,0,11056,1,15,2,1034),
	(4,349,0,11056,1,15,2,1035),
	(1,349,2,11056,1,15,2,1036),
	(460,417,1,11068,1,5,2,1037),
	(460,419,1,11070,1,5,2,1038),
	(438,420,0,11074,1,20,2,1039),
	(3,150,3,11076,1,15,2,1040),
	(1,150,4,11076,1,15,2,1041),
	(4,150,4,11076,1,15,2,1042),
	(2,150,5,11076,1,15,2,1043),
	(460,41,2,11062,1,5,2,1044),
	(2,429,0,11098,1,15,2,1045),
	(3,429,0,11098,1,15,2,1046),
	(463,346,0,11100,1,10,2,1047),
	(463,424,0,11101,1,10,2,1048),
	(1,399,2,11106,1,15,2,1049),
	(6,345,0,11083,2,5,2,1050),
	(461,345,0,11083,2,5,2,1051),
	(461,412,1,11085,1,5,2,1052),
	(1,416,2,11087,1,15,2,1053),
	(2,416,2,11087,1,15,2,1054),
	(3,411,0,11073,1,15,2,1055),
	(3,416,2,11087,1,15,2,1056),
	(4,416,2,11087,1,15,2,1057),
	(1,423,2,11089,1,15,2,1058),
	(2,423,2,11089,1,15,2,1059),
	(3,423,2,11089,1,15,2,1060),
	(4,423,2,11089,1,15,2,1061),
	(1,421,5,11093,1,15,2,1062),
	(2,421,5,11093,1,15,2,1063),
	(3,421,4,11093,1,15,2,1064),
	(4,421,4,11093,1,15,2,1065),
	(6,0,0,11092,1,5,2,1066),
	(461,217,11,11096,1,5,2,1067),
	(1,421,3,11097,1,15,2,1068),
	(461,0,3,11099,1,5,2,1069),
	(463,149,0,11102,1,10,2,1070),
	(463,140,0,11104,1,10,2,1071),
	(463,338,0,11107,1,10,2,1072),
	(463,360,0,11109,1,10,2,1073),
	(463,321,0,11110,1,10,2,1074),
	(6,179,1,11113,1,5,2,1075),
	(463,301,0,11115,1,10,2,1076),
	(4,427,3,11116,1,15,2,1077),
	(4,422,1,11088,1,15,2,1078),
	(1,422,4,11088,1,15,2,1079),
	(2,422,4,11088,1,15,2,1080),
	(3,422,3,11088,1,15,2,1081),
	(463,430,0,11117,1,10,2,1082),
	(461,430,0,11118,1,5,2,1083),
	(463,431,0,11121,1,10,2,1084),
	(463,232,0,11122,1,10,2,1085),
	(463,25,0,11126,1,10,2,1086),
	(463,441,0,11131,1,10,2,1087),
	(463,289,1,11133,1,10,2,1088),
	(2,415,1,11084,1,15,2,1089),
	(1,415,2,11084,1,15,2,1090),
	(3,415,1,11084,1,15,2,1091),
	(4,415,1,11084,1,15,2,1092),
	(1,422,0,11094,1,15,2,1093),
	(463,433,0,11112,1,10,2,1094),
	(1,436,2,11135,1,15,2,1095),
	(4,436,1,11135,1,15,2,1096),
	(2,436,3,11135,1,15,2,1097),
	(3,436,2,11135,1,15,2,1098),
	(463,437,0,11136,1,10,2,1099),
	(1,425,5,11086,1,15,2,1100),
	(2,425,5,11086,1,15,2,1101),
	(3,425,2,11086,1,15,2,1102),
	(4,425,2,11086,1,15,2,1103),
	(463,379,5,11103,1,10,2,1104),
	(463,183,0,11105,1,10,2,1105),
	(1,400,2,11114,1,15,2,1106),
	(463,440,0,11128,1,10,2,1107),
	(463,244,0,11139,1,10,2,1108),
	(463,448,0,11140,1,10,2,1109),
	(463,449,0,11142,1,10,2,1110),
	(3,399,2,11106,1,15,2,1111),
	(2,399,2,11106,1,15,2,1112),
	(4,399,4,11106,1,15,2,1113),
	(2,150,2,11108,1,15,2,1114),
	(6,274,2,11111,1,5,2,1115),
	(6,444,1,11145,1,5,2,1116),
	(7,444,1,11145,1,5,2,1117),
	(463,445,0,11147,1,10,2,1118),
	(461,445,0,11148,1,5,2,1119),
	(463,452,0,11150,1,10,2,1120),
	(2,453,3,11151,1,15,2,1121),
	(463,428,0,11119,1,10,2,1122),
	(463,292,0,11120,1,10,2,1123),
	(461,432,0,11123,1,5,2,1124),
	(463,432,0,11123,1,10,2,1125),
	(463,438,0,11127,1,10,2,1126),
	(463,434,0,11129,1,10,2,1127),
	(7,435,1,11130,1,5,2,1128),
	(6,435,1,11130,1,5,2,1129),
	(463,404,0,11138,1,10,2,1130),
	(3,453,4,11151,1,15,2,1131),
	(4,453,3,11151,1,15,2,1132),
	(1,453,4,11151,1,15,2,1133),
	(463,329,2,11124,1,10,2,1134),
	(463,381,0,11125,1,10,2,1135),
	(463,297,0,11132,1,10,2,1136),
	(461,297,0,11132,1,5,2,1137),
	(463,359,0,11134,1,10,2,1138),
	(2,443,1,11137,1,15,2,1139),
	(1,443,3,11137,1,15,2,1140),
	(4,443,0,11137,1,15,2,1141),
	(3,443,0,11137,1,15,2,1142),
	(463,442,0,11141,1,10,2,1143),
	(463,439,2,11143,1,10,2,1144),
	(463,297,0,11144,1,10,2,1145),
	(463,41,1,11152,1,10,2,1146),
	(463,446,1,11153,1,10,2,1147),
	(463,277,0,11155,1,10,2,1148),
	(463,447,1,11157,1,10,2,1149),
	(463,463,0,11164,1,10,2,1150),
	(463,468,0,11165,1,10,2,1151),
	(463,461,0,11169,1,10,2,1152),
	(461,461,0,11170,1,5,2,1153),
	(463,334,1,11172,1,10,2,1154),
	(463,326,0,11173,1,10,2,1155),
	(463,450,1,11146,1,10,2,1156),
	(463,451,0,11149,1,10,2,1157),
	(463,443,0,11174,1,10,2,1158),
	(463,320,0,11176,1,10,2,1159),
	(461,466,2,11180,1,5,2,1160),
	(461,469,0,11181,1,5,2,1161),
	(2,470,3,11184,1,15,2,1162),
	(4,470,1,11184,1,15,2,1163),
	(1,470,2,11184,1,15,2,1164),
	(3,470,2,11184,1,15,2,1165),
	(1,171,3,11185,1,15,2,1166),
	(463,458,0,11154,1,10,2,1167),
	(463,454,0,11160,1,10,2,1168),
	(463,455,0,11161,1,10,2,1169),
	(461,456,0,11162,1,5,2,1170),
	(463,456,0,11162,1,10,2,1171),
	(463,459,2,11166,1,10,2,1172),
	(463,319,0,11167,1,10,2,1173),
	(463,460,0,11168,1,10,2,1174),
	(463,465,1,11178,1,10,2,1175),
	(3,302,1,11183,1,15,2,1176),
	(6,467,1,11186,1,5,2,1177),
	(463,303,0,11156,1,10,2,1178),
	(463,344,2,11158,1,10,2,1179),
	(463,382,0,11159,1,10,2,1180),
	(463,457,0,11163,1,10,2,1181),
	(463,366,0,11171,1,10,2,1182),
	(3,302,3,11175,1,15,2,1183),
	(463,464,0,11177,1,10,2,1184),
	(461,462,1,11179,1,5,2,1185),
	(461,469,0,11182,1,5,2,1186),
	(3,171,2,11185,1,15,2,1187),
	(2,171,5,11185,1,15,2,1188),
	(4,171,2,11185,1,15,2,1189),
	(464,0,2,11189,1,10,2,1190),
	(3,472,3,11191,1,15,2,1191),
	(1,472,2,11191,1,15,2,1192),
	(2,472,3,11191,1,15,2,1193),
	(4,472,2,11191,1,15,2,1194),
	(464,474,8,11192,1,10,2,1195),
	(464,448,0,11193,1,10,2,1196),
	(464,336,2,11195,1,10,2,1197),
	(6,476,1,11197,1,5,2,1198),
	(461,477,1,11199,1,5,2,1199),
	(2,473,2,11187,1,15,2,1200),
	(3,473,2,11187,1,15,2,1201),
	(4,473,2,11187,1,15,2,1202),
	(1,473,2,11187,1,15,2,1203),
	(464,0,2,11190,1,10,2,1204),
	(464,477,1,11199,1,10,2,1205),
	(6,478,1,11200,1,5,2,1206),
	(461,480,6,11202,1,5,2,1207),
	(464,480,3,11203,1,10,2,1208),
	(461,481,0,11205,1,5,2,1209),
	(6,483,1,11208,1,5,2,1210),
	(2,356,2,11188,1,15,2,1211),
	(4,479,2,11201,1,15,2,1212),
	(1,482,0,11207,1,15,2,1213),
	(2,482,0,11207,1,15,2,1214),
	(4,482,0,11207,1,15,2,1215),
	(3,482,0,11207,1,15,2,1216),
	(7,488,1,11211,1,5,2,1217),
	(6,484,1,11212,1,5,2,1218),
	(6,471,1,11213,10,5,2,1219),
	(464,485,0,11216,1,10,2,1220),
	(421,499,0,11221,1,20,2,1221),
	(464,445,0,11194,1,10,2,1222),
	(464,475,6,11196,1,10,2,1223),
	(4,482,0,11209,2,15,2,1224),
	(461,482,0,11209,1,5,2,1225),
	(3,482,3,11209,1,15,2,1226),
	(2,482,5,11209,1,15,2,1227),
	(461,496,3,11218,1,5,2,1228),
	(438,499,0,11221,2,20,2,1229),
	(6,494,2,11223,1,5,2,1230),
	(402,491,0,11224,1,20,2,1231),
	(454,491,0,11224,1,20,2,1232),
	(3,453,0,11198,1,15,2,1233),
	(6,489,1,11217,1,5,2,1234),
	(7,490,1,11220,1,5,2,1235),
	(432,491,0,11224,1,20,2,1236),
	(373,503,2,11226,1,10,2,1237),
	(6,495,1,11227,1,5,2,1238),
	(464,506,1,11230,1,10,2,1239),
	(431,96,0,11249,1,20,2,1240),
	(6,500,0,11236,2,5,2,1241),
	(6,501,1,11238,1,5,2,1242),
	(6,502,1,11240,3,5,2,1243),
	(461,148,2,11204,1,5,2,1244),
	(464,148,2,11204,1,10,2,1245),
	(6,148,1,11204,1,5,2,1246),
	(461,487,2,11210,1,5,2,1247),
	(461,278,2,11214,1,5,2,1248),
	(436,492,0,11215,1,20,2,1249),
	(461,498,5,11228,1,5,2,1250),
	(6,505,1,11241,1,5,2,1251),
	(7,505,1,11241,1,5,2,1252),
	(461,481,2,11206,1,5,2,1253),
	(465,110,1,11264,1,0,2,1254),
	(464,498,4,11235,1,10,2,1255),
	(6,500,1,11237,2,5,2,1256),
	(7,504,1,11239,1,5,2,1257),
	(6,486,1,11219,1,5,2,1258),
	(6,493,1,11222,1,5,2,1259),
	(461,497,4,11225,1,5,2,1260),
	(464,498,0,11234,1,10,2,1261),
	(7,272,1,11229,1,5,2,1262),
	(6,507,2,11233,1,5,2,1263),
	(465,511,0,11263,1,0,2,1264),
	(465,526,1,11306,1,0,2,1265),
	(465,540,1,11321,1,0,2,1266),
	(465,547,0,11327,1,0,2,1267),
	(464,545,1,11329,1,10,2,1268),
	(461,545,2,11329,1,5,2,1269),
	(7,429,1,11334,1,5,2,1270),
	(465,123,2,11284,1,0,2,1271),
	(465,524,1,11287,1,0,2,1272),
	(465,199,0,11288,1,0,2,1273),
	(465,127,0,11290,1,0,2,1274),
	(465,521,3,11300,1,0,2,1275),
	(465,450,0,11303,1,0,2,1276),
	(6,535,1,11317,1,5,2,1277),
	(461,546,2,11323,1,5,2,1278),
	(464,546,3,11323,1,10,2,1279),
	(465,429,1,11334,1,0,2,1280),
	(465,527,1,11307,1,0,2,1281),
	(461,528,1,11309,1,5,2,1282),
	(464,528,3,11309,1,10,2,1283),
	(465,554,0,11335,2,0,2,1284),
	(465,548,1,11336,1,0,2,1285),
	(465,0,0,11337,1,0,2,1286),
	(461,0,0,11337,1,5,2,1287),
	(464,0,0,11337,1,10,2,1288),
	(6,0,0,11337,1,5,2,1289),
	(465,549,1,11343,1,0,2,1290),
	(465,544,5,11344,1,0,2,1291),
	(224,199,0,11311,1,2,2,1292),
	(311,199,0,11311,1,2,2,1293),
	(465,553,2,11333,1,0,2,1294),
	(6,0,0,11339,1,5,2,1295),
	(7,182,1,11342,1,5,2,1296),
	(6,182,1,11342,1,5,2,1297),
	(465,556,1,11345,1,0,2,1298),
	(465,559,1,11349,1,0,2,1299),
	(421,332,0,11350,1,20,2,1300),
	(465,75,0,11351,1,0,2,1301),
	(461,560,0,11352,1,5,2,1302),
	(6,537,1,11318,1,5,2,1303),
	(402,543,0,11325,1,20,2,1304),
	(465,0,0,11338,1,0,2,1305),
	(461,0,0,11338,1,5,2,1306),
	(464,0,0,11338,1,10,2,1307),
	(6,0,0,11338,1,5,2,1308),
	(465,562,0,11354,1,0,2,1309),
	(465,563,1,11355,1,0,2,1310),
	(465,166,0,11356,1,0,2,1311),
	(461,542,4,11324,1,5,2,1312),
	(464,542,3,11324,1,10,2,1313),
	(465,492,0,11328,2,0,2,1314),
	(6,0,0,11340,1,5,2,1315),
	(6,551,2,11331,1,5,2,1316),
	(7,551,2,11331,1,5,2,1317),
	(437,242,0,11357,1,20,2,1318),
	(417,242,0,11357,1,20,2,1319),
	(459,242,0,11357,1,20,2,1320),
	(465,555,2,11341,1,0,2,1321),
	(6,555,4,11341,1,5,2,1322),
	(461,555,1,11341,1,5,2,1323),
	(464,555,1,11341,1,10,2,1324),
	(465,557,5,11346,1,0,2,1325),
	(465,542,1,11347,1,0,2,1326),
	(434,558,0,11348,1,20,2,1327),
	(464,560,0,11352,1,10,2,1328),
	(465,561,4,11353,1,0,2,1329);

/*!40000 ALTER TABLE `purchasesForUser` ENABLE KEYS */;
UNLOCK TABLES;


# Dump of table site
# ------------------------------------------------------------

DROP TABLE IF EXISTS `site`;

CREATE TABLE `site` (
  `site_id` int(11) NOT NULL AUTO_INCREMENT,
  `siteName` varchar(60) NOT NULL,
  `siteDescription` text,
  `googleCode` varchar(60) DEFAULT NULL,
  `keywords` varchar(250) DEFAULT NULL,
  `siteURL` varchar(250) DEFAULT NULL,
  PRIMARY KEY (`site_id`)
) ENGINE=InnoDB DEFAULT CHARSET=latin1;

LOCK TABLES `site` WRITE;
/*!40000 ALTER TABLE `site` DISABLE KEYS */;

INSERT INTO `site` (`site_id`, `siteName`, `siteDescription`, `googleCode`, `keywords`, `siteURL`)
VALUES
	(1,'Renal Dietitians (RPG)','Mission - Empowering members to be the nation\'s leaders in nephrology nutrition.Vision - RPG members are a valued source of expertise in nephrology nutrition.Strategic Plan 2012 - 2017To be a premiere source of nephrology nutritionProvide relevant clinical resources, valued initiative and programs to engage a diverse membershipEnhance and promote the development of innovative resources for membershipSupport members in professional development endeavors and career ladder progressionAdapt and respond to current and future societal trends impacting the nephrology communityEmbrace new technologies for communication and educationProvide resources to encompass changing societal demographics and improve our membership\'s cultural and behavior change competenciesPromote advocacy of nephrology nutrition issuesAdvocate for nephrology nutrition issuesSupport research and resources impacting nephrology nutritionDevelop relationships with organizations to maximize collaborations on nephrology related concernsInform and engage our membership on public policy issues impacting nephrology','UA-38112684-1','RPG, Renal Dietitians, Renal Practice Group, Renal Nutrition, Kidney RDs','2721west.com');

/*!40000 ALTER TABLE `site` ENABLE KEYS */;
UNLOCK TABLES;


# Dump of table siteConfiguration
# ------------------------------------------------------------

DROP TABLE IF EXISTS `siteConfiguration`;

CREATE TABLE `siteConfiguration` (
  `site_id` int(11) unsigned NOT NULL AUTO_INCREMENT,
  `Ads` int(11) DEFAULT NULL,
  `News` int(11) DEFAULT NULL,
  `Search` int(11) DEFAULT NULL,
  PRIMARY KEY (`site_id`)
) ENGINE=InnoDB DEFAULT CHARSET=latin1;

LOCK TABLES `siteConfiguration` WRITE;
/*!40000 ALTER TABLE `siteConfiguration` DISABLE KEYS */;

INSERT INTO `siteConfiguration` (`site_id`, `Ads`, `News`, `Search`)
VALUES
	(1,1,1,1);

/*!40000 ALTER TABLE `siteConfiguration` ENABLE KEYS */;
UNLOCK TABLES;


# Dump of table social
# ------------------------------------------------------------

DROP TABLE IF EXISTS `social`;

CREATE TABLE `social` (
  `social_id` int(11) unsigned NOT NULL AUTO_INCREMENT,
  `facebook_url` varchar(250) DEFAULT NULL,
  `twitter_url` varchar(250) DEFAULT NULL,
  `linkedin_url` varchar(250) DEFAULT NULL,
  `foursquare_url` varchar(250) DEFAULT NULL,
  `last_fm_url` varchar(250) DEFAULT NULL,
  `tumblr_url` varchar(250) DEFAULT NULL,
  `google_url` varchar(250) DEFAULT NULL,
  `pinterest_url` varchar(250) DEFAULT NULL,
  PRIMARY KEY (`social_id`)
) ENGINE=InnoDB DEFAULT CHARSET=latin1;

LOCK TABLES `social` WRITE;
/*!40000 ALTER TABLE `social` DISABLE KEYS */;

INSERT INTO `social` (`social_id`, `facebook_url`, `twitter_url`, `linkedin_url`, `foursquare_url`, `last_fm_url`, `tumblr_url`, `google_url`, `pinterest_url`)
VALUES
	(1,'http://facebook.com','http://twitter.com','http://linkedin.com','','','','http://googleplus.google.com',NULL);

/*!40000 ALTER TABLE `social` ENABLE KEYS */;
UNLOCK TABLES;


# Dump of table states
# ------------------------------------------------------------

DROP TABLE IF EXISTS `states`;

CREATE TABLE `states` (
  `state_id` int(10) unsigned NOT NULL AUTO_INCREMENT,
  `statename` varchar(45) NOT NULL,
  `code` varchar(3) NOT NULL,
  `country` varchar(25) NOT NULL,
  PRIMARY KEY (`state_id`),
  UNIQUE KEY `state_id_UNIQUE` (`state_id`),
  UNIQUE KEY `code_UNIQUE` (`code`)
) ENGINE=MyISAM DEFAULT CHARSET=latin1;

LOCK TABLES `states` WRITE;
/*!40000 ALTER TABLE `states` DISABLE KEYS */;

INSERT INTO `states` (`state_id`, `statename`, `code`, `country`)
VALUES
	(1,'Alabama','AL','USA'),
	(2,'Alaska','AK','USA'),
	(3,'Arizona','AZ','USA'),
	(4,'Arkansas','AR','USA'),
	(5,'California','CA','USA'),
	(6,'Colorado','CO','USA'),
	(7,'Connecticut','CT','USA'),
	(8,'Delaware','DE','USA'),
	(9,'District of Columbia','DC','USA'),
	(10,'Florida','FL','USA'),
	(11,'Georgia','GA','USA'),
	(12,'Hawaii','HI','USA'),
	(13,'Idaho','ID','USA'),
	(14,'Illinois','IL','USA'),
	(15,'Indiana','IN','USA'),
	(16,'Iowa','IA','USA'),
	(17,'Kansas','KS','USA'),
	(18,'Kentucky','KY','USA'),
	(19,'Louisiana','LA','USA'),
	(20,'Maine','ME','USA'),
	(21,'Maryland','MD','USA'),
	(22,'Massachusetts','MA','USA'),
	(23,'Michigan','MI','USA'),
	(24,'Minnesota','MN','USA'),
	(25,'Mississippi','MS','USA'),
	(26,'Missouri','MO','USA'),
	(27,'Montana','MT','USA'),
	(28,'Nebraska','NE','USA'),
	(29,'Nevada','NV','USA'),
	(30,'New Hampshire','NH','USA'),
	(31,'New Jersey','NJ','USA'),
	(32,'New Mexico','NM','USA'),
	(33,'New York','NY','USA'),
	(34,'North Carolina','NC','USA'),
	(35,'North Dakota','ND','USA'),
	(36,'Ohio','OH','USA'),
	(37,'Oklahoma','OK','USA'),
	(38,'Oregon','OR','USA'),
	(39,'Pennsylvania','PA','USA'),
	(40,'Rhode Island','RI','USA'),
	(41,'South Carolina','SC','USA'),
	(42,'South Dakota','SD','USA'),
	(43,'Tennessee','TN','USA'),
	(44,'Texas','TX','USA'),
	(45,'Utah','UT','USA'),
	(46,'Vermont','VT','USA'),
	(47,'Virginia','VA','USA'),
	(48,'Washington','WA','USA'),
	(49,'West Virginia','WV','USA'),
	(50,'Wisconsin','WI','USA'),
	(51,'Wyoming','WY','USA'),
	(52,'American Samoa','AS','USA'),
	(53,'Guam','GU','USA'),
	(54,'Northern Mariana Islands','MP','USA'),
	(55,'Puerto Rico','PR','USA'),
	(56,'Virgin Islands','VI','USA');

/*!40000 ALTER TABLE `states` ENABLE KEYS */;
UNLOCK TABLES;


# Dump of table subCats
# ------------------------------------------------------------

DROP TABLE IF EXISTS `subCats`;

CREATE TABLE `subCats` (
  `sub_id` int(11) unsigned NOT NULL AUTO_INCREMENT,
  `sub_name` varchar(60) DEFAULT NULL,
  `published` int(11) DEFAULT NULL,
  PRIMARY KEY (`sub_id`),
  KEY `sub_name` (`sub_name`)
) ENGINE=InnoDB DEFAULT CHARSET=latin1;

LOCK TABLES `subCats` WRITE;
/*!40000 ALTER TABLE `subCats` DISABLE KEYS */;

INSERT INTO `subCats` (`sub_id`, `sub_name`, `published`)
VALUES
	(41,'Vegan Diet',1),
	(43,'SVLPD - Supplemented Vegan Low Protein Diet',1),
	(44,'Ketoanalogues',1),
	(45,'Nutrition Assessment',1),
	(46,'Stage 5 CKD',1),
	(47,'Erin Ghaffari',1),
	(48,'Jennifer Moore',1),
	(49,'Roschelle Heuberger',1),
	(50,'Vitamin A Deficiency',1),
	(52,'CKD Stage 5 Case Study',1),
	(53,'MNT',1),
	(55,'CKD Stages 1-4',1),
	(56,'IDPN',1),
	(57,'Malnutrition CKD Stage 5',1),
	(58,'IDPN Initiation',1),
	(59,'Niacin',1),
	(60,'Hyperphosphatemia',1),
	(61,'NKDEP - National Kidney Disease Education Program',1),
	(62,'Home Dialysis',1),
	(63,'Nocturnal Dialysis',1),
	(64,'Phosphorus Status',1),
	(65,'Cardiovascular Disease',1),
	(67,'Vitamin D Supplementation',1),
	(68,'Elderly Population/Physical Function',1),
	(69,'Pediatric Population',1),
	(70,'RIFLE Classification',1),
	(71,'ARF',1),
	(72,'Oral Nutrition Supplementation',1),
	(73,'Hemodialysis',1),
	(74,'Eating Disorder Counseling',1),
	(75,'Ergocalciferol Overdose',1),
	(76,'Hemodialysis Case Study',1),
	(77,'Metabolic Syndrome',1),
	(78,'Cardiometabolic Risk',1),
	(79,'Nutrigenomics',1),
	(80,'Genetics',1),
	(81,'Micronutrients',1),
	(82,'Inflammation indicators',1),
	(83,'Antioxidants',1),
	(84,'Publication of Research - RD\'s',1),
	(85,'Concurrent Liver/Renal Failure',1),
	(86,'Interdialytic Weight Gains',1),
	(87,'Behavioral Change',1),
	(88,'Pediatric Renal Nutrition',1),
	(89,'Renal Tubular Dysfunction',1),
	(90,'FTT - Failure to Thrive',1),
	(91,'Media Relations',1),
	(92,'Interviewing Tips',1),
	(93,'Hidden Phosphorus',1),
	(94,'Phosphate Additives',1),
	(95,'MNT Case Study',1),
	(96,'Obesity',1),
	(97,'Diabetes',1),
	(98,'The Kidney Friendly Grocery Shelf',1),
	(99,'Alternative Medicine',1),
	(100,'Depression',1),
	(101,'Kidney Transplant',1),
	(102,'Evidence-Based Practice Webinars',1),
	(103,'Renal RDs',1),
	(104,'Dietetic Practice Groups',1),
	(105,'Megestrol Acetate',1),
	(106,'Anorexia',1),
	(107,'CKD Stage 5',1),
	(108,'Nutrition Intervention in CKD',1),
	(109,'RD Roundtable Discussions',1),
	(110,'K+ leaching',1),
	(111,'Tuberous Root Vegetables',1),
	(112,'2-day diet recalls',1),
	(113,'Prescribed vs. Actual Dietary Intake',1),
	(114,'How to Leach K+ From Tuberous Root Vegetables',1),
	(115,'IV Vitamin D Analogues',1),
	(116,'Parathyroidectomy',1),
	(117,'Secondary Hyperparathyroidism',1),
	(118,'Calciphylaxis',1),
	(119,'Leptin',1),
	(120,'Nutrition Intake',1),
	(121,'Vitamin and Mineral intake recommendations',1),
	(122,'Elderly Renal Nutrition',1),
	(123,'Botanicals',1),
	(124,'Herbal Supplements',1),
	(125,'Albumin Status',1),
	(126,'K+ status',1),
	(127,'Peritoneal Dialysis',1),
	(128,'MNT CKD Stages 1-5',1),
	(129,'Transplant',1),
	(130,'Dietary Supplement Recommendations',1),
	(132,'CKD Stages 1-5',1),
	(133,'Biotin Supplementation/Deficiency',1),
	(134,'Uremic Neurologic Disorders',1),
	(135,'Nutrient Intake',1),
	(136,'Elderly Hemodialysis population',1),
	(137,'Ethanol Intake and Medication Interactions',1),
	(138,'Ghrelin',1),
	(139,'Protein Energy Malnutrition',1),
	(140,'Evidence Based Guidelines',1),
	(141,'Fish Oil Supplementation',1),
	(142,'IgA Nephropathy',1),
	(143,'Appetite Stimulants',1),
	(144,'Anabolic Agents',1),
	(145,'Hemodialysis Population',1),
	(146,'Infection',1),
	(147,'Metabolic Acidosis',1),
	(148,'Clinical Outcomes',1),
	(149,'Nephrolithiasis',1),
	(150,'Nutrition Intervention ',1),
	(151,'Bone Metabolism',1),
	(152,'Lanthanum Carbonate',1),
	(153,'Obesity/Weight Control',1),
	(154,'Weight Loss Counseling',1),
	(155,'Assessing Readiness to Lose Weight',1),
	(156,'Oligosaccharides',1),
	(157,'Protein Sources',1),
	(158,'Health Outcomes',1),
	(159,'Lifestyle Interventions',1),
	(160,'DPP -Diabetes Prevention Program',1),
	(161,'Diverse Ethnic Populations',1),
	(162,'L-Carnitine',1),
	(163,'Homocysteine',1),
	(164,'Benefits of Exercise',1),
	(166,'TLC - Therapeutic Lifestyle Changes',1),
	(167,'Immune Response',1),
	(168,'Chronic Kidney Disease',1),
	(169,'Evidence Analysis Library',1),
	(170,'vegetarian',1),
	(171,'nutrition',1),
	(172,'kidney',1),
	(173,'Megan Antosik',1),
	(174,'Elizabeth Bancroft',1),
	(175,'Nicole Ng',1),
	(176,'Jessie Pavl',1),
	(177,'Joan Brookhyser Hogan',1),
	(178,'Serum phosphorus',1),
	(179,'binder medication',1),
	(180,'compliance',1),
	(181,'bracelet reminder',1),
	(182,'learning tool',1);

/*!40000 ALTER TABLE `subCats` ENABLE KEYS */;
UNLOCK TABLES;


# Dump of table subCatsForCat
# ------------------------------------------------------------

DROP TABLE IF EXISTS `subCatsForCat`;

CREATE TABLE `subCatsForCat` (
  `category_id` int(11) unsigned NOT NULL,
  `sub_id` int(11) DEFAULT NULL
) ENGINE=InnoDB DEFAULT CHARSET=latin1;

LOCK TABLES `subCatsForCat` WRITE;
/*!40000 ALTER TABLE `subCatsForCat` DISABLE KEYS */;

INSERT INTO `subCatsForCat` (`category_id`, `sub_id`)
VALUES
	(10,104),
	(10,161),
	(10,136),
	(10,145),
	(10,165),
	(10,69),
	(14,140),
	(14,106),
	(14,143),
	(14,87),
	(14,164),
	(14,78),
	(14,85),
	(14,100),
	(14,68),
	(14,75),
	(14,137),
	(14,90),
	(14,146),
	(14,82),
	(14,86),
	(14,147),
	(14,149),
	(14,96),
	(14,64),
	(14,117),
	(14,129),
	(14,134),
	(14,50),
	(11,164),
	(11,148),
	(11,160),
	(11,169),
	(11,140),
	(11,102),
	(11,158),
	(11,159),
	(11,91),
	(11,45),
	(11,150),
	(11,84),
	(11,109),
	(11,166),
	(3,106),
	(3,71),
	(3,151),
	(3,118),
	(3,78),
	(3,65),
	(3,168),
	(3,85),
	(3,97),
	(3,75),
	(3,90),
	(3,80),
	(3,62),
	(3,56),
	(3,142),
	(3,146),
	(3,82),
	(3,101),
	(3,77),
	(3,149),
	(3,61),
	(3,116),
	(3,127),
	(3,89),
	(3,117),
	(3,46),
	(3,129),
	(3,134),
	(3,50),
	(7,112),
	(7,143),
	(7,155),
	(7,74),
	(7,122),
	(7,86),
	(7,159),
	(7,135),
	(7,171),
	(7,45),
	(7,120),
	(7,150),
	(7,108),
	(7,96),
	(7,153),
	(7,72),
	(7,88),
	(7,139),
	(7,41),
	(7,170),
	(7,50),
	(7,121),
	(7,154),
	(8,168),
	(8,107),
	(8,52),
	(8,55),
	(8,132),
	(8,172),
	(8,128),
	(8,46),
	(13,136),
	(13,73),
	(13,76),
	(13,145),
	(13,165),
	(13,62),
	(13,172),
	(13,63),
	(13,127),
	(1,174),
	(1,47),
	(1,48),
	(1,176),
	(1,177),
	(1,173),
	(1,175),
	(1,49),
	(9,83),
	(9,123),
	(9,141),
	(9,138),
	(9,124),
	(9,93),
	(9,115),
	(9,110),
	(9,126),
	(9,162),
	(9,105),
	(9,81),
	(9,72),
	(9,94),
	(9,139),
	(9,178),
	(9,121),
	(9,67),
	(12,99),
	(12,164),
	(12,179),
	(12,181),
	(12,52),
	(12,130),
	(12,160),
	(12,114),
	(12,110),
	(12,101),
	(12,182),
	(12,159),
	(12,61),
	(12,135),
	(12,45),
	(12,120),
	(12,150),
	(12,108),
	(12,72),
	(12,116),
	(12,121),
	(12,67);

/*!40000 ALTER TABLE `subCatsForCat` ENABLE KEYS */;
UNLOCK TABLES;


# Dump of table userGroups
# ------------------------------------------------------------

DROP TABLE IF EXISTS `userGroups`;

CREATE TABLE `userGroups` (
  `group_id` int(11) NOT NULL AUTO_INCREMENT,
  `groupname` varchar(45) NOT NULL DEFAULT '',
  `position` int(11) DEFAULT NULL,
  PRIMARY KEY (`group_id`)
) ENGINE=InnoDB DEFAULT CHARSET=latin1;

LOCK TABLES `userGroups` WRITE;
/*!40000 ALTER TABLE `userGroups` DISABLE KEYS */;

INSERT INTO `userGroups` (`group_id`, `groupname`, `position`)
VALUES
	(1,'public',1),
	(2,'registered',2),
	(3,'staff',4),
	(4,'admin',5),
	(5,'super admin',6),
	(6,'Batman',200),
	(7,'Members',3);

/*!40000 ALTER TABLE `userGroups` ENABLE KEYS */;
UNLOCK TABLES;


# Dump of table userInGroups
# ------------------------------------------------------------

DROP TABLE IF EXISTS `userInGroups`;

CREATE TABLE `userInGroups` (
  `group_id` int(11) NOT NULL,
  `user_id` int(11) NOT NULL,
  KEY `user_id` (`user_id`)
) ENGINE=InnoDB DEFAULT CHARSET=latin1;

LOCK TABLES `userInGroups` WRITE;
/*!40000 ALTER TABLE `userInGroups` DISABLE KEYS */;

INSERT INTO `userInGroups` (`group_id`, `user_id`)
VALUES
	(6,1),
	(5,3),
	(5,4),
	(7,5),
	(7,6),
	(7,7),
	(7,8);

/*!40000 ALTER TABLE `userInGroups` ENABLE KEYS */;
UNLOCK TABLES;


# Dump of table users
# ------------------------------------------------------------

DROP TABLE IF EXISTS `users`;

CREATE TABLE `users` (
  `user_id` int(11) NOT NULL AUTO_INCREMENT,
  `first` varchar(30) DEFAULT NULL,
  `last` varchar(30) DEFAULT NULL,
  `password` varchar(65) NOT NULL,
  `email` varchar(250) NOT NULL,
  `guid` varchar(25) DEFAULT NULL,
  `last_login` datetime DEFAULT NULL,
  `created_on` datetime DEFAULT NULL,
  `prev_login` datetime DEFAULT NULL,
  `memberNumber` int(11) DEFAULT NULL,
  `active` tinyint(4) NOT NULL DEFAULT '1',
  PRIMARY KEY (`user_id`),
  UNIQUE KEY `email` (`email`),
  KEY `first` (`first`)
) ENGINE=InnoDB DEFAULT CHARSET=latin1;

LOCK TABLES `users` WRITE;
/*!40000 ALTER TABLE `users` DISABLE KEYS */;

INSERT INTO `users` (`user_id`, `first`, `last`, `password`, `email`, `guid`, `last_login`, `created_on`, `prev_login`, `memberNumber`, `active`)
VALUES
	(1,'Zack ','Davis','7deeee56ee67a4ef147f786737e5521e9817ce34','zack@2721west.com','4f3d2bc1dd1c48.62722795','2013-05-28 13:30:09','2012-04-27 16:21:53','2013-05-28 13:30:09',12345,1),
	(3,'Ajay','Shaw','174cdecda5e84e2077e281132dac508403e39551','ajaykshaw@gmail.com','5162ea3ab403a3.46590154','2013-04-08 11:05:48','2013-04-08 11:03:06','2013-04-08 11:05:48',54321,1),
	(4,'Melissa','Clemons','2f77983492eacb193601a1570e919a4fc519e105','melissa@webnoxious.com','516f0118c39197.45616096','2013-05-28 10:11:00','2013-04-17 15:07:52','2013-05-28 10:11:00',123456,0),
	(5,'Rebecca','Abbatiello','Abbatiello','rj_Abbatiello@yahoo.com','51802e7abf4c98.34632339',NULL,'2013-04-30 14:50:02',NULL,965790,1),
	(6,'Ann Watts','Abbott','Abbott','aabbott@davita.com','51802e7ac04fe2.33129420',NULL,'2013-04-30 14:50:02',NULL,422830,1),
	(7,'Lisa','Abbott','Abbott','laea_57@yahoo.com','51802e7ac0aca9.56803481',NULL,'2013-04-30 14:50:02',NULL,583318,1),
	(8,'firsttest','lasttest','d69e0e76893ab97b2eaa7bb1ea60a47a9f125e86','test@webnoxious.com','518809886c7aa9.09554579','2013-05-06 13:50:49','2013-05-06 13:50:32','2013-05-06 13:50:49',99999,0);

/*!40000 ALTER TABLE `users` ENABLE KEYS */;
UNLOCK TABLES;


# Dump of table userSalts
# ------------------------------------------------------------

DROP TABLE IF EXISTS `userSalts`;

CREATE TABLE `userSalts` (
  `user_id` int(11) unsigned NOT NULL,
  `salt` varchar(250) DEFAULT NULL,
  PRIMARY KEY (`user_id`)
) ENGINE=InnoDB DEFAULT CHARSET=latin1;

LOCK TABLES `userSalts` WRITE;
/*!40000 ALTER TABLE `userSalts` DISABLE KEYS */;

INSERT INTO `userSalts` (`user_id`, `salt`)
VALUES
	(1,'b32de679e7b74563104e231ea0b0f0ce2dff3b1e'),
	(3,'94c272a3a584378dba0fe33abfbd8ed40c33c019'),
	(4,'65fbe74292ad7980fdbd17aa8e65d0f66a258f50'),
	(5,'bb21c5ec43b884fc521db21ddfbd8b7f6b6ecbec'),
	(7,'7647cac8c4eb1a2d1a5db61ce1a4e066030fcbed'),
	(8,'f386acd8da9a77a8f6287cb8bb460ba48f291e6f');

/*!40000 ALTER TABLE `userSalts` ENABLE KEYS */;
UNLOCK TABLES;




# Replace placeholder table for articlesearch with correct view syntax
# ------------------------------------------------------------

DROP TABLE `articlesearch`;

CREATE ALGORITHM=UNDEFINED DEFINER=`twosevtw`@`localhost` SQL SECURITY DEFINER VIEW `articlesearch`
AS SELECT
   `a`.`article_title` AS `article_title`,
   `a`.`article_id` AS `article_id`,
   `a`.`description` AS `description`,
   `s`.`sub_name` AS `sub_name`
FROM ((`article` `A` left join `categoriesforarticle` `CA` on((`a`.`article_id` = `ca`.`article_id`))) left join `subcats` `S` on((`ca`.`category_id` = `s`.`sub_id`)));

/*!40111 SET SQL_NOTES=@OLD_SQL_NOTES */;
/*!40101 SET SQL_MODE=@OLD_SQL_MODE */;
/*!40014 SET FOREIGN_KEY_CHECKS=@OLD_FOREIGN_KEY_CHECKS */;
/*!40101 SET CHARACTER_SET_CLIENT=@OLD_CHARACTER_SET_CLIENT */;
/*!40101 SET CHARACTER_SET_RESULTS=@OLD_CHARACTER_SET_RESULTS */;
/*!40101 SET COLLATION_CONNECTION=@OLD_COLLATION_CONNECTION */;
